true_label,pred,target_label,pred_fw,fw_time,n_iteration_fw,dist_mean_fw,dist_max_fw,dist_min_fw,pred_fw_as,fw_as_time,n_iteration_fw_as,dist_mean_fw_as,dist_max_fw_as,dist_min_fw_as,pred_fw_pair,fw_pair_time,n_iteration_fw_pair,dist_mean_fw_pair,dist_max_fw_pair,dist_min_fw_pair,epsilon
1,1,5,5,0.7535457611083984,4,0.006133830174803734,0.009000062942504883,0.0009999275207519531,5,1.7026197910308838,2,0.007659814786165953,0.00991290807723999,0.00446707010269165,5,2.696100950241089,7,0.006718975491821766,0.010000109672546387,0.0014998912811279297,0.01
6,5,0,0,1.3822519779205322,7,0.005329197738319635,0.009642958641052246,0.00035703182220458984,0,3.24531888961792,4,0.009773301891982555,0.009997203946113586,0.009382784366607666,0,4.1200110912323,12,0.0060852994211018085,0.010000109672546387,0.000299990177154541,0.01
4,5,1,1,1.3694310188293457,7,0.005815048702061176,0.009642958641052246,0.00035703182220458984,1,3.304615020751953,4,0.008762565441429615,0.009999394416809082,0.006880581378936768,5,6.349081039428711,24,0.006829037796705961,0.010000228881835938,0.0014998912811279297,0.01
3,3,8,8,1.9872338771820068,10,0.007448520045727491,0.009818315505981445,0.0,8,3.9809467792510986,5,0.009067191742360592,0.009999796748161316,0.005620181560516357,7,6.998183965682983,24,0.007413935381919146,0.010000109672546387,0.0,0.01
3,5,6,6,0.5849020481109619,3,0.00437388988211751,0.008333355188369751,0.0016666650772094727,6,0.9763720035552979,1,0.0015599948819726706,0.0015600025653839111,0.0015599727630615234,6,1.013794183731079,1,0.0015599948819726706,0.0015600025653839111,0.0015599727630615234,0.01
4,4,1,1,4.765365123748779,24,0.007209375500679016,0.009966850280761719,3.314018249511719e-05,1,6.998707056045532,9,0.00814545713365078,0.01000000536441803,0.0027132630348205566,3,6.770956754684448,24,0.007607791107147932,0.010000109672546387,0.0003399848937988281,0.01
3,3,6,6,1.2014379501342773,6,0.007218624465167522,0.009523868560791016,0.0,6,2.523292303085327,3,0.007973602041602135,0.00999671220779419,0.0031232833862304688,6,6.323379993438721,23,0.008027903735637665,0.010000348091125488,0.002319931983947754,0.01
1,1,4,4,1.169158935546875,6,0.006053280085325241,0.009523868560791016,0.0,4,3.2471389770507812,4,0.006324965972453356,0.00999826192855835,0.00029252469539642334,3,6.439049005508423,24,0.007507756352424622,0.010000348091125488,0.0027196407318115234,0.01
3,3,5,5,0.3791537284851074,2,0.006666662637144327,0.006666690111160278,0.006666630506515503,5,0.953434944152832,1,0.004689994268119335,0.004690051078796387,0.004689991474151611,5,0.944915771484375,1,0.004689994268119335,0.004690051078796387,0.004689991474151611,0.01
1,1,4,4,1.3607218265533447,7,0.006883650552481413,0.009642958641052246,0.00035703182220458984,4,2.4876818656921387,3,0.00859434437006712,0.009997904300689697,0.00562208890914917,3,6.127958059310913,24,0.009624378755688667,0.010000348091125488,0.008779998868703842,0.01
8,8,1,1,0.38512516021728516,2,0.006666659377515316,0.006666690111160278,0.006666630506515503,1,0.9492490291595459,1,0.009689989499747753,0.009690046310424805,0.00968998670578003,1,0.9708867073059082,1,0.009689989499747753,0.009690046310424805,0.00968998670578003,0.01
6,6,5,5,0.4066128730773926,2,0.0066666617058217525,0.006666690111160278,0.006666630506515503,5,0.9238460063934326,1,0.008440002799034119,0.008440017700195312,0.008439987897872925,5,0.9691100120544434,1,0.008440002799034119,0.008440017700195312,0.008439987897872925,0.01
5,5,8,8,0.76556396484375,4,0.006334178615361452,0.009000062942504883,0.0009999275207519531,8,1.7585840225219727,2,0.008212516084313393,0.00993211567401886,0.005687888711690903,8,2.6354660987854004,7,0.00826304778456688,0.009999999776482582,0.005139999091625214,0.01
3,4,4,4,0.21516704559326172,1,0.0,0.0,0.0,4,0.20943522453308105,0,0.0,0.0,0.0,4,0.19215798377990723,0,0.0,0.0,0.0,0.01
4,4,2,2,0.3894658088684082,2,0.006666662637144327,0.006666690111160278,0.006666630506515503,2,0.954848051071167,1,0.0078099980019032955,0.0078100115060806274,0.007809996604919434,2,0.9495978355407715,1,0.0078099980019032955,0.0078100115060806274,0.007809996604919434,0.01
6,4,5,5,0.7705700397491455,4,0.0042974986135959625,0.009000062942504883,0.0009999275207519531,5,0.9654321670532227,1,0.0028100013732910156,0.0028100013732910156,0.002809997648000717,5,0.9678759574890137,1,0.0028100013732910156,0.0028100013732910156,0.002809997648000717,0.01
4,4,3,3,0.3848710060119629,2,0.0066666617058217525,0.006666690111160278,0.006666630506515503,3,0.9855999946594238,1,0.009689993225038052,0.009690046310424805,0.00968998670578003,3,0.9178171157836914,1,0.009689993225038052,0.009690046310424805,0.00968998670578003,0.01
3,3,2,2,0.6011888980865479,3,0.006185244768857956,0.008333355188369751,0.0016666650772094727,2,0.9650638103485107,1,0.009689988568425179,0.009690046310424805,0.00968998670578003,2,0.9528748989105225,1,0.009689988568425179,0.009690046310424805,0.00968998670578003,0.01
5,5,0,6,4.862796068191528,25,0.008218550123274326,0.009971678256988525,0.0,6,19.1822190284729,24,0.009569045156240463,0.01000000536441803,0.007013946771621704,6,6.50761079788208,24,0.007225262001156807,0.010000169277191162,0.0,0.01
5,5,6,6,0.7736809253692627,4,0.004159929230809212,0.009000062942504883,0.0009999275207519531,6,0.9467759132385254,1,0.0021899950224906206,0.0021900013089179993,0.0021899938583374023,6,0.944915771484375,1,0.0021899950224906206,0.0021900013089179993,0.0021899938583374023,0.01
3,2,7,7,1.1218769550323486,6,0.00672976765781641,0.009523868560791016,0.0,7,3.224238157272339,4,0.007237367797642946,0.009999841451644897,0.00029093027114868164,6,6.528033971786499,24,0.009289245121181011,0.010000169277191162,0.007019996643066406,0.01
5,6,2,2,4.705554962158203,24,0.006907252129167318,0.009966790676116943,3.319978713989258e-05,2,7.101027011871338,9,0.009828745387494564,0.01000000536441803,0.009379982948303223,6,6.654491901397705,24,0.006546461023390293,0.010000050067901611,0.0,0.01
4,4,6,6,0.3931121826171875,2,0.0066666617058217525,0.006666690111160278,0.006666630506515503,6,0.9414730072021484,1,0.0078099980019032955,0.0078100115060806274,0.007809996604919434,6,0.9582109451293945,1,0.0078099980019032955,0.0078100115060806274,0.007809996604919434,0.01
2,3,1,1,0.594433069229126,3,0.006041617598384619,0.008333355188369751,0.0016666650772094727,1,1.759270191192627,2,0.009754636324942112,0.009990394115447998,0.00938957929611206,1,2.75282883644104,7,0.009726973250508308,0.010000109672546387,0.00877988338470459,0.01
3,3,5,5,0.3942859172821045,2,0.006666662637144327,0.006666690111160278,0.006666630506515503,5,0.9694178104400635,1,0.009689992293715477,0.009690046310424805,0.00968998670578003,5,0.9630401134490967,1,0.009689992293715477,0.009690046310424805,0.00968998670578003,0.01
4,3,6,5,4.83353328704834,25,0.009498952887952328,0.009971678256988525,0.0,5,19.392162799835205,24,0.009720651432871819,0.01000000536441803,3.2782554626464844e-06,4,5.996604919433594,24,0.009815353900194168,0.010000467300415039,0.00877988338470459,0.01
3,4,2,2,0.3793809413909912,2,0.0066666631028056145,0.006666690111160278,0.006666630506515503,2,0.941504955291748,1,0.009689993225038052,0.009690001606941223,0.00968998670578003,2,0.9518780708312988,1,0.009689993225038052,0.009690001606941223,0.00968998670578003,0.01
3,3,5,5,0.3927187919616699,2,0.006666662637144327,0.006666690111160278,0.006666630506515503,5,0.9904999732971191,1,0.0078099980019032955,0.0078100115060806274,0.007809996604919434,5,0.96384596824646,1,0.0078099980019032955,0.0078100115060806274,0.007809996604919434,0.01
1,1,8,8,0.5882048606872559,3,0.005552274640649557,0.008333355188369751,0.0016666650772094727,8,1.7516789436340332,2,0.007302896585315466,0.009777113795280457,0.0041570961475372314,8,2.627295970916748,7,0.007282541133463383,0.009999999776482582,0.00391995906829834,0.01
4,4,0,0,4.919489145278931,25,0.00781930424273014,0.00996941328048706,0.0,0,7.927174806594849,10,0.009896215982735157,0.009999990463256836,0.00938001275062561,1,7.340555906295776,24,0.0067674159072339535,0.010000228881835938,9.995698928833008e-05,0.01
1,1,5,5,0.7871999740600586,4,0.006075344979763031,0.009000062942504883,0.0009999275207519531,5,1.7098119258880615,2,0.00774511368945241,0.00991290807723999,0.00446707010269165,5,2.6319949626922607,7,0.0067576090805232525,0.010000109672546387,0.0014999955892562866,0.01
5,4,2,2,0.5944921970367432,3,0.006305355578660965,0.008333355188369751,0.0016666650772094727,2,1.7042460441589355,2,0.009764157235622406,0.009990394115447998,0.00938957929611206,2,2.690363883972168,7,0.008005739189684391,0.010000109672546387,0.00391995906829834,0.01
3,3,6,6,0.574927806854248,3,0.006400663871318102,0.008333355188369751,0.0016666650772094727,6,0.9286038875579834,1,0.009689989499747753,0.009690046310424805,0.00968998670578003,6,1.0022809505462646,1,0.009689989499747753,0.009690046310424805,0.00968998670578003,0.01
1,1,4,4,1.9612329006195068,10,0.008481445722281933,0.009818315505981445,0.0,4,2.4908549785614014,3,0.009644357487559319,0.009999096393585205,0.008120894432067871,2,5.816422939300537,24,0.009808626025915146,0.010000228881835938,0.00877988338470459,0.01
7,6,0,0,0.7737159729003906,4,0.005865973886102438,0.009000062942504883,0.0009999275207519531,0,1.6960349082946777,2,0.007574107497930527,0.00991290807723999,0.00446707010269165,0,3.236269950866699,10,0.007590846158564091,0.010000109672546387,0.0039198994636535645,0.01
6,5,3,3,0.7860381603240967,4,0.004562151152640581,0.009000062942504883,0.0009999275207519531,3,0.9453890323638916,1,0.0021899938583374023,0.0021900013089179993,0.0021899938583374023,3,0.971034049987793,1,0.0021899938583374023,0.0021900013089179993,0.0021899938583374023,0.01
5,4,0,6,4.8768439292907715,25,0.007594588678330183,0.009971678256988525,0.0,6,19.01242971420288,24,0.007817518897354603,0.009999975562095642,1.2665987014770508e-07,6,6.7512969970703125,24,0.0068748644553124905,0.010000228881835938,0.0,0.01
5,5,1,5,4.8467912673950195,25,0.008045372553169727,0.009971678256988525,0.0,5,18.598706007003784,24,0.009835274890065193,0.01000000536441803,0.007632941007614136,5,5.838112115859985,24,0.009730789810419083,0.010000467300415039,0.008779764175415039,0.01
7,7,3,3,1.1611168384552002,6,0.00573299266397953,0.009523868560791016,0.0,3,3.301853895187378,4,0.0077874804846942425,0.009998917579650879,0.004381060600280762,3,5.0603718757629395,16,0.006500899326056242,0.010000050067901611,1.990795135498047e-05,0.01
6,6,8,8,0.390531063079834,2,0.006666661240160465,0.006666690111160278,0.006666630506515503,8,0.9473180770874023,1,0.009689990431070328,0.009690001606941223,0.00968998670578003,8,0.9418721199035645,1,0.009689990431070328,0.009690001606941223,0.00968998670578003,0.01
1,1,6,6,0.5868518352508545,3,0.006080281920731068,0.008333355188369751,0.0016666650772094727,6,1.647981882095337,2,0.006249846424907446,0.009854674339294434,0.000765383243560791,6,2.7244648933410645,7,0.006063022650778294,0.010000109672546387,0.000299990177154541,0.01
3,3,7,7,0.3853487968444824,2,0.006666661240160465,0.006666690111160278,0.006666630506515503,7,0.9978511333465576,1,0.008440004661679268,0.008440017700195312,0.008439987897872925,7,0.9573409557342529,1,0.008440004661679268,0.008440017700195312,0.008439987897872925,0.01
3,3,0,0,0.9820270538330078,5,0.006255032494664192,0.009333372116088867,0.0,0,2.513010263442993,3,0.00812230259180069,0.009997308254241943,0.004382669925689697,0,6.047358274459839,21,0.0075914375483989716,0.010000228881835938,0.0023198723793029785,0.01
4,4,2,2,0.3913087844848633,2,0.006666664499789476,0.006666690111160278,0.006666630506515503,2,0.9627840518951416,1,0.009689997881650925,0.009690046310424805,0.00968998670578003,2,0.9778943061828613,1,0.009689997881650925,0.009690046310424805,0.00968998670578003,0.01
0,0,5,5,1.3907690048217773,7,0.006694346200674772,0.009642958641052246,0.00035703182220458984,5,3.2713890075683594,4,0.007946976460516453,0.009999096393585205,0.003120899200439453,0,5.813236236572266,24,0.009626006707549095,0.010000348091125488,0.008779942989349365,0.01
3,3,4,4,0.7834877967834473,4,0.004508581478148699,0.009000062942504883,0.0009999275207519531,4,0.9937269687652588,1,0.0028100013732910156,0.0028100013732910156,0.002809997648000717,4,0.9792830944061279,1,0.0028100013732910156,0.0028100013732910156,0.002809997648000717,0.01
5,4,6,6,1.597132921218872,8,0.007998961955308914,0.009722352027893066,0.00027763843536376953,6,3.3041279315948486,4,0.008554813452064991,0.00999915599822998,0.0018808245658874512,5,5.955847978591919,24,0.009740589186549187,0.010000228881835938,0.008779942989349365,0.01
3,3,1,1,0.585252046585083,3,0.00603435467928648,0.008333355188369751,0.0016666650772094727,1,1.73008394241333,2,0.008285402320325375,0.009932160377502441,0.005687832832336426,1,2.592196226119995,7,0.00691269850358367,0.010000109672546387,0.0014999955892562866,0.01
5,5,0,0,1.3591110706329346,7,0.006077385973185301,0.009642958641052246,0.00035703182220458984,0,4.7298197746276855,6,0.0069647799246013165,0.009999990463256836,0.0031200051307678223,6,6.59649920463562,24,0.006643102969974279,0.010000169277191162,0.0003998279571533203,0.01
3,3,8,8,4.561457872390747,23,0.006973446812480688,0.0099639892578125,3.606081008911133e-05,8,10.042901039123535,13,0.007183391135185957,0.00999993085861206,3.153085708618164e-05,3,6.071236848831177,24,0.00727652944624424,0.010000228881835938,0.0014998912811279297,0.01
1,1,2,2,0.5607309341430664,3,0.009236102923750877,0.016666680574417114,0.0033333301544189453,2,0.9595541954040527,1,0.001879991963505745,0.001880049705505371,0.0018799901008605957,2,0.9235818386077881,1,0.001879991963505745,0.001880049705505371,0.0018799901008605957,0.02
6,5,0,0,0.7951128482818604,4,0.010199267417192459,0.018000036478042603,0.001999974250793457,0,1.7344887256622314,2,0.015963759273290634,0.01986423134803772,0.011375755071640015,0,2.6819419860839844,7,0.01601875014603138,0.02000000700354576,0.010279998183250427,0.02
4,5,7,7,0.39348816871643066,2,0.013333323411643505,0.013333350419998169,0.013333320617675781,7,0.9590709209442139,1,0.011879988946020603,0.01188001036643982,0.011879980564117432,7,0.9793691635131836,1,0.011879988946020603,0.01188001036643982,0.011879980564117432,0.02
3,3,4,4,1.1814191341400146,6,0.007239494007080793,0.019047677516937256,0.0,4,0.936086893081665,1,0.0031200041994452477,0.0031200051307678223,0.0031199976801872253,4,0.907829999923706,1,0.0031200041994452477,0.0031200051307678223,0.0031199976801872253,0.02
3,5,5,5,0.18369293212890625,1,0.0,0.0,0.0,5,0.1969618797302246,0,0.0,0.0,0.0,5,0.18967819213867188,0,0.0,0.0,0.0,0.02
4,4,6,6,0.581387996673584,3,0.011949487030506134,0.016666680574417114,0.0033333301544189453,6,0.9338769912719727,1,0.0193799939006567,0.019380003213882446,0.01937997341156006,6,0.9009799957275391,1,0.0193799939006567,0.019380003213882446,0.01937997341156006,0.02
3,3,5,5,1.1713347434997559,6,0.009325822815299034,0.01904773712158203,0.0,5,0.9654669761657715,1,0.019379988312721252,0.019380003213882446,0.01937997341156006,5,0.9726121425628662,1,0.019379988312721252,0.019380003213882446,0.01937997341156006,0.02
1,1,2,2,0.4041006565093994,2,0.013333327136933804,0.013333350419998169,0.013333320617675781,2,0.9742248058319092,1,0.011879993602633476,0.011880040168762207,0.011879980564117432,2,0.9139618873596191,1,0.011879993602633476,0.011880040168762207,0.011879980564117432,0.02
3,3,4,4,0.5905389785766602,3,0.009006955660879612,0.016666680574417114,0.0033333301544189453,4,0.9651997089385986,1,0.0018799933604896069,0.001880049705505371,0.0018799901008605957,4,0.9526479244232178,1,0.0018799933604896069,0.001880049705505371,0.0018799901008605957,0.02
1,1,0,0,0.6029338836669922,3,0.011378961615264416,0.016666680574417114,0.0033333301544189453,0,1.6990199089050293,2,0.016083983704447746,0.01986423134803772,0.011375755071640015,0,1.162627935409546,2,0.01941497065126896,0.019700005650520325,0.019059956073760986,0.02
8,8,3,3,0.3651390075683594,2,0.01333332248032093,0.013333350419998169,0.013333320617675781,3,0.9363317489624023,1,0.013119992800056934,0.013120010495185852,0.013119935989379883,3,0.8990299701690674,1,0.013119992800056934,0.013120010495185852,0.013119935989379883,0.02
6,6,2,2,0.9562480449676514,5,0.00916223507374525,0.018666744232177734,0.0,2,4.019476890563965,5,0.019456496462225914,0.019984722137451172,0.018775224685668945,2,2.64748477935791,7,0.01921681873500347,0.02000000700354576,0.017559990286827087,0.02
5,5,8,8,0.5741498470306396,3,0.01089231763035059,0.016666680574417114,0.0033333301544189453,8,0.9549949169158936,1,0.019379984587430954,0.019380003213882446,0.01937997341156006,8,0.9628591537475586,1,0.019379984587430954,0.019380003213882446,0.01937997341156006,0.02
3,4,2,2,0.37325119972229004,2,0.013333329930901527,0.013333350419998169,0.013333320617675781,2,0.9677371978759766,1,0.018120000138878822,0.018120020627975464,0.0181199312210083,2,0.9737987518310547,1,0.018120000138878822,0.018120020627975464,0.0181199312210083,0.02
4,4,8,8,0.38056421279907227,2,0.013333327136933804,0.013333350419998169,0.013333320617675781,8,0.9818289279937744,1,0.0193799901753664,0.019380003213882446,0.01937997341156006,8,1.006744146347046,1,0.0193799901753664,0.019380003213882446,0.01937997341156006,0.02
6,4,2,2,0.938194990158081,5,0.01163887046277523,0.018666744232177734,0.0,2,2.439038038253784,3,0.018600603565573692,0.019972681999206543,0.01626729965209961,2,4.158819198608398,13,0.013587484136223793,0.020000100135803223,0.003000020980834961,0.02
4,4,7,7,0.39296483993530273,2,0.013333326205611229,0.013333350419998169,0.013333320617675781,7,0.9632649421691895,1,0.010619997046887875,0.010620012879371643,0.01061999797821045,7,0.9617679119110107,1,0.010619997046887875,0.010620012879371643,0.01061999797821045,0.02
3,3,8,8,3.1135010719299316,16,0.010715332813560963,0.019853055477142334,0.0001469254493713379,8,6.3038341999053955,8,0.014924104325473309,0.019999057054519653,0.006240904331207275,4,6.152862310409546,24,0.012348422780632973,0.020000100135803223,0.00299990177154541,0.02
5,5,1,1,0.7490990161895752,4,0.01157134398818016,0.018000036478042603,0.001999974250793457,1,1.7337207794189453,2,0.019484465941786766,0.019980788230895996,0.01877915859222412,1,2.6149706840515137,7,0.019443141296505928,0.02000000700354576,0.017559990286827087,0.02
5,5,0,0,0.9736418724060059,5,0.010016527026891708,0.018666744232177734,0.0,0,3.224052906036377,4,0.011032157577574253,0.01999524235725403,0.0005863308906555176,1,6.261086940765381,24,0.012361554428935051,0.02000000700354576,0.000599980354309082,0.02
3,2,8,8,0.95772385597229,5,0.010847361758351326,0.018666744232177734,0.0,8,3.253574848175049,4,0.01162285078316927,0.0199945867061615,0.0005869567394256592,3,6.381843090057373,24,0.012543229386210442,0.02000000700354576,0.0,0.02
5,6,8,8,0.5706696510314941,3,0.011476753279566765,0.016666680574417114,0.0033333301544189453,8,1.6897540092468262,2,0.015109561383724213,0.019825786352157593,0.008934199810028076,8,2.6542322635650635,7,0.016202988103032112,0.02000000700354576,0.01027999073266983,0.02
4,4,8,8,0.5925540924072266,3,0.011172310449182987,0.016666680574417114,0.0033333301544189453,8,0.9759860038757324,1,0.019379986450076103,0.019380003213882446,0.01937997341156006,8,0.9827711582183838,1,0.019379986450076103,0.019380003213882446,0.01937997341156006,0.02
2,3,7,7,1.1464488506317139,6,0.00882039126008749,0.01904773712158203,0.0,7,1.0296549797058105,1,0.019379988312721252,0.019380003213882446,0.01937997341156006,7,0.9430258274078369,1,0.019379988312721252,0.019380003213882446,0.01937997341156006,0.02
3,3,1,1,0.5965251922607422,3,0.011281348764896393,0.016666680574417114,0.0033333301544189453,1,1.7384490966796875,2,0.01944913901388645,0.019980788230895996,0.01877915859222412,1,2.722149133682251,7,0.017271580174565315,0.02000000700354576,0.012719988822937012,0.02
4,3,2,2,0.3807799816131592,2,0.013333326205611229,0.013333350419998169,0.013333320617675781,2,0.9678330421447754,1,0.018119994550943375,0.018120020627975464,0.0181199312210083,2,0.9700191020965576,1,0.018119994550943375,0.018120020627975464,0.0181199312210083,0.02
3,4,2,2,0.39226412773132324,2,0.013333330862224102,0.013333350419998169,0.013333320617675781,2,0.9821479320526123,1,0.013119995594024658,0.013120010495185852,0.013119995594024658,2,0.9729058742523193,1,0.013119995594024658,0.013120010495185852,0.013119995594024658,0.02
3,3,5,5,0.8036689758300781,4,0.0091478256508708,0.018000036478042603,0.001999974250793457,5,0.9707610607147217,1,0.00812000036239624,0.00812000036239624,0.008119940757751465,5,0.9595420360565186,1,0.00812000036239624,0.00812000036239624,0.008119940757751465,0.02
1,1,8,8,0.5848350524902344,3,0.010510198771953583,0.016666680574417114,0.0033333301544189453,8,0.9264440536499023,1,0.01937999576330185,0.019380003213882446,0.01937997341156006,8,0.9243049621582031,1,0.01937999576330185,0.019380003213882446,0.01937997341156006,0.02
4,4,8,8,0.5822112560272217,3,0.011434677056968212,0.016666680574417114,0.0033333301544189453,8,1.6889419555664062,2,0.01509732473641634,0.01982581615447998,0.008934199810028076,8,2.678339719772339,7,0.01517317071557045,0.02000000700354576,0.007839977741241455,0.02
1,1,7,7,1.3613450527191162,7,0.007861810736358166,0.01928579807281494,0.0007141828536987305,7,2.359923839569092,3,0.01880054734647274,0.01998138427734375,0.017577052116394043,7,3.108610153198242,9,0.019269656389951706,0.02000000700354576,0.017559990286827087,0.02
5,4,2,2,0.39977025985717773,2,0.013333328999578953,0.013333350419998169,0.013333320617675781,2,0.9669840335845947,1,0.019379988312721252,0.019380003213882446,0.01937997341156006,2,0.955277681350708,1,0.019379988312721252,0.019380003213882446,0.01937997341156006,0.02
3,3,2,2,0.3944551944732666,2,0.01333332434296608,0.013333350419998169,0.013333320617675781,2,0.9400308132171631,1,0.011879988014698029,0.011880040168762207,0.011879980564117432,2,0.9513788223266602,1,0.011879988014698029,0.011880040168762207,0.011879980564117432,0.02
1,1,0,0,0.5808250904083252,3,0.012432849034667015,0.016666680574417114,0.0033333301544189453,0,1.7145490646362305,2,0.016764452680945396,0.01986423134803772,0.011375755071640015,0,2.644368886947632,7,0.015919018536806107,0.02000000700354576,0.007839977741241455,0.02
7,6,5,5,0.5757429599761963,3,0.008832813240587711,0.016666680574417114,0.0033333301544189453,5,0.9478518962860107,1,0.0018799933604896069,0.001880049705505371,0.0018799901008605957,5,0.9285440444946289,1,0.0018799933604896069,0.001880049705505371,0.0018799901008605957,0.02
6,5,7,7,1.1425232887268066,6,0.006815711036324501,0.01904773712158203,0.0,7,0.9515361785888672,1,0.0031200051307678223,0.0031200051307678223,0.003119945526123047,7,0.9428138732910156,1,0.0031200051307678223,0.0031200051307678223,0.003119945526123047,0.02
5,4,8,8,0.5974619388580322,3,0.011614842340350151,0.016666680574417114,0.0033333301544189453,8,1.737152099609375,2,0.019489282742142677,0.019980788230895996,0.01877915859222412,8,2.699799060821533,7,0.018461231142282486,0.02000000700354576,0.015119969844818115,0.02
5,5,0,6,4.8338751792907715,25,0.016412947326898575,0.019943177700042725,0.0,6,18.458667993545532,24,0.01657436415553093,0.02000001072883606,0.0,6,6.617433071136475,24,0.014787995256483555,0.02000000700354576,7.992982864379883e-05,0.02
7,7,6,6,0.39611291885375977,2,0.013333329930901527,0.013333350419998169,0.013333320617675781,6,0.9796669483184814,1,0.00812000036239624,0.00812000036239624,0.008119940757751465,6,0.9654381275177002,1,0.00812000036239624,0.00812000036239624,0.008119940757751465,0.02
6,6,4,4,0.7638401985168457,4,0.008687549270689487,0.018000036478042603,0.001999974250793457,4,0.9531748294830322,1,0.0031200044322758913,0.0031200051307678223,0.0031199976801872253,4,0.9831969738006592,1,0.0031200044322758913,0.0031200051307678223,0.0031199976801872253,0.02
1,1,7,7,1.1732420921325684,6,0.008917839266359806,0.01904773712158203,0.0,7,1.7365140914916992,2,0.01427142508327961,0.019554227590560913,0.008314192295074463,7,2.7034192085266113,7,0.014260105788707733,0.02000000700354576,0.00783991813659668,0.02
3,3,8,8,0.5641863346099854,3,0.010462896898388863,0.016666680574417114,0.0033333301544189453,8,1.6795201301574707,2,0.011029258370399475,0.019709229469299316,0.001530766487121582,8,1.1457881927490234,2,0.019394397735595703,0.019700005650520325,0.019059956073760986,0.02
3,3,5,5,0.7896151542663574,4,0.009176786057651043,0.018000036478042603,0.001999974250793457,5,0.9448399543762207,1,0.006879990454763174,0.006880044937133789,0.006879985332489014,5,0.9779229164123535,1,0.006879990454763174,0.006880044937133789,0.006879985332489014,0.02
4,4,6,6,0.7993960380554199,4,0.009013047441840172,0.018000036478042603,0.001999974250793457,6,0.9374489784240723,1,0.005620001815259457,0.005620002746582031,0.005619995296001434,6,0.9803881645202637,1,0.005620001815259457,0.005620002746582031,0.005619995296001434,0.02
0,0,2,2,0.579535961151123,3,0.010823848657310009,0.016666680574417114,0.0033333301544189453,2,1.6892759799957275,2,0.012094736099243164,0.01963174343109131,0.0033916831016540527,2,2.6700329780578613,7,0.014367560856044292,0.02000000700354576,0.00783991813659668,0.02
3,3,2,2,0.38919711112976074,2,0.013333325274288654,0.013333350419998169,0.013333320617675781,2,0.9550168514251709,1,0.00812000036239624,0.00812000036239624,0.008119940757751465,2,0.9635610580444336,1,0.00812000036239624,0.00812000036239624,0.008119940757751465,0.02
5,4,3,3,0.3911771774291992,2,0.013333328999578953,0.013333350419998169,0.013333320617675781,3,0.9506590366363525,1,0.01937999203801155,0.019380003213882446,0.01937997341156006,3,0.9149930477142334,1,0.01937999203801155,0.019380003213882446,0.01937997341156006,0.02
3,3,7,7,0.3926887512207031,2,0.013333329930901527,0.013333350419998169,0.013333320617675781,7,0.9080808162689209,1,0.013119995594024658,0.013120010495185852,0.013119935989379883,7,0.9589331150054932,1,0.013119995594024658,0.013120010495185852,0.013119935989379883,0.02
5,5,8,8,0.5948717594146729,3,0.011442473158240318,0.016666680574417114,0.0033333301544189453,8,0.9697592258453369,1,0.019379997625947,0.019380003213882446,0.01937997341156006,8,0.9658808708190918,1,0.019379997625947,0.019380003213882446,0.01937997341156006,0.02
3,3,2,2,0.3864922523498535,2,0.013333329930901527,0.013333350419998169,0.013333320617675781,2,0.9419662952423096,1,0.01937999576330185,0.019380003213882446,0.01937997341156006,2,0.9554610252380371,1,0.01937999576330185,0.019380003213882446,0.01937997341156006,0.02
1,1,7,7,0.5869090557098389,3,0.01566285453736782,0.025000005960464478,0.004999995231628418,7,1.7138640880584717,2,0.016095872968435287,0.029506206512451172,0.0013661384582519531,7,2.6274118423461914,7,0.02299075573682785,0.03000009059906006,0.015419960021972656,0.03
6,5,1,1,0.37056732177734375,2,0.019999990239739418,0.02000001072883606,0.019999980926513672,1,0.9540870189666748,1,0.02906998246908188,0.029070019721984863,0.029069960117340088,1,1.043637990951538,1,0.02906998246908188,0.029070019721984863,0.029069960117340088,0.03
4,5,6,6,0.7710349559783936,4,0.013238749466836452,0.027000069618225098,0.00299990177154541,6,0.9287590980529785,1,0.004679987207055092,0.004680007696151733,0.004679977893829346,6,0.9132950305938721,1,0.004679987207055092,0.004680007696151733,0.004679977893829346,0.03
3,3,4,4,0.5626320838928223,3,0.014050004072487354,0.025000005960464478,0.004999995231628418,4,0.9214620590209961,1,0.0028200093656778336,0.0028200149536132812,0.0028199851512908936,4,0.9100189208984375,1,0.0028200093656778336,0.0028200149536132812,0.0028199851512908936,0.03
3,5,0,0,0.5827112197875977,3,0.015248585492372513,0.025000005960464478,0.004999995231628418,0,1.7019760608673096,2,0.01248953863978386,0.02386993169784546,0.0004900693893432617,0,1.5773520469665527,2,0.011297989636659622,0.019680023193359375,0.0024599432945251465,0.03
4,4,2,2,0.5859870910644531,3,0.015536369755864143,0.025000005960464478,0.004999995231628418,2,1.817317008972168,2,0.021788258105516434,0.02973867952823639,0.013401269912719727,2,2.7479748725891113,7,0.021061955019831657,0.03000009059906006,0.011759936809539795,0.03
3,3,6,6,0.5926296710968018,3,0.01632452756166458,0.025000005960464478,0.004999995231628418,6,1.6839320659637451,2,0.02660009078681469,0.02915745973587036,0.023517370223999023,6,1.1595990657806396,2,0.02911469340324402,0.02955007553100586,0.028589963912963867,0.03
1,1,2,2,0.3825111389160156,2,0.01999998837709427,0.02000001072883606,0.019999980926513672,2,0.9365589618682861,1,0.012179987505078316,0.01218000054359436,0.012179970741271973,2,0.9417977333068848,1,0.012179987505078316,0.01218000054359436,0.012179970741271973,0.03
3,3,4,4,0.5719430446624756,3,0.013972275890409946,0.025000005960464478,0.004999995231628418,4,0.9301559925079346,1,0.0028200107626616955,0.0028200149536132812,0.0028199851512908936,4,0.9674880504608154,1,0.0028200107626616955,0.0028200149536132812,0.0028199851512908936,0.03
1,1,6,6,1.3643951416015625,7,0.012566572986543179,0.028928637504577637,0.001071333885192871,6,2.4886488914489746,3,0.02655484341084957,0.029915332794189453,0.02275949716567993,6,3.388460874557495,9,0.02174290269613266,0.03000009059906006,0.01175987720489502,0.03
8,8,1,1,0.388333797454834,2,0.01999998278915882,0.02000001072883606,0.019999980926513672,1,0.9911861419677734,1,0.01406998373568058,0.01407003402709961,0.014069974422454834,1,0.9551520347595215,1,0.01406998373568058,0.01407003402709961,0.014069974422454834,0.03
6,6,5,5,0.7628662586212158,4,0.012151142582297325,0.027000069618225098,0.00299990177154541,5,0.967738151550293,1,0.008430004119873047,0.008430004119873047,0.008429999463260174,5,0.946544885635376,1,0.008430004119873047,0.008430004119873047,0.008429999463260174,0.03
5,5,8,8,0.3853118419647217,2,0.01999998651444912,0.02000001072883606,0.019999980926513672,8,0.9595448970794678,1,0.029069971293210983,0.029070019721984863,0.029069960117340088,8,0.9270410537719727,1,0.029069971293210983,0.029070019721984863,0.029069960117340088,0.03
3,4,1,1,0.3923921585083008,2,0.019999992102384567,0.02000001072883606,0.019999980926513672,1,0.9360840320587158,1,0.029069988057017326,0.029070019721984863,0.029069960117340088,1,0.9339799880981445,1,0.029069988057017326,0.029070019721984863,0.029069960117340088,0.03
4,4,0,0,0.5960350036621094,3,0.015483622439205647,0.025000005960464478,0.004999995231628418,0,1.6693737506866455,2,0.016146093606948853,0.029563844203948975,0.002296149730682373,0,2.7068610191345215,7,0.016443554311990738,0.03000009059906006,0.000899970531463623,0.03
6,4,4,4,0.18973803520202637,1,0.0,0.0,0.0,4,0.19144010543823242,0,0.0,0.0,0.0,4,0.19536304473876953,0,0.0,0.0,0.0,0.03
4,4,7,7,0.7396278381347656,4,0.01309147197753191,0.027000069618225098,0.00299990177154541,7,0.9319770336151123,1,0.010320005007088184,0.010320007801055908,0.010319948196411133,7,0.9521842002868652,1,0.010320005007088184,0.010320007801055908,0.010319948196411133,0.03
3,3,8,8,1.1789419651031494,6,0.013699614442884922,0.02857154607772827,0.0,8,3.2573251724243164,4,0.024141786620020866,0.029945284128189087,0.016914695501327515,8,5.345760822296143,18,0.02030831202864647,0.03000009059906006,0.008159875869750977,0.03
5,5,8,8,0.588824987411499,3,0.016822775825858116,0.025000005960464478,0.004999995231628418,8,1.7923319339752197,2,0.0242452435195446,0.029796361923217773,0.017063617706298828,8,2.6504409313201904,7,0.02426551654934883,0.03000009059906006,0.015419960021972656,0.03
5,5,3,3,0.39481115341186523,2,0.019999990239739418,0.02000001072883606,0.019999980926513672,3,0.9570431709289551,1,0.008430004119873047,0.008430004119873047,0.008429999463260174,3,0.9580080509185791,1,0.008430004119873047,0.008430004119873047,0.008429999463260174,0.03
3,2,8,8,0.9643740653991699,5,0.014474987052381039,0.0280001163482666,0.0,8,3.2910029888153076,4,0.023145880550146103,0.029986634850502014,0.015420675277709961,8,6.5404369831085205,24,0.018158642575144768,0.030000150203704834,0.002339988946914673,0.03
5,6,1,1,0.9475769996643066,5,0.013825626112520695,0.02800002694129944,0.0,1,2.430008888244629,3,0.01692955754697323,0.026606857776641846,0.005253136157989502,1,3.6871840953826904,9,0.01609339751303196,0.030000030994415283,0.0055799782276153564,0.03
4,4,5,5,0.6017422676086426,3,0.014505863189697266,0.025000005960464478,0.004999995231628418,5,0.9644696712493896,1,0.002820010995492339,0.0028200149536132812,0.0028199851512908936,5,0.9712181091308594,1,0.002820010995492339,0.0028200149536132812,0.0028199851512908936,0.03
2,3,3,3,0.19085383415222168,1,0.0,0.0,0.0,3,0.19360589981079102,0,0.0,0.0,0.0,3,0.18907594680786133,0,0.0,0.0,0.0,0.03
3,3,8,8,0.991851806640625,5,0.015059913508594036,0.0280001163482666,0.0,8,3.190415143966675,4,0.01970078982412815,0.02999114990234375,0.008148670196533203,7,6.197950839996338,24,0.017652062699198723,0.03000009059906006,0.0,0.03
4,3,8,8,0.7400588989257812,4,0.01827210932970047,0.027000069618225098,0.00299990177154541,8,2.4544808864593506,3,0.029311450198292732,0.02998650074005127,0.02815347909927368,8,3.791814088821411,13,0.028946630656719208,0.03000009059906006,0.026339828968048096,0.03
3,4,8,8,0.3787088394165039,2,0.019999993965029716,0.02000001072883606,0.019999980926513672,8,0.9586870670318604,1,0.029069988057017326,0.029070019721984863,0.029069960117340088,8,0.9638171195983887,1,0.029069988057017326,0.029070019721984863,0.029069960117340088,0.03
3,3,2,2,0.7846400737762451,4,0.013505736365914345,0.027000069618225098,0.00299990177154541,2,0.9670610427856445,1,0.006569996010512114,0.006570011377334595,0.006569981575012207,2,0.9483578205108643,1,0.006569996010512114,0.006570011377334595,0.006569981575012207,0.03
1,1,6,6,0.7677068710327148,4,0.013861443847417831,0.027000069618225098,0.0029999613761901855,6,0.9472177028656006,1,0.00656999833881855,0.006570011377334595,0.006569981575012207,6,0.9577991962432861,1,0.00656999833881855,0.006570011377334595,0.006569981575012207,0.03
4,4,7,7,0.3981289863586426,2,0.01999998837709427,0.02000001072883606,0.019999980926513672,7,0.9620161056518555,1,0.019679980352520943,0.019680023193359375,0.0196799635887146,7,0.9645869731903076,1,0.019679980352520943,0.019680023193359375,0.0196799635887146,0.03
1,1,4,4,0.3956789970397949,2,0.019999993965029716,0.02000001072883606,0.019999980926513672,4,0.9419698715209961,1,0.0215699914842844,0.021570026874542236,0.02156996726989746,4,0.9498088359832764,1,0.0215699914842844,0.021570026874542236,0.02156996726989746,0.03
5,4,0,0,0.9479460716247559,5,0.013998051173985004,0.0280001163482666,0.0,0,3.2297160625457764,4,0.017654182389378548,0.0299578458070755,0.0019021034240722656,0,5.910619020462036,22,0.020384307950735092,0.03000009059906006,0.008159875869750977,0.03
3,3,2,2,0.3907139301300049,2,0.01999998465180397,0.02000001072883606,0.019999980926513672,2,1.1956958770751953,1,0.012179980985820293,0.01218000054359436,0.012179970741271973,2,1.1202199459075928,1,0.012179980985820293,0.01218000054359436,0.012179970741271973,0.03
1,1,3,3,0.3914370536804199,2,0.01999998651444912,0.02000001072883606,0.019999980926513672,3,0.9893620014190674,1,0.02906998246908188,0.029070019721984863,0.029069960117340088,3,0.9670519828796387,1,0.02906998246908188,0.029070019721984863,0.029069960117340088,0.03
7,6,3,3,0.3856539726257324,2,0.01999998651444912,0.02000001072883606,0.019999980926513672,3,0.9778339862823486,1,0.010320006869733334,0.010320007801055908,0.010319948196411133,3,0.9683387279510498,1,0.010320006869733334,0.010320007801055908,0.010319948196411133,0.03
6,5,4,4,0.5865821838378906,3,0.01517736166715622,0.025000005960464478,0.004999995231628418,4,0.9601690769195557,1,0.0009300104575231671,0.0009300112724304199,0.0009299516677856445,4,0.9227797985076904,1,0.0009300104575231671,0.0009300112724304199,0.0009299516677856445,0.03
5,4,1,1,0.5894589424133301,3,0.016310445964336395,0.025000005960464478,0.004999995231628418,1,0.9405989646911621,1,0.02906998246908188,0.029070019721984863,0.029069960117340088,1,0.9792168140411377,1,0.02906998246908188,0.029070019721984863,0.029069960117340088,0.03
5,5,3,3,0.3862619400024414,2,0.01999998651444912,0.02000001072883606,0.019999980926513672,3,0.9509468078613281,1,0.029069984331727028,0.029070019721984863,0.029069960117340088,3,0.9373488426208496,1,0.029069984331727028,0.029070019721984863,0.029069960117340088,0.03
7,7,0,0,0.962040901184082,5,0.013290917500853539,0.0280001163482666,0.0,0,2.449820041656494,3,0.029134707525372505,0.02980998158454895,0.02833002805709839,0,2.436339855194092,5,0.01581960916519165,0.029670029878616333,0.0006899833679199219,0.03
6,6,2,2,0.7532188892364502,4,0.013025862164795399,0.027000069618225098,0.00299990177154541,2,0.9666650295257568,1,0.010320007801055908,0.010320007801055908,0.01031997799873352,2,0.9637622833251953,1,0.010320007801055908,0.010320007801055908,0.01031997799873352,0.03
1,1,6,6,0.9620580673217773,5,0.012702668085694313,0.0280001163482666,0.0,6,0.9672400951385498,1,0.027179989963769913,0.027180016040802002,0.027179956436157227,6,0.8961977958679199,1,0.027179989963769913,0.027180016040802002,0.027179956436157227,0.03
3,3,0,0,0.5883798599243164,3,0.015680527314543724,0.025000005960464478,0.004999995231628418,0,1.6837458610534668,2,0.018332136794924736,0.029622435569763184,0.006017565727233887,0,2.7145230770111084,7,0.018497269600629807,0.03000009059906006,0.004499971866607666,0.03
3,3,0,0,0.5740201473236084,3,0.015426351688802242,0.025000005960464478,0.004999995231628418,0,1.7076809406280518,2,0.023588508367538452,0.029796361923217773,0.017063617706298828,0,2.7377870082855225,7,0.02183845080435276,0.03000009059906006,0.01175987720489502,0.03
4,4,7,7,0.7608251571655273,4,0.01350063644349575,0.027000069618225098,0.00299990177154541,7,0.9562008380889893,1,0.012179995886981487,0.01218000054359436,0.012179970741271973,7,0.9266519546508789,1,0.012179995886981487,0.01218000054359436,0.012179970741271973,0.03
0,0,1,1,0.38205504417419434,2,0.01999998837709427,0.02000001072883606,0.019999980926513672,1,0.9387950897216797,1,0.012179984711110592,0.01218000054359436,0.012179970741271973,1,0.9188830852508545,1,0.012179984711110592,0.01218000054359436,0.012179970741271973,0.03
3,3,5,5,1.133540153503418,6,0.011252197436988354,0.02857154607772827,0.0,5,0.9301230907440186,1,0.004679991863667965,0.004680037498474121,0.004679977893829346,5,0.9552991390228271,1,0.004679991863667965,0.004680037498474121,0.004679977893829346,0.03
5,4,7,7,0.9940018653869629,5,0.01337526086717844,0.0280001163482666,0.0,7,1.733896017074585,2,0.02657405287027359,0.02915745973587036,0.023517370223999023,7,1.7512760162353516,5,0.02914254553616047,0.02997004985809326,0.02816992998123169,0.03
3,3,6,6,0.7689049243927002,4,0.01293127704411745,0.027000069618225098,0.00299990177154541,6,0.9560980796813965,1,0.004679998382925987,0.004680037498474121,0.004679977893829346,6,0.928765058517456,1,0.004679998382925987,0.004680037498474121,0.004679977893829346,0.03
5,5,3,3,0.5996758937835693,3,0.014764158055186272,0.025000005960464478,0.004999995231628418,3,0.9213912487030029,1,0.006569997873157263,0.006570011377334595,0.006569981575012207,3,0.9046239852905273,1,0.006569997873157263,0.006570011377334595,0.006569981575012207,0.03
3,3,4,4,0.6342058181762695,3,0.01436210609972477,0.025000005960464478,0.004999995231628418,4,0.9817907810211182,1,0.004679997451603413,0.004680037498474121,0.004679977893829346,4,0.9617531299591064,1,0.004679997451603413,0.004680037498474121,0.004679977893829346,0.03
1,1,2,2,0.5570471286773682,3,0.019740644842386246,0.033333420753479004,0.006666660308837891,2,0.9525320529937744,1,0.0012400076957419515,0.0012400150299072266,0.0012399852275848389,2,0.9479920864105225,1,0.0012400076957419515,0.0012400150299072266,0.0012399852275848389,0.04
6,5,8,8,0.3745601177215576,2,0.02666667103767395,0.026666760444641113,0.026666641235351562,8,0.9718401432037354,1,0.038760002702474594,0.03876000642776489,0.03875994682312012,8,0.9499528408050537,1,0.038760002702474594,0.03876000642776489,0.03875994682312012,0.04
4,5,6,6,0.7707240581512451,4,0.017441805452108383,0.03600013256072998,0.003999948501586914,6,0.9653241634368896,1,0.0062400102615356445,0.0062400102615356445,0.006239995360374451,6,0.9515340328216553,1,0.0062400102615356445,0.0062400102615356445,0.006239995360374451,0.04
3,3,1,1,0.38918113708496094,2,0.02666666731238365,0.026666760444641113,0.026666641235351562,1,0.9566471576690674,1,0.03376000002026558,0.033760011196136475,0.0337599515914917,1,0.9549181461334229,1,0.03376000002026558,0.033760011196136475,0.0337599515914917,0.04
3,5,8,8,0.3762338161468506,2,0.02666666731238365,0.026666760444641113,0.026666641235351562,8,0.9595367908477783,1,0.013760004192590714,0.013760030269622803,0.013759970664978027,8,0.9546048641204834,1,0.013760004192590714,0.013760030269622803,0.013759970664978027,0.04
4,4,1,1,0.7747881412506104,4,0.019675223156809807,0.03600013256072998,0.003999948501586914,1,2.41357684135437,3,0.019609561190009117,0.036655545234680176,0.00967860221862793,3,5.612882137298584,24,0.03130079805850983,0.03996014595031738,0.022519826889038086,0.04
3,3,7,7,1.1694388389587402,6,0.01668231375515461,0.03809535503387451,0.0,7,1.7268259525299072,2,0.03318974748253822,0.03895345330238342,0.026473402976989746,7,2.7564048767089844,7,0.035436928272247314,0.03999999910593033,0.03023993968963623,0.04
1,1,0,0,0.38065505027770996,2,0.02666666731238365,0.026666760444641113,0.026666641235351562,0,0.945533037185669,1,0.01876000687479973,0.01876002550125122,0.018759965896606445,0,0.9439079761505127,1,0.01876000687479973,0.01876002550125122,0.018759965896606445,0.04
3,3,1,1,0.5896918773651123,3,0.020651042461395264,0.033333420753479004,0.006666660308837891,1,0.9749929904937744,1,0.038760002702474594,0.03876000642776489,0.03875994682312012,1,0.9623770713806152,1,0.038760002702474594,0.03876000642776489,0.03875994682312012,0.04
1,1,5,5,0.9601261615753174,5,0.0171273835003376,0.03733348846435547,0.0,5,1.7227771282196045,2,0.03284302353858948,0.03895345330238342,0.026473402976989746,5,2.588732957839966,7,0.03517218306660652,0.03999999910593033,0.03023993968963623,0.04
8,8,2,2,0.40809011459350586,2,0.026666676625609398,0.026666760444641113,0.026666641235351562,2,0.9469649791717529,1,0.011240005493164062,0.011240005493164062,0.011239990592002869,2,0.9402918815612793,1,0.011240005493164062,0.011240005493164062,0.011239990592002869,0.04
6,6,1,1,0.5910072326660156,3,0.020576810464262962,0.033333420753479004,0.006666660308837891,1,0.9274468421936035,1,0.038760002702474594,0.03876000642776489,0.03875994682312012,1,0.9562869071960449,1,0.038760002702474594,0.03876000642776489,0.03875994682312012,0.04
5,5,3,3,0.5673770904541016,3,0.02039310708642006,0.033333420753479004,0.006666660308837891,3,1.7276380062103271,2,0.03519860655069351,0.03887659311294556,0.03135651350021362,3,1.1221308708190918,2,0.03877396509051323,0.03940001130104065,0.03811997175216675,0.04
3,4,5,5,0.7650549411773682,4,0.01803932711482048,0.03600013256072998,0.003999948501586914,5,0.9840741157531738,1,0.006240005139261484,0.0062400102615356445,0.006239995360374451,5,0.9714560508728027,1,0.006240005139261484,0.0062400102615356445,0.006239995360374451,0.04
4,4,1,1,0.38709187507629395,2,0.0266666729003191,0.026666760444641113,0.026666641235351562,1,0.9700379371643066,1,0.038760002702474594,0.03876000642776489,0.03875994682312012,1,0.9631376266479492,1,0.038760002702474594,0.03876000642776489,0.03875994682312012,0.04
6,4,7,7,0.39098405838012695,2,0.02666666731238365,0.026666760444641113,0.026666641235351562,7,0.9601659774780273,1,0.03376000002026558,0.033760011196136475,0.0337599515914917,7,0.950383186340332,1,0.03376000002026558,0.033760011196136475,0.0337599515914917,0.04
4,4,0,0,0.3878669738769531,2,0.02666666731238365,0.026666760444641113,0.026666641235351562,0,0.9547131061553955,1,0.038759998977184296,0.03876000642776489,0.03875994682312012,0,0.9354782104492188,1,0.038759998977184296,0.03876000642776489,0.03875994682312012,0.04
3,3,8,8,1.148500919342041,6,0.016803281381726265,0.03809535503387451,0.0,8,3.327470064163208,4,0.02976631373167038,0.03989142179489136,0.01762855052947998,8,5.2846620082855225,20,0.03796965256333351,0.04000002145767212,0.03511995077133179,0.04
5,5,8,8,0.582050085067749,3,0.021856576204299927,0.033333420753479004,0.006666660308837891,8,1.6503028869628906,2,0.027361033484339714,0.039573438465595245,0.012906551361083984,8,1.162869930267334,2,0.03881380707025528,0.03940001130104065,0.03811991214752197,0.04
5,5,4,4,0.5825669765472412,3,0.019989723339676857,0.033333420753479004,0.006666660308837891,4,0.9391698837280273,1,0.0037599923089146614,0.003760010004043579,0.0037599802017211914,4,0.950549840927124,1,0.0037599923089146614,0.003760010004043579,0.0037599802017211914,0.04
3,2,5,5,1.3437941074371338,7,0.015409589745104313,0.03857153654098511,0.0014284849166870117,5,0.9667038917541504,1,0.01624000072479248,0.01624000072479248,0.01623999886214733,5,0.958082914352417,1,0.01624000072479248,0.01624000072479248,0.01623999886214733,0.04
5,6,1,1,0.7504220008850098,4,0.018463486805558205,0.03600013256072998,0.003999948501586914,1,2.470628261566162,3,0.01639796979725361,0.030859708786010742,0.0033396482467651367,1,2.6393890380859375,4,0.02173035591840744,0.03868001699447632,0.001159965991973877,0.04
4,4,3,3,0.5753648281097412,3,0.019551090896129608,0.033333420753479004,0.006666660308837891,3,0.934196949005127,1,0.0037599920760840178,0.003760010004043579,0.0037599802017211914,3,0.9705591201782227,1,0.0037599920760840178,0.003760010004043579,0.0037599802017211914,0.04
2,3,7,7,1.9443142414093018,10,0.01318429596722126,0.03927290439605713,0.0,7,0.916140079498291,1,0.02123999409377575,0.021240025758743286,0.0212399959564209,7,0.9684000015258789,1,0.02123999409377575,0.021240025758743286,0.0212399959564209,0.04
3,3,7,7,1.572702169418335,8,0.014063329435884953,0.03888905048370361,0.0011109709739685059,7,2.412277936935425,3,0.03744197636842728,0.0399627685546875,0.03515404462814331,7,1.1305830478668213,2,0.038777388632297516,0.03940001130104065,0.03811991214752197,0.04
4,3,6,6,1.1493780612945557,6,0.0183660089969635,0.03809535503387451,0.0,6,0.9594359397888184,1,0.031240012496709824,0.03124004602432251,0.031239986419677734,6,0.9710309505462646,1,0.031240012496709824,0.03124004602432251,0.031239986419677734,0.04
3,4,5,5,0.5787026882171631,3,0.019829396158456802,0.033333420753479004,0.006666660308837891,5,0.9158201217651367,1,0.0012399989645928144,0.0012400150299072266,0.0012399852275848389,5,0.9693570137023926,1,0.0012399989645928144,0.0012400150299072266,0.0012399852275848389,0.04
3,3,5,5,1.1679840087890625,6,0.015035207383334637,0.03809535503387451,0.0,5,0.9449818134307861,1,0.008759994059801102,0.008760005235671997,0.00875997543334961,5,0.943554162979126,1,0.008759994059801102,0.008760005235671997,0.00875997543334961,0.04
1,1,4,4,1.1665918827056885,6,0.015057831071317196,0.03809535503387451,0.0,4,1.706902027130127,2,0.038819570094347,0.03887659311294556,0.03864341974258423,4,1.8830931186676025,3,0.036107003688812256,0.03888005018234253,0.031359970569610596,0.04
4,4,7,7,1.3751251697540283,7,0.014512237161397934,0.03857153654098511,0.0014284849166870117,7,0.9349079132080078,1,0.018760010600090027,0.01876002550125122,0.018759965896606445,7,0.9924359321594238,1,0.018760010600090027,0.01876002550125122,0.018759965896606445,0.04
1,1,7,7,1.5364489555358887,8,0.012741152197122574,0.03888905048370361,0.0011109709739685059,7,2.448707103729248,3,0.034994613379240036,0.03996521234512329,0.03026789426803589,7,3.8404431343078613,13,0.0382988303899765,0.04000002145767212,0.035119980573654175,0.04
5,4,3,3,0.6019771099090576,3,0.019461801275610924,0.033333420753479004,0.006666660308837891,3,0.9468989372253418,1,0.006240006070584059,0.0062400102615356445,0.006239995360374451,3,1.0121080875396729,1,0.006240006070584059,0.0062400102615356445,0.006239995360374451,0.04
3,3,7,7,1.3300321102142334,7,0.014563941396772861,0.03857153654098511,0.0014284849166870117,7,0.9485478401184082,1,0.01624000072479248,0.01624000072479248,0.01623999886214733,7,0.9468579292297363,1,0.01624000072479248,0.01624000072479248,0.01623999886214733,0.04
1,1,2,2,0.7548789978027344,4,0.01837882585823536,0.03600013256072998,0.003999948501586914,2,0.9598860740661621,1,0.011240005493164062,0.011240005493164062,0.011239990592002869,2,0.9500439167022705,1,0.011240005493164062,0.011240005493164062,0.011239990592002869,0.04
7,6,0,0,0.5932230949401855,3,0.020315686240792274,0.033333420753479004,0.006666660308837891,0,1.7464277744293213,2,0.021118465811014175,0.03934156894683838,0.0018215179443359375,0,2.50882887840271,6,0.023111701011657715,0.03996000066399574,0.006039977073669434,0.04
6,5,3,3,0.5852527618408203,3,0.02018211968243122,0.033333420753479004,0.006666660308837891,3,1.7201080322265625,2,0.0021609526593238115,0.002441585063934326,3.838539123535156e-05,3,1.6330921649932861,2,0.0021597621962428093,0.002440035343170166,3.999471664428711e-05,0.04
5,4,2,2,0.3919970989227295,2,0.02666667103767395,0.026666760444641113,0.026666641235351562,2,0.9603919982910156,1,0.01624000072479248,0.01624000072479248,0.01623999886214733,2,0.933931827545166,1,0.01624000072479248,0.01624000072479248,0.01623999886214733,0.04
5,5,3,3,0.3891332149505615,2,0.02666667103767395,0.026666760444641113,0.026666641235351562,3,0.9437460899353027,1,0.038760002702474594,0.03876000642776489,0.03875994682312012,3,0.947425127029419,1,0.038760002702474594,0.03876000642776489,0.03875994682312012,0.04
7,7,0,0,0.9748098850250244,5,0.017498835921287537,0.03733348846435547,0.0,0,2.4942238330841064,3,0.03879829868674278,0.039608895778656006,0.037911102175712585,0,2.4033491611480713,4,0.01975741609930992,0.03936004638671875,0.0004799365997314453,0.04
6,6,4,4,0.5721049308776855,3,0.02008875086903572,0.033333420753479004,0.006666660308837891,4,0.9690313339233398,1,0.0037599951028823853,0.003760010004043579,0.0037599802017211914,4,0.9671781063079834,1,0.0037599951028823853,0.003760010004043579,0.0037599802017211914,0.04
1,1,4,4,0.38970518112182617,2,0.0266666729003191,0.026666760444641113,0.026666641235351562,4,0.946141242980957,1,0.02123999409377575,0.021240025758743286,0.0212399959564209,4,0.9724321365356445,1,0.02123999409377575,0.021240025758743286,0.0212399959564209,0.04
3,3,7,7,0.7946019172668457,4,0.017689786851406097,0.03600013256072998,0.003999948501586914,7,0.9351799488067627,1,0.008759990334510803,0.008760005235671997,0.00875997543334961,7,0.9607939720153809,1,0.008759990334510803,0.008760005235671997,0.00875997543334961,0.04
3,3,1,1,0.3903172016143799,2,0.026666684076189995,0.026666760444641113,0.026666641235351562,1,0.9526159763336182,1,0.038760002702474594,0.03876000642776489,0.03875994682312012,1,0.998110294342041,1,0.038760002702474594,0.03876000642776489,0.03875994682312012,0.04
4,4,2,2,0.386829137802124,2,0.02666666731238365,0.026666760444641113,0.026666641235351562,2,0.9440698623657227,1,0.011240001767873764,0.011240005493164062,0.011239990592002869,2,0.9141840934753418,1,0.011240001767873764,0.011240005493164062,0.011239990592002869,0.04
0,0,1,1,0.38968992233276367,2,0.0266666729003191,0.026666760444641113,0.026666641235351562,1,0.9784209728240967,1,0.011240003630518913,0.011240005493164062,0.011239990592002869,1,0.9381330013275146,1,0.011240003630518913,0.011240005493164062,0.011239990592002869,0.04
3,3,8,8,0.3754408359527588,2,0.0266666729003191,0.026666760444641113,0.026666641235351562,8,0.9532918930053711,1,0.038760002702474594,0.03876000642776489,0.03875994682312012,8,0.947537899017334,1,0.038760002702474594,0.03876000642776489,0.03875994682312012,0.04
5,4,7,7,0.9713139533996582,5,0.01681683026254177,0.03733348846435547,0.0,7,0.9400911331176758,1,0.038760002702474594,0.03876000642776489,0.03875994682312012,7,0.9428870677947998,1,0.038760002702474594,0.03876000642776489,0.03875994682312012,0.04
3,3,7,7,0.7847847938537598,4,0.017435796558856964,0.03600013256072998,0.003999948501586914,7,0.9503929615020752,1,0.013760006986558437,0.013760030269622803,0.013759970664978027,7,0.9362759590148926,1,0.013760006986558437,0.013760030269622803,0.013759970664978027,0.04
5,5,2,2,0.7568299770355225,4,0.017642272636294365,0.03600013256072998,0.003999948501586914,2,0.9097893238067627,1,0.0062400042079389095,0.0062400102615356445,0.006239995360374451,2,0.944221019744873,1,0.0062400042079389095,0.0062400102615356445,0.006239995360374451,0.04
3,3,6,6,0.7905170917510986,4,0.01827375590801239,0.03600013256072998,0.003999948501586914,6,0.8976349830627441,1,0.01624000072479248,0.01624000072479248,0.01623999886214733,6,0.9591898918151855,1,0.01624000072479248,0.01624000072479248,0.01623999886214733,0.04
1,1,4,4,0.374741792678833,2,0.033333342522382736,0.033333420753479004,0.03333330154418945,4,0.9506716728210449,1,0.03595000505447388,0.03595000505447388,0.0359499454498291,4,0.955589771270752,1,0.03595000505447388,0.03595000505447388,0.0359499454498291,0.05
6,5,7,7,0.8033480644226074,4,0.021987739950418472,0.04500007629394531,0.004999876022338867,7,0.9502699375152588,1,0.00470000458881259,0.004700005054473877,0.0046999454498291016,7,0.9265379905700684,1,0.00470000458881259,0.004700005054473877,0.0046999454498291016,0.05
4,5,0,0,0.8344810009002686,4,0.02263765223324299,0.04500007629394531,0.004999876022338867,0,1.7327332496643066,2,0.028992919251322746,0.049079328775405884,0.008479297161102295,0,2.27665114402771,5,0.02865862101316452,0.04985004663467407,0.0076499879360198975,0.05
3,3,2,2,0.7811720371246338,4,0.021461591124534607,0.04500007629394531,0.004999876022338867,2,0.9619481563568115,1,0.007799996994435787,0.007800012826919556,0.007799983024597168,2,0.9414918422698975,1,0.007799996994435787,0.007800012826919556,0.007799983024597168,0.05
3,5,1,1,0.3876991271972656,2,0.03333333879709244,0.033333420753479004,0.03333330154418945,1,0.9585247039794922,1,0.04844999685883522,0.04845002293586731,0.04844999313354492,1,0.9230570793151855,1,0.04844999685883522,0.04845002293586731,0.04844999313354492,0.05
4,4,8,8,0.7708568572998047,4,0.024377062916755676,0.04500007629394531,0.004999876022338867,8,1.661440134048462,2,0.026873216032981873,0.04917699098587036,0.0022769272327423096,8,2.8604040145874023,8,0.03659656271338463,0.05000004172325134,0.01959995925426483,0.05
3,3,7,7,1.1536450386047363,6,0.02042553760111332,0.047619134187698364,0.0,7,1.6873831748962402,2,0.04851899668574333,0.04995197057723999,0.04694795608520508,7,2.677865982055664,7,0.04836314916610718,0.05000004172325134,0.04389989376068115,0.05
1,1,2,2,0.7622768878936768,4,0.02274281531572342,0.04500007629394531,0.004999876022338867,2,0.9700191020965576,1,0.010950010269880295,0.010950028896331787,0.010949969291687012,2,0.9381320476531982,1,0.010950010269880295,0.010950028896331787,0.010949969291687012,0.05
3,3,7,7,1.339674949645996,7,0.017661385238170624,0.0482143759727478,0.0017856359481811523,7,0.9038100242614746,1,0.020300015807151794,0.02030003070831299,0.020299971103668213,7,0.9425389766693115,1,0.020300015807151794,0.02030003070831299,0.020299971103668213,0.05
1,1,7,7,1.1099121570587158,6,0.018933042883872986,0.047619134187698364,0.0,7,2.392143964767456,3,0.04695754870772362,0.049953460693359375,0.04394257068634033,7,3.716247081756592,9,0.027414629235863686,0.05000004172325134,0.0,0.05
8,8,2,2,0.3909780979156494,2,0.03333333879709244,0.033333420753479004,0.03333330154418945,2,0.9671869277954102,1,0.04844999685883522,0.04845002293586731,0.04844999313354492,2,0.9570329189300537,1,0.04844999685883522,0.04845002293586731,0.04844999313354492,0.05
6,6,2,2,0.787477970123291,4,0.022740889340639114,0.04500007629394531,0.004999876022338867,2,1.6872270107269287,2,0.02403000183403492,0.028754308819770813,0.01935422420501709,2,2.382654905319214,4,0.024906575679779053,0.03095000982284546,0.01884990930557251,0.05
5,5,8,8,0.39833807945251465,2,0.03333334997296333,0.033333420753479004,0.03333330154418945,8,0.9493241310119629,1,0.04844999685883522,0.04845002293586731,0.04844999313354492,8,0.9566929340362549,1,0.04844999685883522,0.04845002293586731,0.04844999313354492,0.05
3,4,4,4,0.1908280849456787,1,0.0,0.0,0.0,4,0.19362497329711914,0,0.0,0.0,0.0,4,0.18844819068908691,0,0.0,0.0,0.0,0.05
4,4,5,5,0.5644621849060059,3,0.02398601546883583,0.04166674613952637,0.008333325386047363,5,0.9546878337860107,1,0.001550004817545414,0.0015500187873840332,0.0015499591827392578,5,0.9280641078948975,1,0.001550004817545414,0.0015500187873840332,0.0015499591827392578,0.05
6,4,7,7,0.369279146194458,2,0.03333333879709244,0.033333420753479004,0.03333330154418945,7,0.9734001159667969,1,0.032800011336803436,0.03280001878738403,0.03279995918273926,7,0.9573259353637695,1,0.032800011336803436,0.03280001878738403,0.03279995918273926,0.05
4,4,2,2,1.3294079303741455,7,0.018679248169064522,0.0482143759727478,0.0017856359481811523,2,4.954481363296509,6,0.03554019331932068,0.047710120677948,0.021960973739624023,2,2.5870308876037598,5,0.02510557509958744,0.03095000982284546,0.01884990930557251,0.05
3,3,0,0,0.5645849704742432,3,0.025802278891205788,0.04166674613952637,0.008333325386047363,0,1.6805648803710938,2,0.030411934480071068,0.04937070608139038,0.010029256343841553,0,2.6964011192321777,7,0.030782336369156837,0.05000004172325134,0.0074999332427978516,0.05
5,5,6,6,0.7846710681915283,4,0.022228160873055458,0.04500007629394531,0.004999876022338867,6,0.9599721431732178,1,0.010950012132525444,0.010950028896331787,0.010949969291687012,6,0.951164960861206,1,0.010950012132525444,0.010950028896331787,0.010949969291687012,0.05
5,5,0,0,0.7319228649139404,4,0.02305412106215954,0.04500007629394531,0.004999876022338867,0,2.482480764389038,3,0.029343508183956146,0.04997146129608154,0.007587075233459473,0,3.1805813312530518,8,0.02624117024242878,0.05000004172325134,0.001499950885772705,0.05
3,2,6,6,1.3311479091644287,7,0.01804911345243454,0.0482143759727478,0.0017856359481811523,6,0.9677510261535645,1,0.017199993133544922,0.017200008034706116,0.017199993133544922,6,0.9447550773620605,1,0.017199993133544922,0.017200008034706116,0.017199993133544922,0.05
5,6,8,8,0.38420987129211426,2,0.03333333879709244,0.033333420753479004,0.03333330154418945,8,0.9352612495422363,1,0.04844999685883522,0.04845002293586731,0.04844999313354492,8,0.9434990882873535,1,0.04844999685883522,0.04845002293586731,0.04844999313354492,0.05
4,4,3,3,0.5831146240234375,3,0.02463705465197563,0.04166674613952637,0.008333325386047363,3,0.9765520095825195,1,0.0015500071458518505,0.0015500187873840332,0.0015499591827392578,3,0.9617199897766113,1,0.0015500071458518505,0.0015500187873840332,0.0015499591827392578,0.05
2,3,8,8,0.564816951751709,3,0.025177156552672386,0.04166674613952637,0.008333325386047363,8,1.7034070491790771,2,0.02905387617647648,0.049079328775405884,0.00847923755645752,8,2.7135519981384277,7,0.034929633140563965,0.05000004172325134,0.019599974155426025,0.05
3,3,5,5,0.8256590366363525,4,0.022614601999521255,0.04500007629394531,0.004999876022338867,5,0.9707109928131104,1,0.01095001120120287,0.010950028896331787,0.010949969291687012,5,0.9682669639587402,1,0.01095001120120287,0.010950028896331787,0.010949969291687012,0.05
4,3,7,7,1.1477560997009277,6,0.02264394983649254,0.047619134187698364,0.0,7,1.7023019790649414,2,0.03314035013318062,0.0494668185710907,0.01613318920135498,7,1.5005998611450195,4,0.04847736284136772,0.04985004663467407,0.04704998433589935,0.05
3,4,0,0,0.57936692237854,3,0.025142386555671692,0.04166674613952637,0.008333325386047363,0,1.7140889167785645,2,0.021515587344765663,0.0416543185710907,0.0010542869567871094,0,1.3539869785308838,2,0.03604773059487343,0.048250019550323486,0.023649990558624268,0.05
3,3,5,5,1.1648969650268555,6,0.01911310665309429,0.047619134187698364,0.0,5,0.9589629173278809,1,0.0077999974600970745,0.007800012826919556,0.007799983024597168,5,0.9426028728485107,1,0.0077999974600970745,0.007800012826919556,0.007799983024597168,0.05
1,1,2,2,0.9687459468841553,5,0.018497472628951073,0.046666741371154785,0.0,2,0.9407329559326172,1,0.007800000254064798,0.007800012826919556,0.007799983024597168,2,0.9081621170043945,1,0.007800000254064798,0.007800012826919556,0.007799983024597168,0.05
4,4,2,2,0.40522098541259766,2,0.03333333879709244,0.033333420753479004,0.03333330154418945,2,0.9569342136383057,1,0.010950013995170593,0.010950028896331787,0.010949969291687012,2,0.9499368667602539,1,0.010950013995170593,0.010950028896331787,0.010949969291687012,0.05
1,1,7,7,0.962852954864502,5,0.020422164350748062,0.046666741371154785,0.0,7,2.481415033340454,3,0.043797485530376434,0.04995650053024292,0.03783482313156128,7,3.088157892227173,9,0.04824478179216385,0.05000004172325134,0.04389996826648712,0.05
5,4,2,2,0.3809390068054199,2,0.03333333879709244,0.033333420753479004,0.03333330154418945,2,0.963360071182251,1,0.026549996808171272,0.026550009846687317,0.026549935340881348,2,0.9516746997833252,1,0.026549996808171272,0.026550009846687317,0.026549935340881348,0.05
3,3,2,2,0.7684857845306396,4,0.02168799564242363,0.04500007629394531,0.004999876022338867,2,0.951491117477417,1,0.010950017720460892,0.010950028896331787,0.010949969291687012,2,0.958322286605835,1,0.010950017720460892,0.010950028896331787,0.010949969291687012,0.05
1,1,6,6,1.150686264038086,6,0.019936906173825264,0.047619134187698364,0.0,6,1.6846652030944824,2,0.03257545083761215,0.03727072477340698,0.027870655059814453,6,1.5716748237609863,2,0.03370227664709091,0.03595000505447388,0.03144991397857666,0.05
7,6,6,6,0.19347691535949707,1,0.0,0.0,0.0,6,0.18195891380310059,0,0.0,0.0,0.0,6,0.20641303062438965,0,0.0,0.0,0.0,0.05
6,5,1,1,0.4165458679199219,2,0.03333335369825363,0.033333420753479004,0.03333330154418945,1,1.0027849674224854,1,0.004700005054473877,0.004700005054473877,0.0046999454498291016,1,0.9208939075469971,1,0.004700005054473877,0.004700005054473877,0.0046999454498291016,0.05
5,4,2,2,0.39218616485595703,2,0.03333333879709244,0.033333420753479004,0.03333330154418945,2,0.9514029026031494,1,0.014050006866455078,0.014050006866455078,0.014049991965293884,2,0.9762842655181885,1,0.014050006866455078,0.014050006866455078,0.014049991965293884,0.05
5,5,3,3,0.39379405975341797,2,0.03333333879709244,0.033333420753479004,0.03333330154418945,3,0.9295051097869873,1,0.04844999685883522,0.04845002293586731,0.04844999313354492,3,0.9270279407501221,1,0.04844999685883522,0.04845002293586731,0.04844999313354492,0.05
7,7,1,1,0.5856778621673584,3,0.02542450651526451,0.04166674613952637,0.008333325386047363,1,1.7117831707000732,2,0.029973626136779785,0.04555433988571167,0.013845682144165039,1,1.4350862503051758,2,0.039120763540267944,0.04315000772476196,0.03494995832443237,0.05
6,6,4,4,0.574854850769043,3,0.025346336886286736,0.04166674613952637,0.008333325386047363,4,0.9899766445159912,1,0.004700005054473877,0.004700005054473877,0.00469999760389328,4,0.9596118927001953,1,0.004700005054473877,0.004700005054473877,0.00469999760389328,0.05
1,1,7,7,1.3729438781738281,7,0.01769324764609337,0.0482143759727478,0.0017856359481811523,7,0.9697220325469971,1,0.04844999685883522,0.04845002293586731,0.04844999313354492,7,0.9762470722198486,1,0.04844999685883522,0.04845002293586731,0.04844999313354492,0.05
3,3,4,4,0.5650899410247803,3,0.024800483137369156,0.04166674613952637,0.008333325386047363,4,0.9600377082824707,1,0.001550006098113954,0.0015500187873840332,0.0015499591827392578,4,0.9646000862121582,1,0.001550006098113954,0.0015500187873840332,0.0015499591827392578,0.05
3,3,5,5,0.7565097808837891,4,0.022094765678048134,0.04500007629394531,0.004999876022338867,5,0.9216289520263672,1,0.007799988612532616,0.007800012826919556,0.007799983024597168,5,0.9109938144683838,1,0.007799988612532616,0.007800012826919556,0.007799983024597168,0.05
4,4,7,7,0.9073588848114014,4,0.022201983258128166,0.04500007629394531,0.004999876022338867,7,1.0303549766540527,1,0.010950000956654549,0.010950028896331787,0.010949969291687012,7,0.9593660831451416,1,0.010950000956654549,0.010950028896331787,0.010949969291687012,0.05
0,0,1,1,0.3761742115020752,2,0.03333333879709244,0.033333420753479004,0.03333330154418945,1,0.9413869380950928,1,0.010950012132525444,0.010950028896331787,0.010949969291687012,1,0.9732029438018799,1,0.010950012132525444,0.010950028896331787,0.010949969291687012,0.05
3,3,6,6,1.1634788513183594,6,0.018578043207526207,0.047619134187698364,0.0,6,0.9585080146789551,1,0.007799995131790638,0.007800012826919556,0.007799983024597168,6,0.9488017559051514,1,0.007799995131790638,0.007800012826919556,0.007799983024597168,0.05
5,4,7,7,1.3579559326171875,7,0.018337810412049294,0.0482143759727478,0.0017856359481811523,7,0.9636139869689941,1,0.04844999685883522,0.04845002293586731,0.04844999313354492,7,0.9914941787719727,1,0.04844999685883522,0.04845002293586731,0.04844999313354492,0.05
3,3,4,4,0.5596828460693359,3,0.025033438578248024,0.04166674613952637,0.008333325386047363,4,0.9704689979553223,1,0.0015500017907470465,0.0015500187873840332,0.0015499591827392578,4,0.9440431594848633,1,0.0015500017907470465,0.0015500187873840332,0.0015499591827392578,0.05
5,5,8,8,0.3886988162994385,2,0.03333333879709244,0.033333420753479004,0.03333330154418945,8,0.9665610790252686,1,0.04844999685883522,0.04845002293586731,0.04844999313354492,8,0.9854650497436523,1,0.04844999685883522,0.04845002293586731,0.04844999313354492,0.05
3,3,1,1,0.5739881992340088,3,0.02582310326397419,0.04166674613952637,0.008333325386047363,1,0.9743309020996094,1,0.04844999685883522,0.04845002293586731,0.04844999313354492,1,0.9615199565887451,1,0.04844999685883522,0.04845002293586731,0.04844999313354492,0.05
1,1,7,7,1.5569169521331787,8,0.02042258344590664,0.05833345651626587,0.0016665458679199219,7,1.7226059436798096,2,0.021042024716734886,0.03709268569946289,0.0033726096153259277,7,1.5178749561309814,2,0.028808223083615303,0.042060017585754395,0.014219939708709717,0.06
6,5,5,5,0.1954660415649414,1,0.0,0.0,0.0,5,0.19132494926452637,0,0.0,0.0,0.0,5,0.1875629425048828,0,0.0,0.0,0.0,0.06
4,5,7,7,0.9587929248809814,5,0.024425871670246124,0.05600011348724365,0.0,7,0.9634790420532227,1,0.013140013441443443,0.01314002275466919,0.013139963150024414,7,0.9187490940093994,1,0.013140013441443443,0.01314002275466919,0.013139963150024414,0.06
3,3,5,5,1.1704981327056885,6,0.022227060049772263,0.05714297294616699,0.0,5,0.9226360321044922,1,0.005640010349452496,0.0056400299072265625,0.005639970302581787,5,0.9618771076202393,1,0.005640010349452496,0.0056400299072265625,0.005639970302581787,0.06
3,5,0,0,0.5647377967834473,3,0.030093800276517868,0.05000007152557373,0.009999990463256836,0,1.6771042346954346,2,0.01640966162085533,0.029259860515594482,0.0029798150062561035,0,1.3532862663269043,2,0.013070718385279179,0.020640015602111816,0.005159974098205566,0.06
4,4,8,8,0.5845592021942139,3,0.030927136540412903,0.05000007152557373,0.009999990463256836,8,1.6915831565856934,2,0.040120527148246765,0.05936017632484436,0.019359827041625977,8,2.7515511512756348,7,0.046993352472782135,0.060000017285346985,0.030839979648590088,0.06
3,3,6,6,0.36893486976623535,2,0.040000006556510925,0.040000081062316895,0.039999961853027344,6,0.9388899803161621,1,0.043139997869729996,0.043140001595020294,0.04313993453979492,6,0.9130640029907227,1,0.043139997869729996,0.043140001595020294,0.04313993453979492,0.06
1,1,7,7,1.1663858890533447,6,0.022319650277495384,0.05714297294616699,0.0,7,3.9792439937591553,5,0.03143094480037689,0.059997767210006714,0.0017468929290771484,7,5.609806060791016,17,0.03848708048462868,0.060000061988830566,0.013439953327178955,0.06
3,3,1,1,0.379030704498291,2,0.03999999910593033,0.040000081062316895,0.039999961853027344,1,0.9830319881439209,1,0.05813999101519585,0.05814000964164734,0.058139920234680176,1,0.9612228870391846,1,0.05813999101519585,0.05814000964164734,0.058139920234680176,0.06
1,1,5,5,0.9695749282836914,5,0.024602366611361504,0.05600011348724365,0.0,5,1.6820862293243408,2,0.05269557982683182,0.05831485986709595,0.04703474044799805,5,1.875925064086914,3,0.052655961364507675,0.059100016951560974,0.04625988006591797,0.06
8,8,5,5,0.7520461082458496,4,0.02583433873951435,0.054000139236450195,0.005999922752380371,5,0.9677639007568359,1,0.005640020594000816,0.0056400299072265625,0.005639970302581787,5,0.9237511157989502,1,0.005640020594000816,0.0056400299072265625,0.005639970302581787,0.06
6,6,1,1,0.38657474517822266,2,0.040000006556510925,0.040000081062316895,0.039999961853027344,1,0.9465458393096924,1,0.043139997869729996,0.043140001595020294,0.04313993453979492,1,0.9394769668579102,1,0.043139997869729996,0.043140001595020294,0.04313993453979492,0.06
5,5,0,0,0.5750021934509277,3,0.03072730451822281,0.05000007152557373,0.009999990463256836,0,1.7306828498840332,2,0.030835580080747604,0.05138017237186432,0.010100126266479492,0,1.3683850765228271,2,0.046913258731365204,0.05838000774383545,0.035339951515197754,0.06
3,4,6,6,0.791651725769043,4,0.027091199532151222,0.054000139236450195,0.005999922752380371,6,0.9703609943389893,1,0.016860008239746094,0.016860008239746094,0.016859998926520348,6,0.9589059352874756,1,0.016860008239746094,0.016860008239746094,0.016859998926520348,0.06
4,4,3,3,0.5820350646972656,3,0.02988174930214882,0.05000007152557373,0.009999990463256836,3,0.9605660438537598,1,0.0018600061303004622,0.0018600225448608398,0.0018599927425384521,3,0.9534018039703369,1,0.0018600061303004622,0.0018600225448608398,0.0018599927425384521,0.06
6,4,3,3,0.42447495460510254,2,0.03999999910593033,0.040000081062316895,0.039999961853027344,3,0.9974319934844971,1,0.03185999393463135,0.031860001385211945,0.03185999393463135,3,0.9219770431518555,1,0.03185999393463135,0.031860001385211945,0.03185999393463135,0.06
4,4,3,3,0.39456796646118164,2,0.03999999910593033,0.040000081062316895,0.039999961853027344,3,0.9059927463531494,1,0.03185999393463135,0.031860001385211945,0.03185999393463135,3,0.9631302356719971,1,0.03185999393463135,0.031860001385211945,0.03185999393463135,0.06
3,3,2,2,0.7777411937713623,4,0.026760993525385857,0.054000139236450195,0.005999922752380371,2,0.976423978805542,1,0.013140006922185421,0.01314002275466919,0.013139963150024414,2,0.9586360454559326,1,0.013140006922185421,0.01314002275466919,0.013139963150024414,0.06
5,5,2,2,0.38913702964782715,2,0.040000006556510925,0.040000081062316895,0.039999961853027344,2,0.9641871452331543,1,0.028140006586909294,0.028140008449554443,0.028139948844909668,2,0.9544410705566406,1,0.028140006586909294,0.028140008449554443,0.028139948844909668,0.06
5,5,4,4,0.5923240184783936,3,0.03037388063967228,0.05000007152557373,0.009999990463256836,4,1.7083327770233154,2,0.03219257667660713,0.05912765860557556,0.004592299461364746,4,2.664435863494873,7,0.030965516343712807,0.060000017285346985,0.001799941062927246,0.06
3,2,4,4,0.7756578922271729,4,0.026928331702947617,0.054000139236450195,0.005999922752380371,4,0.9322679042816162,1,0.016860008239746094,0.016860008239746094,0.016859998926520348,4,0.955725908279419,1,0.016860008239746094,0.016860008239746094,0.016859998926520348,0.06
5,6,1,1,0.5606682300567627,3,0.030333226546645164,0.05000007152557373,0.009999990463256836,1,1.6375300884246826,2,0.035220056772232056,0.05924484133720398,0.012035131454467773,1,2.6324119567871094,7,0.04665273800492287,0.060000017285346985,0.030839979648590088,0.06
4,4,7,7,0.9601962566375732,5,0.024109650403261185,0.05600011348724365,0.0,7,0.915729284286499,1,0.013140006922185421,0.01314002275466919,0.013139963150024414,7,1.0519790649414062,1,0.013140006922185421,0.01314002275466919,0.013139963150024414,0.06
2,3,4,4,0.5895998477935791,3,0.029717260971665382,0.05000007152557373,0.009999990463256836,4,1.6939270496368408,2,0.002979831537231803,0.0036623477935791016,5.7578086853027344e-05,4,1.6940701007843018,2,0.0029783823993057013,0.0036600232124328613,5.9992074966430664e-05,0.06
3,3,7,7,0.9487109184265137,5,0.02372078038752079,0.05600011348724365,0.0,7,0.9521811008453369,1,0.05813998356461525,0.05814000964164734,0.058139920234680176,7,0.8867132663726807,1,0.05813998356461525,0.05814000964164734,0.058139920234680176,0.06
4,3,1,1,0.38457489013671875,2,0.03999999910593033,0.040000081062316895,0.039999961853027344,1,0.9231140613555908,1,0.05813998356461525,0.05814000964164734,0.058139920234680176,1,0.9198310375213623,1,0.05813998356461525,0.05814000964164734,0.058139920234680176,0.06
3,4,0,0,0.6096401214599609,3,0.03006908856332302,0.05000007152557373,0.009999990463256836,0,1.7178843021392822,2,0.023538896813988686,0.044019848108291626,0.002739831805229187,0,1.5691230297088623,2,0.03581616282463074,0.058500006794929504,0.012779995799064636,0.06
3,3,5,5,1.180114984512329,6,0.022875407710671425,0.05714297294616699,0.0,5,1.7241971492767334,2,0.008671623654663563,0.010929882526397705,0.00720977783203125,5,1.5081520080566406,3,0.007255495060235262,0.009360015392303467,0.00467991828918457,0.06
1,1,0,0,0.3982999324798584,2,0.040000006556510925,0.040000081062316895,0.039999961853027344,0,0.9208569526672363,1,0.020640013739466667,0.020640015602111816,0.020640000700950623,0,0.9677319526672363,1,0.020640013739466667,0.020640015602111816,0.020640000700950623,0.06
4,4,3,3,0.5845077037811279,3,0.02997581660747528,0.05000007152557373,0.009999990463256836,3,0.9508688449859619,1,0.005640013609081507,0.0056400299072265625,0.005639970302581787,3,0.9430418014526367,1,0.005640013609081507,0.0056400299072265625,0.005639970302581787,0.06
1,1,4,4,0.7630190849304199,4,0.027145568281412125,0.054000139236450195,0.005999922752380371,4,0.9561471939086914,1,0.020640011876821518,0.020640015602111816,0.02063995599746704,4,0.9332070350646973,1,0.020640011876821518,0.020640015602111816,0.02063995599746704,0.06
5,4,0,0,0.7864151000976562,4,0.028506536036729813,0.054000139236450195,0.005999922752380371,0,2.3913280963897705,3,0.040570009499788284,0.05896979570388794,0.01975017786026001,0,2.0391740798950195,4,0.029396001249551773,0.058560073375701904,0.0008399486541748047,0.06
3,3,0,0,0.5692598819732666,3,0.03037441335618496,0.05000007152557373,0.009999990463256836,0,1.6901578903198242,2,0.03049958124756813,0.05901235342025757,0.0027322769165039062,0,1.8894901275634766,3,0.03058542124927044,0.059100016951560974,0.0026999711990356445,0.06
1,1,4,4,0.38404417037963867,2,0.03999999910593033,0.040000081062316895,0.039999961853027344,4,0.9480228424072266,1,0.039359983056783676,0.03936000168323517,0.0393599271774292,4,0.9113318920135498,1,0.039359983056783676,0.03936000168323517,0.0393599271774292,0.06
7,6,5,5,0.5589168071746826,3,0.03002922795712948,0.05000007152557373,0.009999990463256836,5,0.9689130783081055,1,0.0018600093899294734,0.0018600225448608398,0.0018599927425384521,5,0.9508039951324463,1,0.0018600093899294734,0.0018600225448608398,0.0018599927425384521,0.06
6,5,8,8,0.3696482181549072,2,0.04000001400709152,0.040000081062316895,0.039999961853027344,8,0.9781591892242432,1,0.02436000108718872,0.02436000108718872,0.024359941482543945,8,0.9629261493682861,1,0.02436000108718872,0.02436000108718872,0.024359941482543945,0.06
5,4,4,4,0.18583011627197266,1,0.0,0.0,0.0,4,0.19057321548461914,0,0.0,0.0,0.0,4,0.19372987747192383,0,0.0,0.0,0.0,0.06
5,5,7,7,0.36838412284851074,2,0.04000000283122063,0.040000081062316895,0.039999961853027344,7,0.964306116104126,1,0.03564000129699707,0.03564000129699707,0.035639941692352295,7,0.9388940334320068,1,0.03564000129699707,0.03564000129699707,0.035639941692352295,0.06
7,7,3,3,0.5830798149108887,3,0.030294431373476982,0.05000007152557373,0.009999990463256836,3,1.662168025970459,2,0.03198426216840744,0.05912765860557556,0.004592299461364746,3,1.8372993469238281,3,0.038845568895339966,0.059100016951560974,0.01721998304128647,0.06
6,6,3,3,0.3983421325683594,2,0.040000006556510925,0.040000081062316895,0.039999961853027344,3,0.961885929107666,1,0.013140005059540272,0.01314002275466919,0.013139992952346802,3,0.9210388660430908,1,0.013140005059540272,0.01314002275466919,0.013139992952346802,0.06
1,1,2,2,0.5578088760375977,3,0.029597414657473564,0.05000007152557373,0.009999990463256836,2,1.722231149673462,2,0.0032283051405102015,0.0036623477935791016,5.7578086853027344e-05,2,1.7202727794647217,2,0.0032265319023281336,0.0036600232124328613,5.9992074966430664e-05,0.06
3,3,4,4,0.567133903503418,3,0.0299930889159441,0.05000007152557373,0.009999990463256836,4,0.9596250057220459,1,0.0018600079929456115,0.0018600225448608398,0.0018599927425384521,4,0.9510531425476074,1,0.0018600079929456115,0.0018600225448608398,0.0018599927425384521,0.06
3,3,1,1,0.38461780548095703,2,0.040000010281801224,0.040000081062316895,0.039999961853027344,1,0.9879310131072998,1,0.05436002463102341,0.054360032081604004,0.05435991287231445,1,0.9852080345153809,1,0.05436002463102341,0.054360032081604004,0.05435991287231445,0.06
4,4,2,2,0.3669710159301758,2,0.03999999910593033,0.040000081062316895,0.039999961853027344,2,0.9681410789489746,1,0.013139995746314526,0.01314002275466919,0.013139963150024414,2,0.9890990257263184,1,0.013139995746314526,0.01314002275466919,0.013139963150024414,0.06
0,0,8,8,0.5925970077514648,3,0.031069567427039146,0.05000007152557373,0.009999990463256836,8,1.670886754989624,2,0.03151242807507515,0.05901235342025757,0.0027322769165039062,8,2.661494016647339,7,0.042050089687108994,0.060000017285346985,0.02351987361907959,0.06
3,3,0,0,0.5708229541778564,3,0.02992054633796215,0.05000007152557373,0.009999990463256836,0,1.722593069076538,2,0.029692720621824265,0.05444016307592392,0.0057201385498046875,0,1.738595962524414,2,0.026502113789319992,0.05064000189304352,0.003119945526123047,0.06
5,4,4,4,0.19104790687561035,1,0.0,0.0,0.0,4,0.1920919418334961,0,0.0,0.0,0.0,4,0.19837403297424316,0,0.0,0.0,0.0,0.06
3,3,6,6,1.16731595993042,6,0.021652929484844208,0.05714297294616699,0.0,6,0.9379029273986816,1,0.005640008021146059,0.0056400299072265625,0.005639970302581787,6,0.9751937389373779,1,0.005640008021146059,0.0056400299072265625,0.005639970302581787,0.06
5,5,4,4,0.5785958766937256,3,0.03030957654118538,0.05000007152557373,0.009999990463256836,4,1.699282169342041,2,0.03953723981976509,0.05936017632484436,0.019359827041625977,4,2.626466989517212,7,0.04545772448182106,0.060000017285346985,0.030839920043945312,0.06
3,3,5,5,1.1404290199279785,6,0.02263469435274601,0.05714297294616699,0.0,5,0.9383900165557861,1,0.009360009804368019,0.009360015392303467,0.009359955787658691,5,0.9475760459899902,1,0.009360009804368019,0.009360015392303467,0.009359955787658691,0.06
1,1,2,2,0.5709888935089111,3,0.03488559648394585,0.058333396911621094,0.011666655540466309,2,0.9737741947174072,1,0.002170016523450613,0.0021700263023376465,0.002169966697692871,2,0.9468162059783936,1,0.002170016523450613,0.0021700263023376465,0.002169966697692871,0.07
6,5,5,5,0.1862483024597168,1,0.0,0.0,0.0,5,0.193007230758667,0,0.0,0.0,0.0,5,0.1922910213470459,0,0.0,0.0,0.0,0.07
4,5,7,7,0.9810500144958496,5,0.028082843869924545,0.06533348560333252,0.0,7,0.9790298938751221,1,0.01091998815536499,0.010920003056526184,0.01091998815536499,7,0.9575278759002686,1,0.01091998815536499,0.010920003056526184,0.01091998815536499,0.07
3,3,1,1,0.391895055770874,2,0.04666667804121971,0.046666741371154785,0.046666622161865234,1,0.9628169536590576,1,0.032829999923706055,0.032829999923706055,0.032829999923706055,1,0.9738578796386719,1,0.032829999923706055,0.032829999923706055,0.032829999923706055,0.07
3,5,4,4,0.5786080360412598,3,0.035115014761686325,0.058333396911621094,0.011666655540466309,4,1.783339023590088,2,0.05731584504246712,0.06816864013671875,0.04632848501205444,4,2.5740342140197754,7,0.061437834054231644,0.0700000524520874,0.052919983863830566,0.07
4,4,3,3,0.37219905853271484,2,0.046666670590639114,0.046666741371154785,0.046666622161865234,3,0.8332948684692383,1,0.024079997092485428,0.02408003807067871,0.024079978466033936,3,0.901731014251709,1,0.024079997092485428,0.02408003807067871,0.024079978466033936,0.07
3,3,5,5,0.38541579246520996,2,0.04666667804121971,0.046666741371154785,0.046666622161865234,5,0.8877959251403809,1,0.028419988229870796,0.02842003107070923,0.028419971466064453,5,0.8535008430480957,1,0.028419988229870796,0.02842003107070923,0.028419971466064453,0.07
1,1,0,0,0.3491692543029785,2,0.04666667431592941,0.046666741371154785,0.046666622161865234,0,0.876082181930542,1,0.01967000775039196,0.01967000961303711,0.019669994711875916,0,0.8676590919494629,1,0.01967000775039196,0.01967000961303711,0.019669994711875916,0.07
3,3,2,2,0.3518106937408447,2,0.04666667804121971,0.046666741371154785,0.046666622161865234,2,0.8853509426116943,1,0.01967000775039196,0.01967000961303711,0.019669994711875916,2,0.8760788440704346,1,0.01967000775039196,0.01967000961303711,0.019669994711875916,0.07
1,1,7,7,0.8885290622711182,5,0.029020529240369797,0.06533348560333252,0.0,7,2.83545184135437,4,0.06788931041955948,0.06995725631713867,0.06570273637771606,7,4.0197718143463135,10,0.05023409426212311,0.0700000524520874,0.023239970207214355,0.07
8,8,0,0,0.3419039249420166,2,0.04666667804121971,0.046666741371154785,0.046666622161865234,0,0.9004509449005127,1,0.0284199770539999,0.02842003107070923,0.028419971466064453,0,0.8884859085083008,1,0.0284199770539999,0.02842003107070923,0.028419971466064453,0.07
6,6,1,1,0.3527719974517822,2,0.04666667431592941,0.046666741371154785,0.046666622161865234,1,0.8827118873596191,1,0.04158000648021698,0.04158008098602295,0.041579991579055786,1,0.9242579936981201,1,0.04158000648021698,0.04158008098602295,0.041579991579055786,0.07
5,5,3,3,0.7799997329711914,4,0.03124796226620674,0.06300008296966553,0.0069999098777771,3,1.0889909267425537,1,0.06782995909452438,0.06783008575439453,0.06782996654510498,3,0.9349040985107422,1,0.06782995909452438,0.06783008575439453,0.06782996654510498,0.07
3,4,0,0,0.6094717979431152,3,0.03627728298306465,0.058333396911621094,0.011666655540466309,0,1.6552209854125977,2,0.04904339462518692,0.06843984127044678,0.029099702835083008,0,2.618798017501831,7,0.04482618346810341,0.0700000524520874,0.01903998851776123,0.07
4,4,0,0,0.6601581573486328,3,0.03519190102815628,0.058333396911621094,0.011666655540466309,0,1.9028279781341553,2,0.03287709876894951,0.06420159339904785,0.0014584660530090332,0,1.8901879787445068,2,0.03510604798793793,0.05908006429672241,0.011059999465942383,0.07
6,4,7,7,0.4762110710144043,2,0.04666668549180031,0.046666741371154785,0.046666622161865234,7,1.1596319675445557,1,0.032829999923706055,0.032829999923706055,0.032829999923706055,7,1.0431227684020996,1,0.032829999923706055,0.032829999923706055,0.032829999923706055,0.07
4,4,7,7,0.7908098697662354,4,0.031988564878702164,0.06300008296966553,0.006999850273132324,7,1.033979892730713,1,0.010919994674623013,0.010920047760009766,0.01091998815536499,7,1.0145041942596436,1,0.010919994674623013,0.010920047760009766,0.01091998815536499,0.07
3,3,4,4,0.7584309577941895,4,0.030832873657345772,0.06300008296966553,0.006999850273132324,4,0.9221839904785156,1,0.00657999562099576,0.00658000260591507,0.006579995155334473,4,1.0384318828582764,1,0.00657999562099576,0.00658000260591507,0.006579995155334473,0.07
5,5,3,3,0.40947580337524414,2,0.04666668549180031,0.046666741371154785,0.046666622161865234,3,1.111124038696289,1,0.04592001438140869,0.04592001438140869,0.045919984579086304,3,1.0625338554382324,1,0.04592001438140869,0.04592001438140869,0.045919984579086304,0.07
5,5,6,6,0.8585519790649414,4,0.030332131311297417,0.06300008296966553,0.006999850273132324,6,0.9936540126800537,1,0.002170009771361947,0.0021700263023376465,0.002169966697692871,6,1.0246188640594482,1,0.002170009771361947,0.0021700263023376465,0.002169966697692871,0.07
3,2,2,2,0.2333240509033203,1,0.0,0.0,0.0,2,0.20836114883422852,0,0.0,0.0,0.0,2,0.20827007293701172,0,0.0,0.0,0.0,0.07
5,6,1,1,0.6688358783721924,3,0.035426583141088486,0.058333396911621094,0.011666655540466309,1,1.8270108699798584,2,0.054924800992012024,0.06952477246522903,0.03981521725654602,1,2.9600470066070557,7,0.05064365267753601,0.06999999284744263,0.027439996600151062,0.07
4,4,5,5,1.2743721008300781,6,0.02640523947775364,0.06666684150695801,0.0,5,2.7615480422973633,3,0.06771295517683029,0.06993913650512695,0.06572091579437256,5,5.4478747844696045,16,0.0460156612098217,0.0700000524520874,0.021279990673065186,0.07
2,3,3,3,0.23586297035217285,1,0.0,0.0,0.0,3,0.23230600357055664,0,0.0,0.0,0.0,3,0.26065683364868164,0,0.0,0.0,0.0,0.07
3,3,2,2,0.41532373428344727,2,0.04666667804121971,0.046666741371154785,0.046666622161865234,2,1.1576430797576904,1,0.015330004505813122,0.015330016613006592,0.015329957008361816,2,0.9659960269927979,1,0.015330004505813122,0.015330016613006592,0.015329957008361816,0.07
4,3,2,2,0.8761496543884277,4,0.030347567051649094,0.06300008296966553,0.006999850273132324,2,0.9642901420593262,1,0.01967000775039196,0.01967000961303711,0.019669994711875916,2,1.0073628425598145,1,0.01967000775039196,0.01967000961303711,0.019669994711875916,0.07
3,4,6,6,1.1533739566802979,6,0.02534780465066433,0.06666678190231323,0.0,6,1.0126891136169434,1,0.0021700041834264994,0.0021700263023376465,0.002169996500015259,6,0.9061911106109619,1,0.0021700041834264994,0.0021700263023376465,0.002169996500015259,0.07
3,3,2,2,0.8041708469390869,4,0.03043508157134056,0.06300008296966553,0.006999850273132324,2,0.9364712238311768,1,0.00657999562099576,0.00658000260591507,0.006579995155334473,2,1.0466699600219727,1,0.00657999562099576,0.00658000260591507,0.006579995155334473,0.07
1,1,7,7,0.769212007522583,4,0.031157739460468292,0.06300008296966553,0.006999969482421875,7,1.7018201351165771,2,0.010645708069205284,0.012751489877700806,0.0084114670753479,7,1.8178629875183105,2,0.010973870754241943,0.012740015983581543,0.009099960327148438,0.07
4,4,0,0,0.8068861961364746,4,0.031195037066936493,0.06300008296966553,0.006999850273132324,0,2.843888998031616,3,0.03452461212873459,0.06891214847564697,0.0009008049964904785,0,2.293534994125366,3,0.03522241488099098,0.06895005702972412,0.0031499862670898438,0.07
1,1,2,2,1.2334609031677246,6,0.025274017825722694,0.06666684150695801,0.0,2,0.9450020790100098,1,0.00657999562099576,0.00658000260591507,0.006579995155334473,2,0.9580109119415283,1,0.00657999562099576,0.00658000260591507,0.006579995155334473,0.07
5,4,1,1,0.38880491256713867,2,0.04666667431592941,0.046666741371154785,0.046666622161865234,1,0.9198787212371826,1,0.06782996654510498,0.06783008575439453,0.06782996654510498,1,0.9144120216369629,1,0.06782996654510498,0.06783008575439453,0.06782996654510498,0.07
3,3,8,8,0.3812448978424072,2,0.04666667804121971,0.046666741371154785,0.046666622161865234,8,0.9440310001373291,1,0.05032997950911522,0.05033004283905029,0.05032998323440552,8,0.9158270359039307,1,0.05032997950911522,0.05033004283905029,0.05032998323440552,0.07
1,1,6,6,0.7421042919158936,4,0.032120171934366226,0.06300008296966553,0.006999850273132324,6,2.3536579608917236,3,0.03488410264253616,0.03917396068572998,0.030628442764282227,6,1.4207689762115479,2,0.03484360873699188,0.03717005252838135,0.03254997730255127,0.07
7,6,0,0,0.5564169883728027,3,0.03568482771515846,0.058333396911621094,0.011666655540466309,0,1.5440928936004639,2,0.041818853467702866,0.06568360328674316,0.017523519694805145,0,1.5684328079223633,2,0.04184465855360031,0.06342005729675293,0.01987999677658081,0.07
6,5,4,4,0.5696170330047607,3,0.035416971892118454,0.058333396911621094,0.011666655540466309,4,1.6795868873596191,2,0.04226933792233467,0.0655665397644043,0.01759350299835205,4,1.1715731620788574,2,0.05931537598371506,0.06727004051208496,0.05088996887207031,0.07
5,4,3,3,0.533566951751709,3,0.03488311916589737,0.058333396911621094,0.011666655540466309,3,0.9169468879699707,1,0.00657999562099576,0.00658000260591507,0.006579995155334473,3,0.908499002456665,1,0.00657999562099576,0.00658000260591507,0.006579995155334473,0.07
5,5,1,1,0.7355329990386963,4,0.03447628766298294,0.06300008296966553,0.006999850273132324,1,2.4046099185943604,3,0.06802722066640854,0.0697476863861084,0.06591230630874634,1,1.881330966949463,3,0.03514648601412773,0.06811010837554932,0.006649911403656006,0.07
7,7,8,8,0.3639850616455078,2,0.04666667431592941,0.046666741371154785,0.046666622161865234,8,0.8609793186187744,1,0.015330003574490547,0.015330016613006592,0.015329957008361816,8,0.8750629425048828,1,0.015330003574490547,0.015330016613006592,0.015329957008361816,0.07
6,6,8,8,0.4013068675994873,2,0.046666670590639114,0.046666741371154785,0.046666622161865234,8,0.9102098941802979,1,0.02407999522984028,0.024080008268356323,0.024079978466033936,8,0.8988878726959229,1,0.02407999522984028,0.024080008268356323,0.024079978466033936,0.07
1,1,2,2,0.5976030826568604,3,0.03467509523034096,0.058333396911621094,0.011666655540466309,2,0.8954408168792725,1,0.002170008607208729,0.0021700263023376465,0.002169966697692871,2,0.9058618545532227,1,0.002170008607208729,0.0021700263023376465,0.002169966697692871,0.07
3,3,1,1,0.36856794357299805,2,0.04666667431592941,0.046666741371154785,0.046666622161865234,1,0.9205300807952881,1,0.032829999923706055,0.032829999923706055,0.032829999923706055,1,0.9118139743804932,1,0.032829999923706055,0.032829999923706055,0.032829999923706055,0.07
3,3,1,1,0.3635561466217041,2,0.04666668549180031,0.046666741371154785,0.046666622161865234,1,0.9110772609710693,1,0.06782996654510498,0.06783008575439453,0.06782996654510498,1,0.923975944519043,1,0.06782996654510498,0.06783008575439453,0.06782996654510498,0.07
4,4,7,7,1.1633641719818115,6,0.0251015592366457,0.06666684150695801,0.0,7,0.9130730628967285,1,0.010919999331235886,0.010920047760009766,0.01091998815536499,7,0.9058828353881836,1,0.010919999331235886,0.010920047760009766,0.01091998815536499,0.07
0,0,7,7,0.9362311363220215,5,0.02894817478954792,0.06533348560333252,0.0,7,2.33024001121521,3,0.06577330827713013,0.06993484497070312,0.06151968240737915,7,2.1425821781158447,5,0.06677167117595673,0.06951010227203369,0.061949968338012695,0.07
3,3,2,2,0.7570858001708984,4,0.0307717677205801,0.06300008296966553,0.006999850273132324,2,0.8844218254089355,1,0.00657999562099576,0.00658000260591507,0.006579995155334473,2,0.9104797840118408,1,0.00657999562099576,0.00658000260591507,0.006579995155334473,0.07
5,4,0,0,0.5537009239196777,3,0.03572699427604675,0.058333396911621094,0.011666655540466309,0,0.9265849590301514,1,0.05466998368501663,0.054670095443725586,0.054669976234436035,0,0.8969600200653076,1,0.05466998368501663,0.054670095443725586,0.054669976234436035,0.07
3,3,5,5,1.2984108924865723,7,0.02432095631957054,0.06750023365020752,0.002499818801879883,5,1.5886409282684326,2,0.03746671602129936,0.06898236274719238,0.005357682704925537,5,2.625216007232666,7,0.05298242345452309,0.0700000524520874,0.0359799861907959,0.07
5,5,0,0,0.5741808414459229,3,0.03498821333050728,0.058333396911621094,0.011666655540466309,0,1.7073249816894531,2,0.05067365989089012,0.06939029693603516,0.031269729137420654,0,2.602802276611328,7,0.03802386298775673,0.0700000524520874,0.0020999908447265625,0.07
3,3,4,4,0.5748727321624756,3,0.035137955099344254,0.058333396911621094,0.011666655540466309,4,0.9143390655517578,1,0.0021700055804103613,0.0021700263023376465,0.002169966697692871,4,0.8833179473876953,1,0.0021700055804103613,0.0021700263023376465,0.002169966697692871,0.07
1,1,4,4,0.38857007026672363,2,0.0533333346247673,0.053333401679992676,0.053333282470703125,4,0.9177401065826416,1,0.037519995123147964,0.03752005100250244,0.037519991397857666,4,0.8796248435974121,1,0.037519995123147964,0.03752005100250244,0.037519991397857666,0.08
6,5,5,5,0.18578505516052246,1,0.0,0.0,0.0,5,0.1894989013671875,0,0.0,0.0,0.0,5,0.17966413497924805,0,0.0,0.0,0.0,0.08
4,5,0,0,0.5717456340789795,3,0.040324535220861435,0.06666672229766846,0.013333320617675781,0,1.6722331047058105,2,0.06764223426580429,0.07961320877075195,0.055426836013793945,0,2.5420260429382324,7,0.06545476615428925,0.07999999821186066,0.050879985094070435,0.08
3,3,7,7,1.3167340755462646,7,0.027929000556468964,0.07714295387268066,0.002857029438018799,7,0.9093649387359619,1,0.02752000093460083,0.027520060539245605,0.02752000093460083,7,0.9404921531677246,1,0.02752000093460083,0.027520060539245605,0.02752000093460083,0.08
3,5,8,8,0.37327098846435547,2,0.0533333420753479,0.053333401679992676,0.053333282470703125,8,0.8965990543365479,1,0.0424799881875515,0.04248005151748657,0.0424799919128418,8,0.8922200202941895,1,0.0424799881875515,0.04248005151748657,0.0424799919128418,0.08
4,4,1,1,0.5397598743438721,3,0.039519548416137695,0.06666672229766846,0.013333320617675781,1,1.684413194656372,2,0.027581149712204933,0.04882693290710449,0.0062131136655807495,1,2.0728392601013184,3,0.02179895155131817,0.04136002063751221,0.004879951477050781,0.08
3,3,4,4,0.7488870620727539,4,0.035187073051929474,0.07200014591217041,0.007999897003173828,4,0.8527092933654785,1,0.012480005621910095,0.012480020523071289,0.012479990720748901,4,0.9078969955444336,1,0.012480005621910095,0.012480020523071289,0.012479990720748901,0.08
1,1,3,3,0.37726902961730957,2,0.0533333346247673,0.053333401679992676,0.053333282470703125,3,0.9000799655914307,1,0.02247999981045723,0.022480010986328125,0.022479981184005737,3,0.9068973064422607,1,0.02247999981045723,0.022480010986328125,0.022479981184005737,0.08
3,3,2,2,0.3876039981842041,2,0.0533333346247673,0.053333401679992676,0.053333282470703125,2,0.8930001258850098,1,0.02248000167310238,0.022480010986328125,0.022479981184005737,2,0.8758139610290527,1,0.02248000167310238,0.022480010986328125,0.022479981184005737,0.08
1,1,7,7,0.9382820129394531,5,0.03202742338180542,0.07466685771942139,0.0,7,3.110105037689209,4,0.06766369938850403,0.07975411415100098,0.055285900831222534,7,3.254601001739502,8,0.06721565872430801,0.07999999821186066,0.04735998809337616,0.08
8,8,4,4,1.0884051322937012,6,0.029448146000504494,0.07619059085845947,0.0,4,1.621640920639038,2,0.07513510435819626,0.07759690284729004,0.07263684272766113,4,1.0967628955841064,2,0.07752940058708191,0.0788000226020813,0.0762399435043335,0.08
6,6,5,5,0.7651100158691406,4,0.03573235124349594,0.07200014591217041,0.007999897003173828,5,0.9324359893798828,1,0.007520005106925964,0.007520020008087158,0.007519960403442383,5,0.9108548164367676,1,0.007520005106925964,0.007520020008087158,0.007519960403442383,0.08
5,5,1,1,0.56563401222229,3,0.0389522984623909,0.06666672229766846,0.013333320617675781,1,0.8843450546264648,1,0.022480005398392677,0.022480010986328125,0.022479981184005737,1,0.8835358619689941,1,0.022480005398392677,0.022480010986328125,0.022479981184005737,0.08
3,4,4,4,0.18146800994873047,1,0.0,0.0,0.0,4,0.1898488998413086,0,0.0,0.0,0.0,4,0.18208980560302734,0,0.0,0.0,0.0,0.08
4,4,6,6,0.5391049385070801,3,0.039496518671512604,0.06666672229766846,0.013333320617675781,6,0.8851451873779297,1,0.007520006038248539,0.007520020008087158,0.007519960403442383,6,1.1060817241668701,1,0.007520006038248539,0.007520020008087158,0.007519960403442383,0.08
6,4,3,3,0.3810250759124756,2,0.0533333420753479,0.053333401679992676,0.053333282470703125,3,0.9363739490509033,1,0.03248000144958496,0.03248000144958496,0.03247999772429466,3,0.9033608436584473,1,0.03248000144958496,0.03248000144958496,0.03247999772429466,0.08
4,4,0,0,0.3740990161895752,2,0.0533333346247673,0.053333401679992676,0.053333282470703125,0,0.9003481864929199,1,0.062479984015226364,0.06248009204864502,0.06247997283935547,0,0.9129679203033447,1,0.062479984015226364,0.06248009204864502,0.06247997283935547,0.08
3,3,6,6,0.5574331283569336,3,0.039588648825883865,0.06666672229766846,0.013333320617675781,6,1.5675756931304932,2,0.027186105027794838,0.05213320255279541,0.0029068589210510254,6,1.6759068965911865,2,0.02089752070605755,0.03752005100250244,0.004719972610473633,0.08
5,5,6,6,0.5569300651550293,3,0.03819868341088295,0.06666672229766846,0.013333320617675781,6,0.8905439376831055,1,0.012480005621910095,0.012480020523071289,0.012479990720748901,6,0.9064121246337891,1,0.012480005621910095,0.012480020523071289,0.012479990720748901,0.08
5,5,7,7,0.7348041534423828,4,0.0353291817009449,0.07200014591217041,0.007999897003173828,7,0.8618130683898926,1,0.007520007435232401,0.007520020008087158,0.007519960403442383,7,0.9094939231872559,1,0.007520007435232401,0.007520020008087158,0.007519960403442383,0.08
3,2,8,8,0.7468109130859375,4,0.037144020199775696,0.07200014591217041,0.007999897003173828,8,2.3043859004974365,3,0.04457184672355652,0.07860743999481201,0.008453607559204102,8,2.943700075149536,9,0.05692993849515915,0.07999999821186066,0.031359970569610596,0.08
5,6,3,3,0.37855005264282227,2,0.0533333420753479,0.053333401679992676,0.053333282470703125,3,0.9729459285736084,1,0.05247998610138893,0.05248001217842102,0.05247998237609863,3,0.9089920520782471,1,0.05247998610138893,0.05248001217842102,0.05247998237609863,0.08
4,4,3,3,0.5875611305236816,3,0.039924878627061844,0.06666672229766846,0.013333320617675781,3,0.9318640232086182,1,0.0024799874518066645,0.002480030059814453,0.0024799704551696777,3,0.9086546897888184,1,0.0024799874518066645,0.002480030059814453,0.0024799704551696777,0.08
2,3,7,7,1.713075876235962,9,0.02548476681113243,0.07822239398956299,0.0,7,0.9068350791931152,1,0.02247999981045723,0.022480010986328125,0.022479981184005737,7,0.9026870727539062,1,0.02247999981045723,0.022480010986328125,0.022479981184005737,0.08
3,3,7,7,0.3981168270111084,2,0.0533333346247673,0.053333401679992676,0.053333282470703125,7,0.9086229801177979,1,0.05247998237609863,0.05248004198074341,0.05247998237609863,7,0.9176409244537354,1,0.05247998237609863,0.05248004198074341,0.05247998237609863,0.08
4,3,2,2,0.7486519813537598,4,0.03433864191174507,0.07200014591217041,0.007999897003173828,2,0.9158458709716797,1,0.017520008608698845,0.017520010471343994,0.01751995086669922,2,0.8979349136352539,1,0.017520008608698845,0.017520010471343994,0.01751995086669922,0.08
3,4,5,5,1.1269712448120117,6,0.028951600193977356,0.07619059085845947,0.0,5,1.5925629138946533,2,0.06569002568721771,0.07790690660476685,0.05294683575630188,5,2.329767942428589,6,0.07027577608823776,0.07992000132799149,0.06055997312068939,0.08
3,3,4,4,0.5752029418945312,3,0.0395340770483017,0.06666672229766846,0.013333320617675781,4,1.0360419750213623,1,0.0024799921084195375,0.002480030059814453,0.0024799704551696777,4,0.910304069519043,1,0.0024799921084195375,0.002480030059814453,0.0024799704551696777,0.08
1,1,7,7,0.7443656921386719,4,0.03553454577922821,0.07200008630752563,0.007999897003173828,7,2.361319065093994,3,0.03976559266448021,0.07923699170351028,0.023503214120864868,7,2.2015221118927,3,0.041740257292985916,0.07752001285552979,0.004879951477050781,0.08
4,4,8,8,0.3801858425140381,2,0.0533333346247673,0.053333401679992676,0.053333282470703125,8,0.9035201072692871,1,0.05751997232437134,0.05752003192901611,0.05751997232437134,8,0.9346649646759033,1,0.05751997232437134,0.05752003192901611,0.05751997232437134,0.08
1,1,8,8,0.5543580055236816,3,0.040434371680021286,0.06666672229766846,0.013333320617675781,8,1.5813930034637451,2,0.051194265484809875,0.07837319374084473,0.023333072662353516,8,2.5442397594451904,7,0.055823586881160736,0.07999999821186066,0.031359970569610596,0.08
5,4,4,4,0.1799790859222412,1,0.0,0.0,0.0,4,0.18921709060668945,0,0.0,0.0,0.0,4,0.18299603462219238,0,0.0,0.0,0.0,0.08
3,3,1,1,0.37139105796813965,2,0.0533333420753479,0.053333401679992676,0.053333282470703125,1,0.9198148250579834,1,0.05247998237609863,0.05248004198074341,0.05247998237609863,1,0.9085359573364258,1,0.05247998237609863,0.05248004198074341,0.05247998237609863,0.08
1,1,4,4,0.37689924240112305,2,0.0533333420753479,0.053333401679992676,0.053333282470703125,4,0.8867988586425781,1,0.0424799881875515,0.04248005151748657,0.0424799919128418,4,0.877936840057373,1,0.0424799881875515,0.04248005151748657,0.0424799919128418,0.08
7,6,6,6,0.1853492259979248,1,0.0,0.0,0.0,6,0.18409085273742676,0,0.0,0.0,0.0,6,0.19416284561157227,0,0.0,0.0,0.0,0.08
6,5,2,2,0.7393813133239746,4,0.03606972098350525,0.07200014591217041,0.007999897003173828,2,3.0233678817749023,4,0.04035584256052971,0.0790487602353096,0.007281631231307983,2,1.4283580780029297,4,0.0018303085817024112,0.002480030059814453,7.995963096618652e-05,0.08
5,4,2,2,0.7303807735443115,4,0.03501275181770325,0.07200014591217041,0.007999897003173828,2,0.8881587982177734,1,0.017520008608698845,0.017520010471343994,0.01751995086669922,2,0.9054698944091797,1,0.017520008608698845,0.017520010471343994,0.01751995086669922,0.08
5,5,0,0,1.5696349143981934,8,0.031940896064043045,0.0777779221534729,0.0022220611572265625,0,4.413002014160156,6,0.04555254802107811,0.07961654663085938,0.005343437194824219,0,4.186306953430176,11,0.0360337533056736,0.08000004291534424,0.0,0.08
7,7,0,0,0.7515571117401123,4,0.036833327263593674,0.07200014591217041,0.007999897003173828,0,2.333738088607788,3,0.025369811803102493,0.04286593198776245,0.007000327110290527,0,2.0450549125671387,3,0.02863025665283203,0.05584001541137695,0.016799986362457275,0.08
6,6,0,0,0.546893835067749,3,0.039419278502464294,0.06666672229766846,0.013333320617675781,0,1.624431848526001,2,0.03739158809185028,0.0627531185746193,0.012286871671676636,0,1.5149948596954346,2,0.026614144444465637,0.047519996762275696,0.005919992923736572,0.08
1,1,6,6,0.7759621143341064,4,0.03472607955336571,0.07200014591217041,0.007999897003173828,6,0.8920230865478516,1,0.02752000093460083,0.027520060539245605,0.02752000093460083,6,0.8810250759124756,1,0.02752000093460083,0.027520060539245605,0.02752000093460083,0.08
3,3,7,7,0.7119760513305664,4,0.036041341722011566,0.07200014591217041,0.007999897003173828,7,2.325345993041992,3,0.03914232179522514,0.07872402667999268,0.0010501742362976074,7,1.942352056503296,4,0.07510612905025482,0.07943999767303467,0.07079994678497314,0.08
3,3,6,6,0.7474668025970459,4,0.035644128918647766,0.07200014591217041,0.007999897003173828,6,0.9192352294921875,1,0.012480014003813267,0.012480020523071289,0.012479990720748901,6,0.895545244216919,1,0.012480014003813267,0.012480020523071289,0.012479990720748901,0.08
4,4,6,6,1.1176671981811523,6,0.029027672484517097,0.07619059085845947,0.0,6,0.9029958248138428,1,0.007519999518990517,0.007520020008087158,0.007519960403442383,6,0.8659319877624512,1,0.007519999518990517,0.007520020008087158,0.007519960403442383,0.08
0,0,8,8,0.5627639293670654,3,0.040836166590452194,0.06666672229766846,0.013333320617675781,8,1.6596770286560059,2,0.051212556660175323,0.07837319374084473,0.023333072662353516,8,2.5825507640838623,7,0.055834490805864334,0.07999999821186066,0.031359970569610596,0.08
3,3,5,5,1.1148951053619385,6,0.029656169936060905,0.07619059085845947,0.0,5,3.840585947036743,5,0.07068691402673721,0.07781362533569336,0.06325006484985352,5,3.6565029621124268,10,0.04535727575421333,0.08000004291534424,0.009279966354370117,0.08
5,4,8,8,0.3792259693145752,2,0.0533333420753479,0.053333401679992676,0.053333282470703125,8,0.9651341438293457,1,0.07752000540494919,0.07752001285552979,0.07751995325088501,8,0.8976669311523438,1,0.07752000540494919,0.07752001285552979,0.07751995325088501,0.08
3,3,0,0,0.56097412109375,3,0.040686994791030884,0.06666672229766846,0.013333320617675781,0,1.6065490245819092,2,0.05667949840426445,0.0741269588470459,0.03908681869506836,0,1.6432032585144043,2,0.052164554595947266,0.07248008251190186,0.03167998790740967,0.08
5,5,2,2,0.7551009654998779,4,0.03479761630296707,0.07200014591217041,0.007999897003173828,2,0.9472498893737793,1,0.007520001847296953,0.007520020008087158,0.007519960403442383,2,0.9084491729736328,1,0.007520001847296953,0.007520020008087158,0.007519960403442383,0.08
3,3,1,1,0.40424394607543945,2,0.0533333346247673,0.053333401679992676,0.053333282470703125,1,0.9280116558074951,1,0.07752000540494919,0.07752001285552979,0.07751995325088501,1,0.9007189273834229,1,0.07752000540494919,0.07752001285552979,0.07751995325088501,0.08
1,1,2,2,0.7579269409179688,4,0.04040495306253433,0.08100008964538574,0.008999943733215332,2,3.757213830947876,5,0.05875448137521744,0.0899997353553772,0.02864980697631836,2,2.730461835861206,7,0.0694989338517189,0.09000015258789062,0.04625988006591797,0.09
6,5,1,1,0.3589510917663574,2,0.06000000610947609,0.060000061988830566,0.059999942779541016,1,0.9109160900115967,1,0.03096000850200653,0.030960023403167725,0.03095996379852295,1,0.9351158142089844,1,0.03096000850200653,0.030960023403167725,0.03095996379852295,0.09
4,5,2,2,0.37990808486938477,2,0.06000000983476639,0.060000061988830566,0.059999942779541016,2,0.9121792316436768,1,0.053460001945495605,0.053460001945495605,0.05345997214317322,2,0.9181318283081055,1,0.053460001945495605,0.053460001945495605,0.05345997214317322,0.09
3,3,2,2,0.7321231365203857,4,0.03943181037902832,0.08100008964538574,0.008999943733215332,2,0.9305598735809326,1,0.00845999177545309,0.008460044860839844,0.008459985256195068,2,0.8760659694671631,1,0.00845999177545309,0.008460044860839844,0.008459985256195068,0.09
3,5,1,1,0.36817502975463867,2,0.06000000610947609,0.060000061988830566,0.059999942779541016,1,0.9070730209350586,1,0.053460001945495605,0.053460001945495605,0.05345997214317322,1,0.9201400279998779,1,0.053460001945495605,0.053460001945495605,0.05345997214317322,0.09
4,4,6,6,0.7721388339996338,4,0.03966403380036354,0.08100008964538574,0.008999943733215332,6,0.8940911293029785,1,0.030960004776716232,0.030960023403167725,0.03095996379852295,6,0.9073588848114014,1,0.030960004776716232,0.030960023403167725,0.03095996379852295,0.09
3,3,8,8,0.5829617977142334,3,0.045481905341148376,0.07500004768371582,0.014999985694885254,8,1.599686861038208,2,0.07022910565137863,0.08938908576965332,0.051190972328186035,8,2.5710082054138184,7,0.08104982227087021,0.09000015258789062,0.0680398941040039,0.09
1,1,5,5,0.7579700946807861,4,0.04178788140416145,0.08100008964538574,0.008999943733215332,5,2.3230671882629395,3,0.04915647581219673,0.089713454246521,0.005866527557373047,5,3.8611629009246826,11,0.06328248977661133,0.09000015258789062,0.03347986936569214,0.09
3,3,2,2,0.38652682304382324,2,0.06000000983476639,0.060000061988830566,0.059999942779541016,2,0.9078769683837891,1,0.019710004329681396,0.019710063934326172,0.019710000604391098,2,0.9310078620910645,1,0.019710004329681396,0.019710063934326172,0.019710000604391098,0.09
1,1,3,3,0.3741021156311035,2,0.06000000983476639,0.060000061988830566,0.059999942779541016,3,0.889153003692627,1,0.03096001222729683,0.030960023403167725,0.03095996379852295,3,0.9245209693908691,1,0.03096001222729683,0.030960023403167725,0.03095996379852295,0.09
8,8,5,5,0.7478299140930176,4,0.039629124104976654,0.08100008964538574,0.008999943733215332,5,1.608916997909546,2,0.0688711479306221,0.07727980613708496,0.06035971641540527,5,1.2123489379882812,2,0.07602397352457047,0.08649003505706787,0.06542998552322388,0.09
6,6,3,3,0.37346410751342773,2,0.06000000983476639,0.060000061988830566,0.059999942779541016,3,0.9289469718933105,1,0.07029001414775848,0.07029008865356445,0.0702899694442749,3,0.9103701114654541,1,0.07029001414775848,0.07029008865356445,0.0702899694442749,0.09
5,5,3,3,0.36603403091430664,2,0.06000000983476639,0.060000061988830566,0.059999942779541016,3,0.937096118927002,1,0.0872100293636322,0.08721005916595459,0.08720996975898743,3,0.8895249366760254,1,0.0872100293636322,0.08721005916595459,0.08720996975898743,0.09
3,4,5,5,0.5664000511169434,3,0.04381098598241806,0.07500004768371582,0.014999985694885254,5,0.9205639362335205,1,0.008459992706775665,0.008460044860839844,0.008459985256195068,5,0.9220399856567383,1,0.008459992706775665,0.008460044860839844,0.008459985256195068,0.09
4,4,5,5,0.5726761817932129,3,0.044701848179101944,0.07500004768371582,0.014999985694885254,5,0.9380309581756592,1,0.002789990743622184,0.002790004014968872,0.0027899742126464844,5,0.9206750392913818,1,0.002789990743622184,0.002790004014968872,0.0027899742126464844,0.09
6,4,2,2,0.5742390155792236,3,0.043802618980407715,0.07500004768371582,0.014999985694885254,2,1.8768410682678223,2,0.02643490768969059,0.05156230926513672,0.0009822249412536621,2,1.4445621967315674,2,0.020623035728931427,0.03654003143310547,0.004499971866607666,0.09
4,4,0,0,0.40853190422058105,2,0.06000000610947609,0.060000061988830566,0.059999942779541016,0,0.9365479946136475,1,0.05904001742601395,0.059040069580078125,0.05903998017311096,0,0.9255871772766113,1,0.05904001742601395,0.059040069580078125,0.05903998017311096,0.09
3,3,8,8,0.7578351497650146,4,0.04135703667998314,0.08100008964538574,0.008999943733215332,8,1.7114241123199463,2,0.08151346445083618,0.08973777294158936,0.0733422338962555,8,2.540099859237671,7,0.0754910409450531,0.09000015258789062,0.05723989009857178,0.09
5,5,1,1,0.5641400814056396,3,0.045056603848934174,0.07500004768371582,0.014999985694885254,1,1.6049981117248535,2,0.0701414942741394,0.08692526817321777,0.05365473031997681,1,1.5677073001861572,2,0.06397394835948944,0.07596004009246826,0.05219995975494385,0.09
5,5,3,3,0.37863922119140625,2,0.06000000983476639,0.060000061988830566,0.059999942779541016,3,0.9328460693359375,1,0.04221002012491226,0.04221004247665405,0.04220998287200928,3,1.0648479461669922,1,0.04221002012491226,0.04221004247665405,0.04220998287200928,0.09
3,2,6,6,0.7470180988311768,4,0.040606316179037094,0.08100008964538574,0.008999943733215332,6,0.9079461097717285,1,0.019710004329681396,0.019710063934326172,0.019710000604391098,6,0.9056580066680908,1,0.019710004329681396,0.019710063934326172,0.019710000604391098,0.09
5,6,1,1,0.5422239303588867,3,0.044943396002054214,0.07500004768371582,0.014999985694885254,1,1.6466541290283203,2,0.07037729769945145,0.08938902616500854,0.051190972328186035,1,2.1287307739257812,5,0.06456558406352997,0.08973008394241333,0.035549938678741455,0.09
4,4,0,0,0.7615668773651123,4,0.041744232177734375,0.08100008964538574,0.008999943733215332,0,2.368216037750244,3,0.04545864462852478,0.08942997455596924,0.016349881887435913,0,1.799255132675171,3,0.062696173787117,0.08865010738372803,0.03662991523742676,0.09
2,3,0,0,0.5545980930328369,3,0.045434869825839996,0.07500004768371582,0.014999985694885254,0,1.6720809936523438,2,0.05925963446497917,0.08904027938842773,0.029039740562438965,0,2.5861399173736572,7,0.054012481123209,0.09000015258789062,0.013499855995178223,0.09
3,3,2,2,0.7429759502410889,4,0.03911217674612999,0.08100008964538574,0.008999943733215332,2,0.908527135848999,1,0.014039993286132812,0.01404000073671341,0.014039993286132812,2,0.9033219814300537,1,0.014039993286132812,0.01404000073671341,0.014039993286132812,0.09
4,3,3,3,0.19207119941711426,1,0.0,0.0,0.0,3,0.20435285568237305,0,0.0,0.0,0.0,3,0.18650007247924805,0,0.0,0.0,0.0,0.09
3,4,7,7,0.7720041275024414,4,0.03969045728445053,0.08100008964538574,0.008999943733215332,7,0.9366259574890137,1,0.00845999177545309,0.008460015058517456,0.008459985256195068,7,0.9236340522766113,1,0.00845999177545309,0.008460015058517456,0.008459985256195068,0.09
3,3,5,5,1.1933820247650146,6,0.033476341515779495,0.08571445941925049,0.0,5,0.9064719676971436,1,0.008459992706775665,0.008460044860839844,0.008459985256195068,5,0.8760418891906738,1,0.008459992706775665,0.008460044860839844,0.008459985256195068,0.09
1,1,7,7,0.7258410453796387,4,0.040075380355119705,0.08100008964538574,0.008999943733215332,7,2.3843579292297363,3,0.06950714439153671,0.08978986740112305,0.05079013109207153,7,4.988336086273193,19,0.0447324775159359,0.09000015258789062,0.0,0.09
4,4,6,6,1.0909309387207031,6,0.032040029764175415,0.08571439981460571,0.0,6,0.9026889801025391,1,0.008459989912807941,0.008460044860839844,0.008459985256195068,6,0.8793020248413086,1,0.008459989912807941,0.008460044860839844,0.008459985256195068,0.09
1,1,6,6,0.7569701671600342,4,0.04059399664402008,0.08100008964538574,0.008999943733215332,6,2.3263392448425293,3,0.08453311026096344,0.0882265567779541,0.08078646659851074,6,1.9259910583496094,3,0.055491454899311066,0.08631002902984619,0.024389982223510742,0.09
5,4,0,0,0.7414791584014893,4,0.041890598833560944,0.08100008964538574,0.008999943733215332,0,2.317523956298828,3,0.04372705891728401,0.07969719171524048,0.0047228336334228516,0,1.5298161506652832,2,0.05340305715799332,0.08775001764297485,0.019169986248016357,0.09
3,3,1,1,0.3717169761657715,2,0.06000000983476639,0.060000061988830566,0.059999942779541016,1,0.9179613590240479,1,0.053460001945495605,0.053460001945495605,0.05345997214317322,1,0.9360461235046387,1,0.053460001945495605,0.053460001945495605,0.05345997214317322,0.09
1,1,2,2,0.5464577674865723,3,0.044288910925388336,0.07500004768371582,0.014999985694885254,2,0.9173402786254883,1,0.014039993286132812,0.01404000073671341,0.014039993286132812,2,0.9200148582458496,1,0.014039993286132812,0.01404000073671341,0.014039993286132812,0.09
7,6,6,6,0.19177794456481934,1,0.0,0.0,0.0,6,0.18442797660827637,0,0.0,0.0,0.0,6,0.18208098411560059,0,0.0,0.0,0.0,0.09
6,5,1,1,0.3809690475463867,2,0.06000000983476639,0.060000061988830566,0.059999942779541016,1,0.91463303565979,1,0.008459985256195068,0.008460044860839844,0.008459985256195068,1,0.9227080345153809,1,0.008459985256195068,0.008460044860839844,0.008459985256195068,0.09
5,4,4,4,0.18917417526245117,1,0.0,0.0,0.0,4,0.19442200660705566,0,0.0,0.0,0.0,4,0.19241976737976074,0,0.0,0.0,0.0,0.09
5,5,7,7,0.7462301254272461,4,0.04012608528137207,0.08100008964538574,0.008999943733215332,7,0.8979611396789551,1,0.03654002025723457,0.03654003143310547,0.03653997182846069,7,0.9392490386962891,1,0.03654002025723457,0.03654003143310547,0.03653997182846069,0.09
7,7,8,8,0.37957191467285156,2,0.06000000610947609,0.060000061988830566,0.059999942779541016,8,0.9260988235473633,1,0.014039993286132812,0.01404000073671341,0.014039993286132812,8,1.0172102451324463,1,0.014039993286132812,0.01404000073671341,0.014039993286132812,0.09
6,6,1,1,0.3436112403869629,2,0.06000000983476639,0.060000061988830566,0.059999942779541016,1,0.8969547748565674,1,0.02529001235961914,0.02529001235961914,0.025289982557296753,1,0.9271290302276611,1,0.02529001235961914,0.02529001235961914,0.025289982557296753,0.09
1,1,8,8,0.5524041652679443,3,0.04506377875804901,0.07500004768371582,0.014999985694885254,8,0.9126391410827637,1,0.08721001446247101,0.08721005916595459,0.08720996975898743,8,0.9084029197692871,1,0.08721001446247101,0.08721005916595459,0.08720996975898743,0.09
3,3,1,1,0.37270689010620117,2,0.06000000983476639,0.060000061988830566,0.059999942779541016,1,0.8932499885559082,1,0.036540016531944275,0.03654003143310547,0.03653997182846069,1,0.9323761463165283,1,0.036540016531944275,0.03654003143310547,0.03653997182846069,0.09
3,3,5,5,0.7553532123565674,4,0.040197961032390594,0.08100008964538574,0.008999943733215332,5,0.9249439239501953,1,0.008459988050162792,0.008460044860839844,0.008459985256195068,5,0.8969950675964355,1,0.008459988050162792,0.008460044860839844,0.008459985256195068,0.09
4,4,5,5,1.3064820766448975,7,0.03121061623096466,0.08678591251373291,0.0032141804695129395,5,0.9174211025238037,1,0.0027899970300495625,0.002790004014968872,0.0027899742126464844,5,0.9174692630767822,1,0.0027899970300495625,0.002790004014968872,0.0027899742126464844,0.09
0,0,3,3,0.5786879062652588,3,0.04488919675350189,0.07500004768371582,0.014999985694885254,3,0.8977699279785156,1,0.03654002025723457,0.03654003143310547,0.03653997182846069,3,0.9326038360595703,1,0.03654002025723457,0.03654003143310547,0.03653997182846069,0.09
3,3,5,5,1.1129460334777832,6,0.033428117632865906,0.08571445941925049,0.0,5,3.6987438201904297,5,0.04510938376188278,0.08897924423217773,0.013659536838531494,5,3.4342291355133057,9,0.06815572828054428,0.09000015258789062,0.04211992025375366,0.09
5,4,3,3,0.36316990852355957,2,0.06000000610947609,0.060000061988830566,0.059999942779541016,3,0.9293990135192871,1,0.042210012674331665,0.04221004247665405,0.04220998287200928,3,0.9399862289428711,1,0.042210012674331665,0.04221004247665405,0.04220998287200928,0.09
3,3,6,6,1.4976918697357178,8,0.02938138134777546,0.08750021457672119,0.002499818801879883,6,3.025308132171631,4,0.06327731907367706,0.0893588662147522,0.03604912757873535,6,2.0440351963043213,4,0.07349394261837006,0.08937013149261475,0.05786997079849243,0.09
5,5,6,6,0.5777039527893066,3,0.04491150751709938,0.07500004768371582,0.014999985694885254,6,0.906954288482666,1,0.002789996564388275,0.002790004014968872,0.0027899742126464844,6,0.8716402053833008,1,0.002789996564388275,0.002790004014968872,0.0027899742126464844,0.09
3,3,2,2,0.3679029941558838,2,0.06000000610947609,0.060000061988830566,0.059999942779541016,2,0.9096701145172119,1,0.019710004329681396,0.019710063934326172,0.019710000604391098,2,0.8950591087341309,1,0.019710004329681396,0.019710063934326172,0.019710000604391098,0.09
