true_label,pred,target_label,pred_fw,fw_time,n_iteration_fw,dist_mean_fw,dist_max_fw,dist_min_fw,pred_fw_as,fw_as_time,n_iteration_fw_as,dist_mean_fw_as,dist_max_fw_as,dist_min_fw_as,pred_fw_pair,fw_pair_time,n_iteration_fw_pair,dist_mean_fw_pair,dist_max_fw_pair,dist_min_fw_pair,epsilon
91,91,406,91,3.1541829109191895,25,0.0051322211511433125,0.009971857070922852,0.0,91,11.748797178268433,24,0.005163771566003561,0.009947657585144043,0.0,91,5.365855932235718,24,0.00531769311055541,0.010000467300415039,0.0,0.01
171,171,533,533,1.929466724395752,15,0.004582387860864401,0.009917140007019043,8.296966552734375e-05,533,8.335124969482422,17,0.004850778263062239,0.009952723979949951,0.0,172,4.426976919174194,24,0.0049208588898181915,0.01000058650970459,0.0,0.01
980,980,884,979,3.143355131149292,25,0.004931252915412188,0.009972095489501953,0.0,979,11.780517816543579,24,0.005055473651736975,0.009276270866394043,1.4901161193847656e-08,980,4.044416904449463,24,0.005133211147040129,0.009990334510803223,9.894371032714844e-06,0.01
218,218,857,218,3.1189987659454346,25,0.006016769912093878,0.009972095489501953,0.0,218,11.600251913070679,24,0.006024596747010946,0.009664356708526611,1.1920928955078125e-07,218,4.776398658752441,24,0.005516893230378628,0.009990334510803223,9.894371032714844e-06,0.01
19,19,581,19,3.507560968399048,25,0.004475145135074854,0.009971857070922852,0.0,19,13.113672018051147,24,0.00482453778386116,0.009964734315872192,2.9802322387695312e-08,19,5.10329794883728,24,0.004927868489176035,0.010000348091125488,0.0,0.01
658,496,75,658,3.170391082763672,25,0.006742395926266909,0.009972095489501953,0.0,658,11.740128993988037,24,0.006882724352180958,0.009979844093322754,5.960464477539063e-08,658,4.906778812408447,24,0.006362712476402521,0.01000058650970459,0.0,0.01
549,893,612,893,3.096950054168701,25,0.006691935937851667,0.009972095489501953,0.0,893,11.621993780136108,24,0.006507743149995804,0.00960385799407959,8.940696716308594e-08,893,4.285517930984497,24,0.005762547720223665,0.00975024700164795,9.894371032714844e-06,0.01
808,808,13,808,3.0958330631256104,25,0.005088102538138628,0.009972095489501953,0.0,808,11.365360975265503,24,0.005155530292540789,0.009945988655090332,0.0,808,5.188081741333008,24,0.005387637298554182,0.010000348091125488,0.0,0.01
305,75,510,305,3.106027126312256,25,0.004686727654188871,0.009972095489501953,0.0,305,11.550617218017578,24,0.00475860433652997,0.009931385517120361,5.960464477539063e-08,305,4.529074192047119,24,0.005379490088671446,0.01000058650970459,0.0,0.01
416,416,789,789,2.010436773300171,16,0.003264706116169691,0.009926795959472656,7.30752944946289e-05,602,11.5333890914917,24,0.0038485315162688494,0.009727954864501953,8.940696716308594e-08,416,5.010642051696777,24,0.005084007978439331,0.010000169277191162,0.0,0.01
89,89,6,89,3.1539459228515625,25,0.005455018486827612,0.009972095489501953,0.0,89,11.442543983459473,24,0.005427715368568897,0.009973645210266113,0.0,89,4.774683952331543,24,0.005462881177663803,0.01000058650970459,0.0,0.01
793,793,485,793,3.0943470001220703,25,0.004698924720287323,0.009972095489501953,0.0,793,11.495193004608154,24,0.004741934593766928,0.009956002235412598,0.0,793,4.665070056915283,24,0.004964681342244148,0.01000058650970459,0.0,0.01
712,712,641,641,0.7202770709991455,6,0.004401214420795441,0.009524106979370117,0.0,641,2.489766836166382,5,0.004224834032356739,0.00924992561340332,0.0004717707633972168,622,3.678311824798584,24,0.007838425226509571,0.009990155696868896,0.005629777908325195,0.01
505,505,751,751,2.469322919845581,20,0.0042370380833745,0.009952664375305176,4.7206878662109375e-05,751,9.363567113876343,20,0.004590813536196947,0.00996309518814087,0.0,505,4.390406131744385,24,0.004793400876224041,0.01000058650970459,0.0,0.01
332,332,942,942,0.489393949508667,4,0.0048422194086015224,0.009000182151794434,0.0009996891021728516,942,1.9755778312683105,4,0.003467810805886984,0.0061920881271362305,0.00034368038177490234,942,1.405569076538086,3,0.00635105837136507,0.009630084037780762,0.0015099048614501953,0.01
575,575,20,575,3.0756471157073975,25,0.0047691198997199535,0.009972095489501953,0.0,661,11.432207107543945,24,0.004908919800072908,0.009824961423873901,0.0,654,3.442300796508789,24,0.009092007763683796,0.009990334510803223,0.00812983512878418,0.01
986,986,240,240,1.5770471096038818,13,0.004368860740214586,0.009890437126159668,0.0,240,9.238615036010742,20,0.00450480729341507,0.00996321439743042,5.960464477539063e-08,986,4.8845438957214355,24,0.004772596526890993,0.010000348091125488,0.0,0.01
867,867,97,867,3.061701774597168,25,0.00527843227609992,0.009972095489501953,0.0,867,11.638633966445923,24,0.005303415935486555,0.009695947170257568,1.1920928955078125e-07,675,3.880974054336548,24,0.006748492363840342,0.009990334510803223,0.0027098655700683594,0.01
116,116,982,116,3.080130100250244,25,0.006142623256891966,0.009972095489501953,0.0,116,11.556922912597656,24,0.0064795417711138725,0.009983479976654053,1.1920928955078125e-07,116,4.575567960739136,24,0.006011529825627804,0.01000058650970459,0.0,0.01
817,817,362,817,3.1289050579071045,25,0.005958652589470148,0.009972095489501953,0.0,817,11.634354829788208,24,0.005782148335129023,0.009719789028167725,1.1920928955078125e-07,817,4.818684101104736,24,0.005608993116766214,0.010000169277191162,0.0,0.01
642,642,915,915,1.6225340366363525,13,0.004747990984469652,0.009890437126159668,0.0,915,7.955858945846558,17,0.004930020309984684,0.009951531887054443,0.0,642,5.597532033920288,24,0.005032076500356197,0.010000348091125488,0.0,0.01
327,327,837,327,3.095046043395996,25,0.005500201601535082,0.009972095489501953,0.0,327,11.450922966003418,24,0.005617778282612562,0.009941935539245605,1.043081283569336e-07,327,4.43914794921875,24,0.005823629908263683,0.010000467300415039,0.00021982192993164062,0.01
995,995,66,995,3.069868803024292,25,0.0060517629608511925,0.009972095489501953,0.0,995,11.591948986053467,24,0.006227101664990187,0.009978830814361572,2.384185791015625e-07,995,4.419003248214722,24,0.005799205042421818,0.01000058650970459,0.0,0.01
87,87,948,87,3.057436943054199,25,0.004750233143568039,0.009971857070922852,0.0,87,11.524333953857422,24,0.0051112971268594265,0.009947001934051514,0.0,87,4.928352117538452,24,0.00513310544192791,0.010000467300415039,0.0,0.01
965,965,602,965,3.1842849254608154,25,0.004363739863038063,0.009972095489501953,0.0,965,11.688859224319458,24,0.004867190960794687,0.009952902793884277,0.0,961,5.21196436882019,24,0.005081113427877426,0.010000348091125488,0.0,0.01
267,267,39,267,3.126910924911499,25,0.006241314113140106,0.009972095489501953,0.0,221,11.509351015090942,24,0.0063917809166014194,0.00993722677230835,0.0,267,4.466681003570557,24,0.006043999455869198,0.010000348091125488,0.0,0.01
977,977,122,978,3.0822880268096924,25,0.004528298042714596,0.009972095489501953,0.0,978,11.76798701286316,24,0.004673291463404894,0.009766161441802979,1.043081283569336e-07,978,3.6852970123291016,24,0.007827145978808403,0.009990334510803223,0.005629777908325195,0.01
989,989,42,989,3.166576862335205,25,0.004838080611079931,0.009971857070922852,0.0,989,11.692042112350464,24,0.005068126600235701,0.009953916072845459,0.0,989,4.711708068847656,24,0.005252008326351643,0.01000058650970459,0.0,0.01
120,119,554,119,3.0980992317199707,25,0.0049569071270525455,0.009971857070922852,0.0,124,11.652989864349365,24,0.005632780957967043,0.009961038827896118,5.960464477539063e-08,120,4.328122854232788,24,0.006268788129091263,0.01000058650970459,0.002039670944213867,0.01
800,800,743,743,0.7189087867736816,6,0.00503290630877018,0.009524106979370117,0.0,743,2.347707748413086,5,0.005214295350015163,0.0098954439163208,0.0001913905143737793,743,4.47083306312561,24,0.005437599960714579,0.01000058650970459,0.0,0.01
905,905,429,429,1.5808160305023193,13,0.004754235967993736,0.009890556335449219,0.0,429,4.167520999908447,9,0.005398908630013466,0.009588122367858887,3.349781036376953e-05,904,3.558601140975952,24,0.007873177528381348,0.009990334510803223,0.005629777908325195,0.01
124,124,436,124,2.9898979663848877,25,0.006444356869906187,0.009972095489501953,0.0,124,11.557233810424805,24,0.0067850747145712376,0.009988903999328613,5.960464477539063e-08,124,4.606348037719727,24,0.006347005255520344,0.010000348091125488,0.0003796815872192383,0.01
541,541,862,541,3.026045083999634,25,0.005488952621817589,0.009971857070922852,0.0,541,11.419600009918213,24,0.0054828813299536705,0.00995299220085144,1.1920928955078125e-07,541,4.543560981750488,24,0.005446356721222401,0.010000467300415039,0.0,0.01
661,661,881,661,3.0430121421813965,25,0.006036614999175072,0.009971976280212402,0.0,661,11.383985996246338,24,0.006187941879034042,0.0099831223487854,5.960464477539063e-08,661,4.211668968200684,24,0.006288096774369478,0.010000467300415039,0.0005795955657958984,0.01
112,112,916,916,2.8111629486083984,23,0.003942476119846106,0.009964168071746826,3.5762786865234375e-05,69,11.436707019805908,24,0.00423269672319293,0.009928196668624878,1.1920928955078125e-07,69,4.479059219360352,24,0.004720700439065695,0.010000407695770264,0.0,0.01
531,531,332,531,3.060371160507202,25,0.005798873491585255,0.009972095489501953,0.0,531,11.60482406616211,24,0.005895914509892464,0.009962677955627441,5.960464477539063e-08,531,4.342272043228149,24,0.005568575579673052,0.010000467300415039,0.0,0.01
251,251,165,251,3.0126900672912598,25,0.005509343463927507,0.009971857070922852,0.0,251,11.450165033340454,24,0.005666037555783987,0.009968817234039307,0.0,251,4.971534252166748,24,0.005552792921662331,0.010000467300415039,0.0,0.01
495,495,477,495,3.007899045944214,25,0.005231421906501055,0.009971857070922852,0.0,495,11.429039001464844,24,0.005240646656602621,0.009552210569381714,1.1920928955078125e-07,495,3.926546096801758,24,0.00561890471726656,0.009990215301513672,0.0006299018859863281,0.01
313,313,368,368,1.3271369934082031,11,0.004858432803303003,0.009848713874816895,0.0001512765884399414,368,4.21263313293457,9,0.005208801943808794,0.009960293769836426,8.046627044677734e-06,112,4.614131927490234,24,0.005754632409662008,0.010000467300415039,0.0,0.01
784,784,936,784,3.1252501010894775,25,0.0055726151913404465,0.009972095489501953,0.0,784,11.5466148853302,24,0.006112878676503897,0.009974122047424316,2.384185791015625e-07,784,4.607216119766235,24,0.005600687116384506,0.01000058650970459,0.0,0.01
261,261,591,261,2.988126754760742,25,0.006368810310959816,0.009972095489501953,0.0,261,32.98335313796997,24,0.00654477346688509,0.009982883930206299,2.384185791015625e-07,261,4.925466775894165,24,0.005831628572195768,0.01000058650970459,0.0,0.01
973,973,256,973,3.1575071811676025,25,0.00622782576829195,0.009972095489501953,0.0,973,11.88127064704895,24,0.006463143974542618,0.009986698627471924,2.384185791015625e-07,973,4.7145609855651855,24,0.006467081606388092,0.01000058650970459,0.0,0.01
725,725,817,817,1.3715808391571045,11,0.0038710942026227713,0.009848713874816895,0.00015115737915039062,817,4.8806540966033936,10,0.003953094594180584,0.009290486574172974,1.6450881958007812e-05,725,3.9956717491149902,24,0.005559475161135197,0.009990334510803223,0.0007498264312744141,0.01
535,535,650,535,3.1767148971557617,25,0.0062633235938847065,0.009972095489501953,0.0,535,11.969936847686768,24,0.006426521576941013,0.009977370500564575,5.960464477539063e-08,535,4.567933082580566,24,0.005957015324383974,0.010000467300415039,1.1175870895385742e-08,0.01
691,691,700,700,1.1421449184417725,9,0.005420768167823553,0.009778022766113281,0.0,700,2.951056957244873,6,0.0056922840885818005,0.009943664073944092,0.00034230947494506836,700,5.169122219085693,24,0.00576833076775074,0.01000058650970459,0.0,0.01
70,70,65,70,3.1547110080718994,25,0.006272199098020792,0.009972095489501953,0.0,70,11.990223169326782,24,0.006410636007785797,0.009988188743591309,1.1920928955078125e-07,70,4.8181679248809814,24,0.006456389557570219,0.01000058650970459,0.0,0.01
269,269,34,269,3.1976592540740967,25,0.005967744626104832,0.009972095489501953,0.0,269,12.24213194847107,24,0.00608905591070652,0.009969651699066162,1.1920928955078125e-07,269,4.550713777542114,24,0.005751584190875292,0.01000058650970459,0.0,0.01
438,845,810,801,3.0851430892944336,25,0.005825171712785959,0.009972095489501953,0.0,801,11.884498834609985,24,0.005964748095721006,0.009972751140594482,0.0,504,5.126422166824341,24,0.005400808993726969,0.010000467300415039,0.0,0.01
558,558,279,558,3.1548962593078613,25,0.005196680780500174,0.009971857070922852,0.0,558,11.99999189376831,24,0.005419913679361343,0.009962975978851318,9.313225746154785e-08,558,4.886066913604736,24,0.0052710906602442265,0.01000058650970459,1.4901161193847656e-08,0.01
830,731,292,292,3.0853490829467773,24,0.006056149490177631,0.009967327117919922,3.2901763916015625e-05,428,12.100000858306885,24,0.0062995608896017075,0.009977459907531738,2.9802322387695312e-08,428,4.537543058395386,24,0.005816586781293154,0.01000058650970459,0.0,0.01
91,91,804,804,1.7631611824035645,14,0.007512777112424374,0.019809961318969727,0.0,91,11.91778302192688,24,0.008200328797101974,0.019850075244903564,1.9371509552001953e-07,91,5.0497400760650635,24,0.009399110451340675,0.020000457763671875,0.0,0.02
171,171,294,294,0.5297489166259766,4,0.009389718063175678,0.018000245094299316,0.0019997358322143555,294,1.0968730449676514,2,0.011669019237160683,0.01963198184967041,0.0033916234970092773,294,1.696763277053833,7,0.011712940409779549,0.020000338554382324,0.00299990177154541,0.02
980,980,708,979,3.1573638916015625,25,0.00654540816321969,0.0199434757232666,0.0,980,12.000830888748169,24,0.0064241401851177216,0.016745150089263916,0.0,980,4.455720901489258,24,0.009462249465286732,0.019980311393737793,1.9550323486328125e-05,0.02
218,218,810,218,3.1196160316467285,25,0.008536330424249172,0.019943714141845703,0.0,218,12.040669918060303,24,0.00956325139850378,0.019881367683410645,1.4901161193847656e-08,218,4.530766010284424,24,0.010495975613594055,0.019980192184448242,1.9788742065429688e-05,0.02
19,19,183,183,2.2845120429992676,18,0.00680780503898859,0.019883275032043457,0.0,19,12.120471000671387,24,0.007494872901588678,0.019861221313476562,0.0,19,5.012938022613525,24,0.009171511977910995,0.020000219345092773,0.0,0.02
658,496,143,496,3.1996090412139893,25,0.01042740698903799,0.019943714141845703,0.0,496,12.114214897155762,24,0.010941109620034695,0.019721150398254395,0.0,496,3.9455599784851074,24,0.013393189758062363,0.019980311393737793,0.006059825420379639,0.02
549,893,403,893,3.1327359676361084,25,0.009474389255046844,0.019943714141845703,0.0,709,11.993816137313843,24,0.010403770953416824,0.019917845726013184,2.384185791015625e-07,709,4.598503828048706,24,0.010236155241727829,0.020000696182250977,0.0,0.02
808,808,339,339,0.9887411594390869,8,0.008170993998646736,0.019444704055786133,0.0005550384521484375,339,1.7571640014648438,4,0.010021344758570194,0.019710421562194824,0.0015978813171386719,339,3.108051061630249,19,0.009883183054625988,0.020000696182250977,0.001719832420349121,0.02
305,75,633,633,0.40894007682800293,4,0.009395218454301357,0.018000245094299316,0.0019997358322143555,633,1.3076131343841553,3,0.010175767354667187,0.019819140434265137,0.0027354955673217773,633,1.445472002029419,7,0.010586326010525227,0.020000338554382324,0.000599980354309082,0.02
416,416,314,314,1.0539143085479736,10,0.0062826951034367085,0.01963663101196289,0.0,314,2.9164459705352783,7,0.006550025660544634,0.012814164161682129,0.00012034177780151367,314,1.9141619205474854,6,0.007859664969146252,0.015720248222351074,0.00047969818115234375,0.02
89,89,191,191,1.413999080657959,12,0.0076339091174304485,0.019743919372558594,0.00025582313537597656,191,3.8487799167633057,9,0.008309433236718178,0.01987329125404358,1.2606382369995117e-05,89,3.9534151554107666,24,0.009208333678543568,0.020000696182250977,0.0,0.02
793,793,417,417,0.9639120101928711,9,0.00775391049683094,0.01955592632293701,0.0,417,4.978588104248047,12,0.008390473201870918,0.019807517528533936,1.5497207641601562e-05,793,4.343955993652344,24,0.008892770856618881,0.020000576972961426,0.0,0.02
712,712,9,9,0.841810941696167,8,0.006977669429033995,0.019444704055786133,0.0005551576614379883,9,2.967067003250122,7,0.009679731912910938,0.019710183143615723,0.0003414154052734375,9,3.7788960933685303,20,0.009611227549612522,0.020000576972961426,1.1920928955078125e-07,0.02
505,505,376,376,2.143234968185425,20,0.006257756147533655,0.0199049711227417,9.489059448242188e-05,849,10.515694856643677,24,0.006861324887722731,0.018838047981262207,2.384185791015625e-07,849,3.4290459156036377,24,0.010934176854789257,0.019980192184448242,0.0014998912811279297,0.02
332,332,998,998,0.6371638774871826,6,0.008048772811889648,0.019047975540161133,0.0,998,1.7402279376983643,4,0.006295899860560894,0.011197477579116821,0.0008356571197509766,998,1.5424211025238037,4,0.007535312324762344,0.014400124549865723,0.001199960708618164,0.02
575,575,339,339,0.6594412326812744,6,0.008500541560351849,0.019047975540161133,0.0,339,2.6793761253356934,6,0.010649608448147774,0.01894199848175049,0.0014538764953613281,717,3.3583099842071533,24,0.015348032116889954,0.019980311393737793,0.010579824447631836,0.02
986,986,423,423,0.8391764163970947,8,0.00746196461841464,0.019444823265075684,0.0005551576614379883,423,2.9619131088256836,7,0.008626829832792282,0.019776225090026855,3.612041473388672e-05,423,3.74594783782959,22,0.008563523180782795,0.020000815391540527,0.0,0.02
867,867,412,412,0.6447830200195312,6,0.008461643941700459,0.019047975540161133,0.0,412,2.1439716815948486,5,0.006941159721463919,0.014611482620239258,0.00017458200454711914,412,1.3984460830688477,4,0.008770125918090343,0.016680121421813965,0.001439809799194336,0.02
116,116,672,672,2.675075054168701,25,0.008711852133274078,0.0199434757232666,0.0,116,10.253132104873657,24,0.009415985085070133,0.019926846027374268,2.384185791015625e-07,116,3.803989887237549,24,0.010113256983458996,0.020000934600830078,0.0,0.02
817,817,647,647,0.7603960037231445,7,0.008195147849619389,0.019286036491394043,0.0007138252258300781,647,2.210160970687866,5,0.007652558386325836,0.01546567678451538,0.00013589859008789062,817,3.366370677947998,24,0.01365263294428587,0.019980549812316895,0.006979703903198242,0.02
642,642,914,914,0.6953859329223633,6,0.008269622921943665,0.019047975540161133,0.0,914,2.640364170074463,6,0.0078964214771986,0.016379714012145996,0.0002244710922241211,914,1.5785081386566162,5,0.011101435869932175,0.019460082054138184,0.001859903335571289,0.02
327,327,473,327,2.7582080364227295,25,0.008726057596504688,0.019943714141845703,0.0,327,10.613363981246948,24,0.009160713292658329,0.019844412803649902,1.1920928955078125e-07,327,4.210264682769775,24,0.01147487573325634,0.020000696182250977,0.001199483871459961,0.02
995,995,217,995,2.828670024871826,25,0.00857002753764391,0.019943714141845703,0.0,995,10.454270839691162,24,0.009190156124532223,0.019906163215637207,1.1920928955078125e-07,995,4.174535036087036,24,0.009809100069105625,0.020000934600830078,0.0,0.02
87,87,543,543,0.8675780296325684,8,0.008197850547730923,0.019444704055786133,0.0005551576614379883,543,2.622612953186035,6,0.010132469236850739,0.01970088481903076,0.0002474784851074219,543,2.6352357864379883,11,0.010130778886377811,0.020000338554382324,0.0,0.02
965,965,93,93,0.8756411075592041,8,0.007526817731559277,0.019444823265075684,0.0005552768707275391,93,3.4293501377105713,8,0.010186930187046528,0.019690632820129395,0.0003399848937988281,93,2.861315965652466,13,0.010727820917963982,0.020000338554382324,0.0007598400115966797,0.02
267,267,913,913,2.191324234008789,20,0.008905511349439621,0.01990509033203125,9.489059448242188e-05,913,8.524145126342773,20,0.009678591974079609,0.019877314567565918,1.1920928955078125e-07,267,3.9935200214385986,24,0.010373327881097794,0.020000934600830078,0.0013197660446166992,0.02
977,977,272,272,0.7653119564056396,7,0.007743748836219311,0.019285917282104492,0.0007139444351196289,272,2.187511920928955,5,0.013581931591033936,0.019930720329284668,0.006435871124267578,272,2.3689730167388916,10,0.0089867589995265,0.020000338554382324,0.0,0.02
989,989,199,199,1.9705820083618164,18,0.006419173441827297,0.019883275032043457,0.0,989,10.55904483795166,24,0.0069272080436348915,0.018524527549743652,5.960464477539063e-08,989,5.236087083816528,24,0.008533586747944355,0.020000219345092773,0.0,0.02
120,119,662,124,2.7479729652404785,25,0.008086361922323704,0.0199434757232666,0.0,124,10.772014856338501,24,0.008312973193824291,0.018163084983825684,5.960464477539063e-08,119,4.027895212173462,24,0.009451125748455524,0.020000576972961426,0.0,0.02
800,800,275,275,0.5348749160766602,5,0.008994258008897305,0.018666982650756836,0.0,275,2.279452085494995,5,0.007610450033098459,0.01598823070526123,0.00038623809814453125,275,1.5557920932769775,4,0.009775247424840927,0.019260168075561523,0.0008997917175292969,0.02
905,905,111,111,0.4489569664001465,4,0.009795807301998138,0.018000245094299316,0.0019997358322143555,111,1.3700759410858154,3,0.00956649798899889,0.018272757530212402,0.0004190802574157715,111,1.7897889614105225,9,0.01119192410260439,0.020000338554382324,0.0021598339080810547,0.02
124,124,207,122,2.7629199028015137,25,0.009106826968491077,0.019943594932556152,0.0,124,10.630448818206787,24,0.009452734142541885,0.017945408821105957,5.960464477539063e-08,122,3.779784917831421,24,0.012656559236347675,0.019980192184448242,0.002299785614013672,0.02
541,541,807,807,0.5004839897155762,4,0.009624703787267208,0.018000245094299316,0.0019997358322143555,807,0.9826560020446777,2,0.012822499498724937,0.019593358039855957,0.005833268165588379,807,1.522981882095337,7,0.012886605225503445,0.020000338554382324,0.005439937114715576,0.02
661,661,989,661,2.805479049682617,25,0.00808962993323803,0.019943594932556152,0.0,661,10.917811155319214,24,0.008918520994484425,0.01990598440170288,0.0,661,4.209918022155762,24,0.009806507267057896,0.020000934600830078,0.0,0.02
112,112,658,658,0.5768990516662598,5,0.008379320614039898,0.018666863441467285,0.0,658,1.3747670650482178,3,0.009478967636823654,0.018552660942077637,0.0028908252716064453,658,1.1522259712219238,6,0.016904257237911224,0.01996016502380371,0.013799905776977539,0.02
531,531,157,531,2.8196029663085938,25,0.008678382262587547,0.019943714141845703,0.0,531,10.690867900848389,24,0.00854453444480896,0.018490910530090332,3.5762786865234375e-07,531,3.6341450214385986,24,0.011288097128272057,0.019980311393737793,0.0013396739959716797,0.02
251,251,967,967,1.4378089904785156,13,0.007905606180429459,0.019780635833740234,0.0,967,4.30660605430603,10,0.009068951942026615,0.019800782203674316,7.748603820800781e-06,967,3.9352378845214844,19,0.009263374842703342,0.020000576972961426,0.0,0.02
495,495,589,589,1.219139814376831,11,0.007666452322155237,0.019697189331054688,0.0003027915954589844,589,5.1354780197143555,12,0.006981816608458757,0.016367018222808838,1.4454126358032227e-06,648,3.511657953262329,24,0.010176482610404491,0.019980192184448242,0.0024597644805908203,0.02
313,313,691,691,0.5443398952484131,5,0.008977853693068027,0.018666982650756836,0.0,691,1.7864019870758057,4,0.00972040556371212,0.019749760627746582,0.0022112131118774414,691,2.4259541034698486,13,0.01059152651578188,0.020000457763671875,0.004439949989318848,0.02
784,784,241,456,2.7498669624328613,25,0.008817982859909534,0.019943714141845703,0.0,456,10.5552818775177,24,0.009640749543905258,0.01986539363861084,8.940696716308594e-08,456,4.437942981719971,24,0.009968619793653488,0.020000815391540527,0.0,0.02
261,261,879,261,2.825794219970703,25,0.009889555163681507,0.019943594932556152,0.0,261,371.2445397377014,24,0.010267950594425201,0.019914090633392334,0.0,261,4.540372371673584,24,0.010244742035865784,0.020000815391540527,0.0,0.02
973,973,931,973,2.7887117862701416,25,0.008799863047897816,0.0199434757232666,0.0,931,8.785054922103882,20,0.00934144388884306,0.01987820863723755,1.1920928955078125e-07,973,4.429296255111694,24,0.009670455008745193,0.020000457763671875,0.0,0.02
725,725,117,117,0.3268470764160156,3,0.009964385069906712,0.016666769981384277,0.0033332109451293945,117,0.9582700729370117,2,0.006840866524726152,0.01220691204071045,0.001553177833557129,117,0.8655359745025635,2,0.004533832427114248,0.008120059967041016,0.0009999275207519531,0.02
535,535,859,535,2.7949399948120117,25,0.008514905348420143,0.0199434757232666,0.0,535,10.906884908676147,24,0.009297900833189487,0.019934356212615967,4.76837158203125e-07,479,3.9947500228881836,24,0.01000294554978609,0.02000117301940918,0.0,0.02
691,691,974,974,0.8935410976409912,8,0.008387920446693897,0.019444823265075684,0.0005551576614379883,974,2.235858917236328,5,0.008236990310251713,0.0172804594039917,0.0007278919219970703,570,3.6978399753570557,24,0.010542528703808784,0.019980311393737793,0.00025975704193115234,0.02
70,70,614,70,2.8300299644470215,25,0.00894966907799244,0.019943714141845703,0.0,70,10.700498104095459,24,0.009480918757617474,0.019930720329284668,0.0,70,4.0726752281188965,24,0.009850878268480301,0.020000815391540527,2.9802322387695312e-08,0.02
269,269,148,269,2.835390090942383,25,0.009621355682611465,0.0199434757232666,0.0,269,10.73402214050293,24,0.010001386515796185,0.019913077354431152,2.2351741790771484e-08,269,4.179563999176025,24,0.01009538397192955,0.020000934600830078,0.0,0.02
438,845,119,119,0.7923750877380371,7,0.008804495446383953,0.019286036491394043,0.0007138252258300781,119,3.1064517498016357,7,0.007407616823911667,0.01569235324859619,0.0001971125602722168,801,3.9042928218841553,24,0.009433708153665066,0.019980311393737793,1.9550323486328125e-05,0.02
558,558,65,65,2.7433032989501953,25,0.0075601134449243546,0.019943594932556152,0.0,558,10.48198390007019,24,0.008328785188496113,0.019887089729309082,0.0,558,4.831389904022217,24,0.009052329696714878,0.020000815391540527,0.0,0.02
830,731,540,540,0.3300480842590332,3,0.010486370883882046,0.016666769981384277,0.0033332109451293945,540,0.5229799747467041,1,0.01937999203801155,0.01938021183013916,0.01937997341156006,540,0.5162830352783203,1,0.01937999203801155,0.01938021183013916,0.01937997341156006,0.02
91,91,146,146,0.5602691173553467,5,0.013157284818589687,0.028000354766845703,0.0,146,1.7986700534820557,4,0.014451291412115097,0.029594779014587402,0.0008561611175537109,146,3.1225409507751465,19,0.015296700410544872,0.03000020980834961,0.00011968612670898438,0.03
171,171,280,280,0.8717889785766602,8,0.010815026238560677,0.02916717529296875,0.0008330345153808594,280,1.8449323177337646,4,0.017533520236611366,0.02945125102996826,0.0048618316650390625,280,2.399564027786255,12,0.017354266718029976,0.03000032901763916,0.0038995742797851562,0.03
980,980,600,600,1.1313719749450684,10,0.010427732951939106,0.029454946517944336,0.0,600,3.4466991424560547,8,0.013042014092206955,0.026976048946380615,7.987022399902344e-05,600,3.566422939300537,21,0.015225968323647976,0.028560101985931396,0.00041985511779785156,0.03
218,218,949,949,1.0979540348052979,10,0.011438552290201187,0.029454946517944336,0.0,949,4.363790273666382,10,0.016390973702073097,0.029648661613464355,0.0008336901664733887,217,3.9931530952453613,24,0.017309611663222313,0.03000020980834961,0.0028197765350341797,0.03
19,19,656,656,0.917557954788208,8,0.010415888391435146,0.02916693687438965,0.0008330345153808594,656,2.641353130340576,6,0.010374779812991619,0.024636268615722656,0.0003637075424194336,656,1.5931081771850586,5,0.01255160290747881,0.02874016761779785,0.00011992454528808594,0.03
658,496,652,652,0.9612932205200195,8,0.013462690636515617,0.02916717529296875,0.0008330345153808594,652,3.092499017715454,7,0.014459931291639805,0.0297011137008667,0.00025469064712524414,652,4.00442099571228,24,0.01525146421045065,0.03000044822692871,0.0,0.03
549,893,471,471,1.3230493068695068,12,0.012006241828203201,0.02961564064025879,0.00038433074951171875,471,5.1830830574035645,12,0.013841272331774235,0.02980482578277588,5.125999450683594e-06,709,3.713531255722046,24,0.01565645821392536,0.03000056743621826,0.004439830780029297,0.03
808,808,221,221,1.0066847801208496,9,0.010295089334249496,0.029333829879760742,0.0,221,3.0277130603790283,7,0.017558153718709946,0.0263136625289917,0.007999420166015625,221,2.0179603099823,6,0.010000655427575111,0.022770166397094727,0.0005698204040527344,0.03
305,75,815,815,0.2121107578277588,2,0.01999998651444912,0.020000219345092773,0.01999974250793457,815,0.5330369472503662,1,0.02717997133731842,0.027180075645446777,0.027179956436157227,815,0.5325732231140137,1,0.02717997133731842,0.027180075645446777,0.027179956436157227,0.03
416,416,708,708,0.6556761264801025,6,0.011535769328474998,0.028571724891662598,0.0,708,1.8666791915893555,4,0.009628490544855595,0.02059859037399292,0.001119077205657959,708,1.074882984161377,3,0.01488469447940588,0.029250264167785645,0.0011098384857177734,0.03
89,89,726,726,1.2091939449310303,11,0.010396620258688927,0.02954578399658203,0.00045418739318847656,726,3.9509968757629395,9,0.013542280532419682,0.029637038707733154,2.86102294921875e-06,726,3.908396005630493,22,0.01417484600096941,0.03000044822692871,0.0,0.03
793,793,516,516,0.7535631656646729,7,0.011615674942731857,0.02892899513244629,0.0010710954666137695,516,3.4960098266601562,8,0.010210161097347736,0.024335503578186035,0.00021076202392578125,516,2.850200891494751,13,0.012763396836817265,0.030000269412994385,0.0,0.03
712,712,936,936,0.5469169616699219,5,0.012349279597401619,0.028000354766845703,0.0,936,1.830739974975586,4,0.012545124627649784,0.02156198024749756,0.0031287670135498047,936,1.508039951324463,4,0.014615652151405811,0.024780094623565674,0.004199981689453125,0.03
505,505,768,768,0.5601370334625244,5,0.01223628781735897,0.028000354766845703,0.0,768,2.188567876815796,5,0.0072941966354846954,0.017387807369232178,0.0009504556655883789,768,1.734867811203003,5,0.010119101032614708,0.02364027500152588,0.0008997917175292969,0.03
332,332,71,71,0.6563880443572998,6,0.011204137466847897,0.02857184410095215,0.0,71,2.6676559448242188,6,0.007563125342130661,0.01574993133544922,2.193450927734375e-05,71,2.117227077484131,6,0.008268928155303001,0.018090128898620605,0.00044989585876464844,0.03
575,575,771,771,0.6552953720092773,6,0.011958243325352669,0.02857184410095215,0.0,771,1.3804240226745605,3,0.014497971162199974,0.024443387985229492,0.003993034362792969,771,1.1064131259918213,3,0.015241668559610844,0.026850104331970215,0.0027899742126464844,0.03
986,986,396,396,0.6533858776092529,6,0.01175719778984785,0.02857184410095215,0.0,396,1.820547103881836,4,0.014925799332559109,0.029533565044403076,0.0003693103790283203,396,2.0402450561523438,9,0.01712329313158989,0.030000150203704834,0.003899812698364258,0.03
867,867,680,680,0.871941089630127,8,0.011241166852414608,0.02916717529296875,0.0008330345153808594,680,3.5021231174468994,8,0.007682934869080782,0.018440544605255127,3.230571746826172e-05,680,2.1336467266082764,6,0.011672173626720905,0.02478015422821045,0.0003597736358642578,0.03
116,116,302,302,0.8204100131988525,7,0.011877183802425861,0.02892899513244629,0.0010710954666137695,302,1.8029487133026123,4,0.016128672286868095,0.029499411582946777,0.0018072128295898438,302,2.464477777481079,13,0.015557656064629555,0.03000032901763916,0.004439830780029297,0.03
817,817,932,932,0.7838411331176758,7,0.011431126855313778,0.02892887592315674,0.0010710954666137695,932,3.0617032051086426,7,0.01037069782614708,0.022777676582336426,0.00021350383758544922,932,1.8150207996368408,6,0.014331353828310966,0.0294000506401062,0.002279937267303467,0.03
642,642,495,495,0.8900778293609619,8,0.01090393215417862,0.02916717529296875,0.0008330345153808594,495,2.6332671642303467,6,0.009327033534646034,0.020007550716400146,1.7762184143066406e-05,495,1.5160210132598877,5,0.013837726786732674,0.029310107231140137,0.0003898143768310547,0.03
327,327,932,932,0.6059327125549316,5,0.013554206117987633,0.028000354766845703,0.0,932,1.8422050476074219,4,0.014021755196154118,0.02968752384185791,0.00042748451232910156,932,2.1403987407684326,9,0.014495366252958775,0.030000150203704834,0.0,0.03
995,995,859,859,0.888390064239502,8,0.012214395217597485,0.02916717529296875,0.0008330345153808594,859,3.0748720169067383,7,0.01242735330015421,0.029743552207946777,7.772445678710938e-05,995,3.877490282058716,24,0.014382579363882542,0.03000056743621826,0.0,0.03
87,87,556,556,0.7838127613067627,7,0.011523131281137466,0.028928756713867188,0.0010710954666137695,556,2.685467004776001,6,0.009714072570204735,0.020311355590820312,0.00128936767578125,556,1.9946177005767822,6,0.012189852073788643,0.024450063705444336,0.00044989585876464844,0.03
965,965,790,790,0.9962198734283447,9,0.010162551887333393,0.029333829879760742,0.0,790,6.582448959350586,15,0.010676944628357887,0.025072932243347168,0.0,790,2.397484064102173,10,0.013737842440605164,0.027240395545959473,0.00011968612670898438,0.03
267,267,34,34,1.5472731590270996,14,0.011079282499849796,0.02971482276916504,0.0,34,5.176147222518921,12,0.011507219634950161,0.025977253913879395,2.1569430828094482e-05,221,3.6119213104248047,24,0.016182908788323402,0.029970288276672363,0.0018897056579589844,0.03
977,977,492,492,1.0892038345336914,10,0.009939628653228283,0.029454946517944336,0.0,492,6.02700400352478,14,0.009102245792746544,0.024378180503845215,3.069639205932617e-06,978,4.975900888442993,24,0.010109305381774902,0.028860092163085938,0.0,0.03
989,989,252,252,2.3568058013916016,21,0.00871894508600235,0.02987039089202881,0.0,252,9.422060012817383,22,0.012225071899592876,0.029513180255889893,1.1920928955078125e-07,989,4.613627910614014,24,0.014819122850894928,0.03000020980834961,0.0,0.03
120,119,632,632,1.539966106414795,14,0.010968731716275215,0.029714584350585938,0.0,120,10.597378969192505,24,0.010897433385252953,0.025778651237487793,1.1920928955078125e-07,124,3.539102077484131,24,0.019803013652563095,0.029160380363464355,0.010199904441833496,0.03
800,800,559,559,0.335773229598999,3,0.014985243789851665,0.02500021457672119,0.004999876022338867,559,0.983942985534668,2,0.01546618714928627,0.025690197944641113,0.005049943923950195,559,0.7983660697937012,2,0.023483630269765854,0.02919018268585205,0.0176699161529541,0.03
905,905,601,601,0.44435787200927734,4,0.014167838729918003,0.02700018882751465,0.0029997825622558594,601,1.3648011684417725,3,0.011429841630160809,0.02183854579925537,0.005718588829040527,601,0.9706728458404541,3,0.015103154815733433,0.029520153999328613,0.0003598928451538086,0.03
124,124,395,122,2.7704131603240967,25,0.012059525586664677,0.02991509437561035,0.0,124,10.502852201461792,24,0.014224712736904621,0.02868574857711792,7.264316082000732e-07,122,4.592135906219482,24,0.01464653480798006,0.028530478477478027,2.956390380859375e-05,0.03
541,541,458,458,1.7677862644195557,16,0.009678460657596588,0.029779672622680664,0.00022017955780029297,458,10.667309045791626,24,0.010961949825286865,0.028552085161209106,1.1920928955078125e-07,577,4.568417072296143,24,0.01699988543987274,0.03000056743621826,0.002999544143676758,0.03
661,661,299,299,1.1146471500396729,10,0.011331459507346153,0.029454946517944336,0.0,299,3.550675868988037,8,0.01331829372793436,0.029674649238586426,0.0001760721206665039,661,4.023174047470093,24,0.014569131657481194,0.03000044822692871,0.0011394023895263672,0.03
112,112,962,962,0.9994280338287354,9,0.00988223310559988,0.02933359146118164,0.0,962,2.655756950378418,6,0.008508979342877865,0.018527567386627197,0.0007041692733764648,962,2.01230525970459,6,0.00899037066847086,0.019710063934326172,2.9921531677246094e-05,0.03
531,531,726,726,0.45804405212402344,4,0.014094818383455276,0.0270003080368042,0.0029997825622558594,726,1.42366623878479,3,0.01923276111483574,0.02939426898956299,0.008478879928588867,726,1.5890939235687256,7,0.021073896437883377,0.030000150203704834,0.011759757995605469,0.03
251,251,470,470,0.3353719711303711,3,0.01524724904447794,0.02500021457672119,0.004999876022338867,470,0.9539151191711426,2,0.019268080592155457,0.029390037059783936,0.008749842643737793,470,1.511108160018921,7,0.015657806769013405,0.030000150203704834,0.0008997917175292969,0.03
495,495,102,102,1.2419641017913818,11,0.010501555167138577,0.02954566478729248,0.00045430660247802734,102,5.633319854736328,13,0.009699041023850441,0.024060934782028198,7.241964340209961e-06,453,3.5819780826568604,24,0.016134250909090042,0.029970109462738037,0.0018898248672485352,0.03
313,313,507,507,0.8875231742858887,8,0.011132682673633099,0.02916693687438965,0.0008330345153808594,507,3.0448570251464844,7,0.009603548794984818,0.02190721035003662,0.0002853870391845703,507,2.273113965988159,7,0.01111872959882021,0.025710463523864746,2.9921531677246094e-05,0.03
784,784,927,927,1.3335926532745361,12,0.010544457472860813,0.02961564064025879,0.00038433074951171875,927,10.614785194396973,24,0.009673433378338814,0.023326516151428223,0.0,927,3.0806703567504883,12,0.012855013832449913,0.028770089149475098,2.9802322387695312e-05,0.03
261,261,136,136,2.7662580013275146,25,0.012012290768325329,0.029908418655395508,0.0,261,10.664184093475342,24,0.012918817810714245,0.029817938804626465,2.086162567138672e-07,261,4.30616307258606,24,0.014483489096164703,0.03000032901763916,0.0,0.03
973,973,60,60,0.8803858757019043,8,0.011963702738285065,0.02916717529296875,0.0008330345153808594,60,3.07135272026062,7,0.013613834045827389,0.029828906059265137,0.0008224248886108398,60,4.0975258350372314,24,0.014429724775254726,0.03000044822692871,0.00023984909057617188,0.03
725,725,684,684,0.33892297744750977,3,0.014966102316975594,0.02500021457672119,0.004999876022338867,684,0.9370319843292236,2,0.008718889206647873,0.01718759536743164,0.0003273487091064453,684,0.8941428661346436,2,0.008352584205567837,0.012180089950561523,0.004559963941574097,0.03
535,535,218,479,2.797197103500366,25,0.010861696675419807,0.02991509437561035,0.0,479,10.641546964645386,24,0.01203208789229393,0.029912114143371582,5.960464477539063e-08,479,3.8346359729766846,24,0.016147246584296227,0.03000056743621826,0.0010194778442382812,0.03
691,691,239,239,0.7753598690032959,7,0.012008520774543285,0.02892899513244629,0.0010710954666137695,239,3.0400240421295166,7,0.013863694854080677,0.02639305591583252,0.0006657838821411133,412,3.286496162414551,24,0.023493068292737007,0.029970288276672363,0.01688981056213379,0.03
70,70,274,70,2.802952289581299,25,0.01140179019421339,0.02991509437561035,0.0,70,10.61145305633545,24,0.012333755381405354,0.02986752986907959,0.0,70,4.140369176864624,24,0.013715873472392559,0.03000056743621826,0.0009598731994628906,0.03
269,269,188,188,0.21423697471618652,2,0.01999998651444912,0.020000219345092773,0.01999974250793457,188,0.556588888168335,1,0.029069991782307625,0.02907007932662964,0.029069900512695312,188,0.5298030376434326,1,0.029069991782307625,0.02907007932662964,0.029069900512695312,0.03
438,845,440,440,0.5601978302001953,5,0.012573258951306343,0.028000354766845703,0.0,440,1.8233997821807861,4,0.006606359034776688,0.013659119606018066,0.0004610717296600342,440,1.498344898223877,4,0.008365198038518429,0.016410112380981445,0.0017099380493164062,0.03
558,558,339,339,0.7792670726776123,7,0.011736690998077393,0.02892899513244629,0.0010710954666137695,339,2.235772132873535,5,0.014474871568381786,0.029581844806671143,0.0017458200454711914,339,2.6632261276245117,11,0.014827846549451351,0.030000150203704834,0.0005997419357299805,0.03
830,731,891,891,0.3385910987854004,3,0.015269043855369091,0.02500021457672119,0.004999876022338867,891,0.953834056854248,2,0.021017907187342644,0.02933138608932495,0.012471199035644531,891,0.6430761814117432,2,0.029076628386974335,0.029550135135650635,0.028589963912963867,0.03
91,91,600,600,1.0238299369812012,9,0.01351100206375122,0.03911149501800537,0.0,600,2.2386879920959473,5,0.02637135237455368,0.03916776180267334,0.01287221908569336,600,2.5871059894561768,14,0.021295763552188873,0.040000319480895996,0.0011997222900390625,0.04
171,171,101,101,0.5792782306671143,5,0.01626945473253727,0.03733372688293457,0.0,101,1.3619580268859863,3,0.02016066387295723,0.02947843074798584,0.010651230812072754,101,1.080199956893921,3,0.02629801072180271,0.03464019298553467,0.017839670181274414,0.04
980,980,321,321,0.5874199867248535,5,0.0167181845754385,0.03733372688293457,0.0,321,2.210123062133789,5,0.02089356817305088,0.03667581081390381,0.004297912120819092,321,1.4974300861358643,6,0.031729988753795624,0.03932023048400879,0.021799802780151367,0.04
218,218,194,194,0.7805697917938232,7,0.01591794565320015,0.038571834564208984,0.0014282464981079102,194,3.5290770530700684,8,0.016111090779304504,0.03136038780212402,7.43865966796875e-05,194,2.222208023071289,12,0.024686094373464584,0.039840102195739746,0.007759809494018555,0.04
19,19,199,199,0.9240720272064209,8,0.013663947582244873,0.038889288902282715,0.0011107921600341797,199,7.1468610763549805,16,0.009945007041096687,0.029561549425125122,5.960464477539063e-08,19,3.417245864868164,24,0.022413762286305428,0.039960265159606934,0.004599809646606445,0.04
658,496,852,852,0.32349085807800293,3,0.02057822421193123,0.033333539962768555,0.006666421890258789,852,0.9762260913848877,2,0.02341051585972309,0.03926360607147217,0.0067833662033081055,852,0.905432939529419,2,0.023375630378723145,0.03876006603240967,0.007239937782287598,0.04
549,893,733,733,1.3695411682128906,12,0.015575749799609184,0.039487361907958984,0.0005124807357788086,709,10.643226146697998,24,0.016860350966453552,0.03964698314666748,2.384185791015625e-07,767,5.175050973892212,24,0.021372146904468536,0.040000319480895996,0.0003197193145751953,0.04
808,808,775,775,0.4519038200378418,4,0.018152737990021706,0.03600025177001953,0.0039997100830078125,775,1.4951832294464111,3,0.01193415466696024,0.023074984550476074,6.175041198730469e-05,775,0.8792297840118408,2,0.01630692183971405,0.02368009090423584,0.00879979133605957,0.04
305,75,319,319,0.4442911148071289,4,0.018270032480359077,0.03600025177001953,0.0039997100830078125,319,1.370081901550293,3,0.012379850260913372,0.02407681941986084,0.005103468894958496,319,1.2385098934173584,3,0.016263049095869064,0.03180009126663208,0.0042798519134521484,0.04
416,416,312,312,0.8967971801757812,8,0.013043922372162342,0.038889288902282715,0.0011107921600341797,312,4.44522500038147,10,0.021062951534986496,0.039232149720191956,0.002571403980255127,312,2.6946709156036377,12,0.01726394332945347,0.039520204067230225,0.0,0.04
89,89,1,1,0.9882161617279053,9,0.01406905148178339,0.03911149501800537,0.0,1,3.09312105178833,7,0.018375542014837265,0.03945976495742798,0.0018358230590820312,1,3.4317870140075684,18,0.018608437851071358,0.040000319480895996,0.0013599395751953125,0.04
793,793,887,887,0.7990050315856934,7,0.014967778697609901,0.038571834564208984,0.001428365707397461,887,2.240285873413086,5,0.018146086484193802,0.03826695680618286,0.0019544363021850586,793,3.4711718559265137,24,0.026255376636981964,0.03996032476425171,0.012119650840759277,0.04
712,712,102,102,0.7955410480499268,7,0.014253911562263966,0.038571715354919434,0.0014282464981079102,102,2.2149498462677,5,0.013758443295955658,0.024694085121154785,0.0023436546325683594,102,1.3448030948638916,4,0.01898588053882122,0.03652012348175049,0.0009999275207519531,0.04
505,505,620,620,0.7687258720397949,7,0.014334621839225292,0.038571715354919434,0.001428365707397461,620,2.692363977432251,6,0.009058060124516487,0.02250802516937256,0.00015783309936523438,620,1.8058719635009766,5,0.012613977305591106,0.028960347175598145,0.00023978948593139648,0.04
332,332,623,623,0.8010151386260986,7,0.014218855649232864,0.038571834564208984,0.0014281272888183594,623,1.8029859066009521,4,0.008682834915816784,0.019838571548461914,0.0010113716125488281,623,1.3609960079193115,4,0.010243535041809082,0.015720069408416748,0.003239870071411133,0.04
575,575,784,784,0.7618210315704346,7,0.014776304364204407,0.038571834564208984,0.0014282464981079102,784,2.2892420291900635,5,0.02107270248234272,0.034119486808776855,0.007823944091796875,784,1.5684432983398438,6,0.02545740082859993,0.03916013240814209,0.011639952659606934,0.04
986,986,423,423,1.1116821765899658,10,0.012344662100076675,0.03927314281463623,0.0,423,2.270707845687866,5,0.016909785568714142,0.03542935848236084,0.0003485679626464844,423,1.5204148292541504,5,0.021641727536916733,0.03892010450363159,0.004039883613586426,0.04
867,867,692,692,0.7835359573364258,6,0.01565438136458397,0.038095712661743164,0.0,692,3.2008159160614014,7,0.008864734321832657,0.02023637294769287,0.0003033876419067383,692,1.67448091506958,5,0.01530967466533184,0.03012007474899292,0.0005998611450195312,0.04
116,116,42,42,0.3180558681488037,3,0.020326310768723488,0.033333539962768555,0.006666421890258789,42,0.8874351978302002,2,0.02137572132050991,0.039418578147888184,0.003061532974243164,42,1.3907461166381836,7,0.02167883701622486,0.040000200271606445,0.0011997222900390625,0.04
817,817,880,880,0.6352629661560059,6,0.016048399731516838,0.038095712661743164,0.0,880,195.87186908721924,5,0.011751837097108364,0.026495933532714844,5.054473876953125e-05,880,2.0348551273345947,5,0.012117831967771053,0.026440143585205078,0.0016398429870605469,0.04
642,642,802,802,0.9342799186706543,8,0.014262877404689789,0.038889288902282715,0.0011107921600341797,802,3.2182118892669678,7,0.010359116829931736,0.024535655975341797,4.029273986816406e-05,802,2.5854461193084717,9,0.011241328902542591,0.027680158615112305,0.0,0.04
327,327,792,792,1.7815659046173096,16,0.01350239384919405,0.03970623016357422,0.000293731689453125,792,8.8419771194458,20,0.01331298891454935,0.03444397449493408,5.960464477539063e-08,792,3.651700973510742,16,0.01634373515844345,0.040000200271606445,0.0,0.04
995,995,44,44,0.6322689056396484,5,0.017183352261781693,0.03733372688293457,0.0,44,1.9004487991333008,4,0.01789672300219536,0.03959238529205322,0.0016175508499145508,44,1.8465158939361572,8,0.020670201629400253,0.040000200271606445,0.001199960708618164,0.04
87,87,212,212,0.5240488052368164,5,0.016357993707060814,0.03733372688293457,0.0,212,1.4062788486480713,3,0.022418329492211342,0.0337601900100708,0.010746777057647705,212,0.9576756954193115,3,0.031316835433244705,0.03892010450363159,0.023559927940368652,0.04
965,965,252,252,0.8687171936035156,8,0.013937689363956451,0.038889288902282715,0.0011107921600341797,252,3.435317039489746,8,0.02095072530210018,0.03742629289627075,0.002998948097229004,965,3.5076138973236084,24,0.029303690418601036,0.03996020555496216,0.018599867820739746,0.04
267,267,382,382,0.4610869884490967,4,0.01848139427602291,0.03600025177001953,0.0039997100830078125,382,1.8743929862976074,4,0.012576225213706493,0.0246659517288208,0.0037040114402770996,382,1.4525551795959473,4,0.02051178365945816,0.03896009922027588,0.0027998685836791992,0.04
977,977,870,870,1.0004782676696777,9,0.012758445926010609,0.03911137580871582,0.0,870,3.5702710151672363,8,0.022213051095604897,0.03646814823150635,0.008053183555603027,870,2.335225820541382,7,0.0156397707760334,0.03148019313812256,0.00011992454528808594,0.04
989,989,215,215,1.0344250202178955,9,0.013385320082306862,0.03911137580871582,0.0,215,7.966968059539795,18,0.024927034974098206,0.03976941108703613,0.009273290634155273,989,4.667456865310669,24,0.018954869359731674,0.039240121841430664,3.981590270996094e-05,0.04
120,119,33,33,0.6977028846740723,6,0.01684308610856533,0.038095712661743164,0.0,33,2.751243829727173,6,0.01709452085196972,0.03958141803741455,0.0009301900863647461,33,3.6219890117645264,21,0.019286006689071655,0.0400005578994751,0.0,0.04
800,800,447,447,0.5866620540618896,5,0.016831986606121063,0.03733372688293457,0.0,447,1.5736639499664307,3,0.009375838562846184,0.01800835132598877,0.0008184909820556641,447,1.161872148513794,3,0.011463243514299393,0.020240187644958496,0.0022398829460144043,0.04
905,905,306,306,0.7997441291809082,7,0.014666957780718803,0.038571834564208984,0.001428365707397461,306,1.4213199615478516,3,0.021583039313554764,0.0358656644821167,0.007187485694885254,306,1.1703617572784424,3,0.01996142789721489,0.03580009937286377,0.003719925880432129,0.04
124,124,721,721,2.0321810245513916,18,0.014905929565429688,0.03976631164550781,0.0,721,10.068049907684326,23,0.01816977933049202,0.039672017097473145,3.5762786865234375e-07,122,4.548490047454834,24,0.01894114911556244,0.0400005578994751,0.0,0.04
541,541,345,345,0.6852009296417236,6,0.015222634188830853,0.03809559345245361,0.0,345,1.8139839172363281,4,0.012344065122306347,0.022394955158233643,0.001671522855758667,345,1.450343132019043,4,0.013450374826788902,0.02068006992340088,0.005719900131225586,0.04
661,661,600,600,0.7743213176727295,7,0.015255453996360302,0.038571834564208984,0.0014282464981079102,600,2.6646199226379395,6,0.019560137763619423,0.03940165042877197,0.0004949569702148438,661,3.799705982208252,24,0.020110759884119034,0.0400007963180542,0.0001600012183189392,0.04
112,112,524,524,0.3434638977050781,3,0.019983159378170967,0.033333420753479004,0.006666421890258789,524,0.5303189754486084,1,0.01875998266041279,0.018760085105895996,0.018759965896606445,524,0.5139541625976562,1,0.01875998266041279,0.018760085105895996,0.018759965896606445,0.04
531,531,103,103,0.7492160797119141,6,0.015091843903064728,0.038095712661743164,0.0,103,3.5386228561401367,8,0.009764094837009907,0.023258328437805176,0.00011038780212402344,103,2.0200910568237305,6,0.016064142808318138,0.0338401198387146,0.0003197193145751953,0.04
251,251,599,599,0.9857120513916016,9,0.013904532417654991,0.03911149501800537,0.0,599,5.157566070556641,12,0.012233917601406574,0.02934497594833374,1.0967254638671875e-05,599,2.6145682334899902,11,0.017435790970921516,0.040000319480895996,0.0,0.04
495,495,298,298,1.116901159286499,10,0.01329816970974207,0.03927290439605713,0.0,298,4.702016830444336,11,0.011829257942736149,0.028963804244995117,7.450580596923828e-08,298,3.2519919872283936,12,0.01418046373873949,0.032840192317962646,3.981590270996094e-05,0.04
313,313,797,797,0.44217586517333984,4,0.018577218055725098,0.03600025177001953,0.0039997100830078125,797,1.7951931953430176,4,0.01003234088420868,0.021439015865325928,0.0005888938903808594,797,1.5433871746063232,4,0.011054684408009052,0.023920178413391113,0.0009598731994628906,0.04
784,784,147,147,0.5814850330352783,5,0.016879715025424957,0.03733372688293457,0.0,147,1.7841978073120117,4,0.01989872194826603,0.029767155647277832,0.009261131286621094,147,1.4093959331512451,4,0.021878600120544434,0.038920044898986816,0.003719806671142578,0.04
261,261,629,629,1.3334178924560547,12,0.014298195950686932,0.039487481117248535,0.0005124807357788086,629,5.560069799423218,13,0.016715316101908684,0.03959500789642334,6.4373016357421875e-06,261,4.330848217010498,24,0.018194077536463737,0.04000043869018555,0.0,0.04
973,973,814,814,1.3162434101104736,12,0.01292822789400816,0.039487361907958984,0.0005123615264892578,814,4.285016059875488,10,0.017769748345017433,0.03950154781341553,0.00028842687606811523,814,3.125523328781128,13,0.01828186586499214,0.040000200271606445,0.0,0.04
725,725,446,446,1.0322439670562744,9,0.012420834973454475,0.03911137580871582,0.0,446,3.466820240020752,8,0.02168767713010311,0.03872811794281006,0.004324913024902344,446,2.2644670009613037,8,0.013940021395683289,0.028200149536132812,0.0004398822784423828,0.04
535,535,187,187,2.5515592098236084,24,0.012926025316119194,0.03986716270446777,0.00013256072998046875,535,9.93998908996582,24,0.015248259529471397,0.03964054584503174,1.1920928955078125e-07,535,3.260770082473755,24,0.028429264202713966,0.03996032476425171,0.01667964458465576,0.04
691,691,914,914,0.425029993057251,4,0.019153481349349022,0.03600025177001953,0.0039997100830078125,914,1.28830885887146,3,0.02059781737625599,0.039470553398132324,0.006362557411193848,914,1.6461691856384277,9,0.023117851465940475,0.040000200271606445,0.005999922752380371,0.04
70,70,370,370,1.0421741008758545,10,0.014339928515255451,0.03927314281463623,0.0,370,7.730447053909302,19,0.015367496758699417,0.039664626121520996,4.172325134277344e-07,70,3.8624267578125,24,0.01856842078268528,0.04000067710876465,0.0,0.04
269,269,659,659,0.6692638397216797,6,0.01688477210700512,0.038095712661743164,0.0,659,2.1506919860839844,5,0.019094105809926987,0.03946763277053833,0.0013384819030761719,659,3.0512208938598633,18,0.01905771717429161,0.040000319480895996,0.0005599260330200195,0.04
438,845,19,19,0.8883028030395508,8,0.015239034779369831,0.038889288902282715,0.0011107921600341797,19,2.8767948150634766,7,0.018176551908254623,0.03955209255218506,0.00044143199920654297,19,2.7061312198638916,16,0.026518747210502625,0.040000200271606445,0.011279821395874023,0.04
558,558,917,917,1.3345489501953125,12,0.012660816311836243,0.039487361907958984,0.0005124807357788086,917,3.2874763011932373,8,0.022636977955698967,0.039291977882385254,0.004978179931640625,917,3.480088949203491,17,0.02053118869662285,0.040000200271606445,0.0,0.04
830,731,636,636,0.20833396911621094,2,0.026666659861803055,0.026666879653930664,0.02666640281677246,636,0.5195088386535645,1,0.02375999465584755,0.023760080337524414,0.023759961128234863,636,0.4818427562713623,1,0.02375999465584755,0.023760080337524414,0.023759961128234863,0.04
91,91,480,480,1.0416791439056396,10,0.015752891078591347,0.04909110069274902,0.0,480,4.906541109085083,12,0.03048325888812542,0.04904186725616455,0.01086735725402832,480,3.3535687923431396,20,0.0292243342846632,0.050000131130218506,0.007699847221374512,0.05
171,171,350,350,0.41228199005126953,4,0.022772306576371193,0.045000314712524414,0.004999756813049316,350,1.3000497817993164,3,0.012476557865738869,0.02425968647003174,0.005775928497314453,350,1.0655791759490967,3,0.014365814626216888,0.02805018424987793,0.006149947643280029,0.05
980,980,445,445,0.7325878143310547,7,0.018189040943980217,0.04821467399597168,0.0017853975296020508,445,3.689178943634033,9,0.02236269786953926,0.04901254177093506,0.0003895759582519531,980,4.1441731452941895,24,0.01975923962891102,0.03390020132064819,0.004199862480163574,0.05
218,218,795,795,0.7593479156494141,7,0.018687354400753975,0.04821467399597168,0.0017853975296020508,795,2.4897208213806152,6,0.017352160066366196,0.036850571632385254,0.0021805763244628906,795,2.4883017539978027,14,0.026236634701490402,0.04750025272369385,0.0039997100830078125,0.05
19,19,927,927,0.7153739929199219,7,0.017881393432617188,0.04821455478668213,0.0017853975296020508,927,2.091561794281006,5,0.0218368973582983,0.04611480236053467,0.0040738582611083984,927,2.0298218727111816,10,0.03589947149157524,0.05000007152557373,0.02169966697692871,0.05
658,496,954,954,0.933845043182373,9,0.019774317741394043,0.04888927936553955,0.0,954,2.848875045776367,7,0.02145244926214218,0.046772897243499756,0.0002522468566894531,954,2.4571588039398193,13,0.024933891370892525,0.05000007152557373,0.0,0.05
549,893,20,20,2.429980754852295,22,0.016622010618448257,0.04980266094207764,0.0,549,10.079307079315186,24,0.021412577480077744,0.049730777740478516,8.121132850646973e-07,446,3.9091439247131348,24,0.03172248229384422,0.050000131130218506,0.012399911880493164,0.05
808,808,559,559,0.31501102447509766,3,0.02500264346599579,0.04166686534881592,0.008333206176757812,559,0.9027230739593506,2,0.03042907454073429,0.041448116302490234,0.01954793930053711,559,0.8198819160461426,2,0.026773154735565186,0.03905010223388672,0.01464986801147461,0.05
305,75,187,187,0.4339330196380615,4,0.022327730432152748,0.045000314712524414,0.004999756813049316,187,0.8871119022369385,2,0.025628196075558662,0.042816996574401855,0.00841665267944336,187,0.8105618953704834,2,0.02196134440600872,0.03905010223388672,0.004849910736083984,0.05
416,416,201,201,0.8413550853729248,8,0.016632618382573128,0.04861152172088623,0.0013885498046875,201,3.2885360717773438,8,0.01625300943851471,0.0380934476852417,3.0279159545898438e-05,201,1.8469669818878174,6,0.018848437815904617,0.04265010356903076,0.00044989585876464844,0.05
89,89,363,363,1.1523089408874512,11,0.015849092975258827,0.04924273490905762,0.0007572174072265625,363,4.097236156463623,10,0.02633759193122387,0.049177467823028564,0.002247452735900879,89,4.17408299446106,24,0.029678143560886383,0.050000131130218506,0.008499741554260254,0.05
793,793,901,901,1.0424001216888428,10,0.016130905598402023,0.049091219902038574,0.0,901,8.071874141693115,20,0.011178386397659779,0.036270737648010254,0.0,793,4.931015968322754,24,0.013515833765268326,0.037000060081481934,0.0,0.05
712,712,325,325,0.8596079349517822,8,0.01661745458841324,0.04861152172088623,0.0013885498046875,325,2.0659470558166504,5,0.03110586479306221,0.047552645206451416,0.014567136764526367,325,2.3307321071624756,10,0.03164808079600334,0.04060006141662598,0.02259993553161621,0.05
505,505,139,139,1.774935007095337,17,0.01237269677221775,0.049673378467559814,0.0,999,9.942992925643921,24,0.038020938634872437,0.04997337982058525,0.025705456733703613,505,4.650581121444702,24,0.01521251443773508,0.03065025806427002,4.976987838745117e-05,0.05
332,332,371,371,0.6246600151062012,6,0.018800990656018257,0.04761946201324463,0.0,371,1.658621072769165,4,0.00728573277592659,0.01631152629852295,7.903575897216797e-05,371,1.739881992340088,5,0.007534575182944536,0.016450047492980957,0.000949859619140625,0.05
575,575,996,996,0.8447022438049316,8,0.01709182932972908,0.04861140251159668,0.0013885498046875,996,1.7280828952789307,4,0.01475619338452816,0.022097229957580566,0.007166862487792969,996,1.3796260356903076,4,0.015196590684354305,0.021150052547454834,0.00894998013973236,0.05
986,986,9,9,0.9346170425415039,9,0.016010403633117676,0.04888927936553955,0.0,9,2.3707027435302734,5,0.02275841496884823,0.04118144512176514,0.003947615623474121,9,1.483454942703247,7,0.0292153712362051,0.049800097942352295,0.00859975814819336,0.05
867,867,210,210,1.0533478260040283,10,0.016332732513546944,0.049091219902038574,0.0,210,5.677862882614136,14,0.008706677705049515,0.021976828575134277,1.0728836059570312e-06,210,1.9675452709197998,6,0.023193376138806343,0.04120016098022461,0.0023998022079467773,0.05
116,116,676,676,1.023796796798706,10,0.016660332679748535,0.049091339111328125,0.0,676,4.5022571086883545,11,0.023077229037880898,0.04594743251800537,0.0003064870834350586,676,3.163571834564209,16,0.026163801550865173,0.05000007152557373,0.0007996559143066406,0.05
817,817,158,158,0.7317290306091309,7,0.018839819356799126,0.04821467399597168,0.0017853975296020508,158,3.668929100036621,9,0.012483463622629642,0.0300331711769104,6.912648677825928e-05,158,1.6428310871124268,5,0.01857045851647854,0.04080003499984741,0.0014998912811279297,0.05
642,642,90,90,0.8253898620605469,8,0.017139872536063194,0.04861152172088623,0.0013885498046875,90,2.480830430984497,6,0.01259395107626915,0.02843940258026123,0.002571702003479004,90,1.7164239883422852,5,0.015778444707393646,0.03620016574859619,0.00029987096786499023,0.05
327,327,24,24,0.9624941349029541,9,0.01840035431087017,0.04888927936553955,0.0,24,7.600965976715088,19,0.01425472367554903,0.03800475597381592,4.172325134277344e-07,24,4.259795904159546,21,0.018245859071612358,0.04765045642852783,4.947185516357422e-05,0.05
995,995,860,860,0.6184203624725342,6,0.020192788913846016,0.04761946201324463,0.0,860,3.268430233001709,8,0.01568647474050522,0.039166927337646484,0.00024640560150146484,860,2.115406036376953,7,0.020974820479750633,0.04875028133392334,0.00014972686767578125,0.05
87,87,24,24,0.5181629657745361,5,0.020600726827979088,0.04666697978973389,0.0,24,1.2819678783416748,3,0.015710191801190376,0.030422866344451904,0.0036606788635253906,24,1.0694289207458496,3,0.020555878058075905,0.033300042152404785,0.007299900054931641,0.05
965,965,546,546,0.9282529354095459,9,0.0162376519292593,0.04888927936553955,0.0,546,3.790201187133789,9,0.015033391304314137,0.028415143489837646,0.0010914802551269531,546,2.6594629287719727,11,0.016832629218697548,0.028750061988830566,0.004549860954284668,0.05
267,267,16,16,1.0474469661712646,10,0.01695084758102894,0.049091339111328125,0.0,16,2.8853189945220947,7,0.027584798634052277,0.04922187328338623,0.004475831985473633,16,2.392133951187134,9,0.02039472386240959,0.04230034351348877,0.0004998445510864258,0.05
977,977,544,544,1.129472017288208,11,0.014821656048297882,0.049242615699768066,0.0007572174072265625,544,2.8780736923217773,7,0.016770746558904648,0.04047071933746338,0.001685023307800293,544,2.0716500282287598,8,0.027190444990992546,0.048100173473358154,0.00579988956451416,0.05
989,989,494,494,0.529691219329834,5,0.020483938977122307,0.04666697978973389,0.0,494,1.295093059539795,3,0.017963428050279617,0.035300374031066895,0.006266593933105469,494,0.83492112159729,2,0.023637453094124794,0.04170006513595581,0.005199909210205078,0.05
120,119,883,883,0.8317220211029053,8,0.01802963763475418,0.04861152172088623,0.0013885498046875,883,3.275836944580078,8,0.021290797740221024,0.04851353168487549,0.0002143383026123047,883,3.6505258083343506,19,0.0264505073428154,0.04790014028549194,0.00429987907409668,0.05
800,800,313,313,0.7153260707855225,7,0.01862967386841774,0.04821467399597168,0.0017853975296020508,313,2.082141876220703,5,0.01153881847858429,0.0240936279296875,0.0007440447807312012,313,1.646606683731079,5,0.015142801217734814,0.030700325965881348,0.0007998943328857422,0.05
905,905,334,334,0.5189969539642334,5,0.020715966820716858,0.04666697978973389,0.0,334,1.310943841934204,3,0.029864642769098282,0.049059510231018066,0.009742975234985352,334,1.429311990737915,7,0.03215962275862694,0.05000007152557373,0.013599932193756104,0.05
124,124,743,743,1.4687449932098389,14,0.01742112636566162,0.04952418804168701,0.0,124,9.991512060165405,24,0.012125611305236816,0.032674431800842285,1.1920928955078125e-07,124,4.229871034622192,24,0.020355170592665672,0.0429002046585083,0.0,0.05
541,541,62,62,0.8216948509216309,8,0.01712384819984436,0.04861140251159668,0.0013885498046875,62,2.493626832962036,6,0.012740281410515308,0.028663992881774902,0.0001823902130126953,62,1.982347011566162,6,0.01768876053392887,0.03600037097930908,0.0009996891021728516,0.05
661,661,841,841,0.8960928916931152,8,0.01771402359008789,0.04861152172088623,0.0013885498046875,841,2.490464925765991,6,0.019815031439065933,0.04035532474517822,0.0004696846008300781,661,3.1174919605255127,24,0.03313165903091431,0.049950242042541504,0.015649795532226562,0.05
112,112,43,43,0.8299441337585449,8,0.016466548666357994,0.04861140251159668,0.0013885498046875,43,1.697382926940918,4,0.00650401134043932,0.013968944549560547,0.0017601251602172852,43,1.3997812271118164,4,0.005871535744518042,0.012800097465515137,0.0003999471664428711,0.05
531,531,755,755,1.1382131576538086,11,0.01608216017484665,0.049242615699768066,0.0007572174072265625,755,2.864784002304077,7,0.013400535099208355,0.027339696884155273,0.00042176246643066406,755,2.082872152328491,8,0.014867083169519901,0.02865016460418701,0.0003497600555419922,0.05
251,251,122,122,0.6316788196563721,6,0.01927737519145012,0.04761946201324463,0.0,122,2.108534097671509,5,0.014005601406097412,0.03263413906097412,0.0003783702850341797,122,1.3870999813079834,4,0.020881742238998413,0.04125010967254639,0.0006499290466308594,0.05
495,495,111,111,1.250563144683838,12,0.014960586093366146,0.04935920238494873,0.0006407499313354492,111,6.8927390575408936,17,0.010449215769767761,0.029374271631240845,5.960464477539063e-08,111,3.365334987640381,16,0.012608775869011879,0.029450014233589172,4.971027374267578e-05,0.05
313,313,381,381,0.42092013359069824,4,0.02275722287595272,0.04500019550323486,0.004999756813049316,381,1.298372745513916,3,0.010417082346975803,0.02013993263244629,0.00339353084564209,381,1.1469779014587402,3,0.016624972224235535,0.032900094985961914,0.0026999711990356445,0.05
784,784,700,700,0.8266310691833496,8,0.017642877995967865,0.04861152172088623,0.0013885498046875,700,2.4855408668518066,6,0.02763340063393116,0.042381882667541504,0.011954784393310547,700,1.789977788925171,10,0.03681858256459236,0.04985010623931885,0.02334997057914734,0.05
261,261,894,894,0.7297070026397705,7,0.019344523549079895,0.04821467399597168,0.0017853975296020508,894,2.0984058380126953,5,0.02631421945989132,0.04917442798614502,0.00244903564453125,894,2.284050226211548,11,0.029255446046590805,0.05000007152557373,0.007699936628341675,0.05
973,973,873,873,1.4384782314300537,14,0.015037556178867817,0.04952406883239746,0.0,65,9.972064018249512,24,0.025620415806770325,0.04998898506164551,2.384185791015625e-07,973,4.719752073287964,24,0.02925957180559635,0.05000007152557373,0.00729978084564209,0.05
725,725,443,443,0.408203125,4,0.022549215704202652,0.04500019550323486,0.004999876022338867,443,0.9910879135131836,2,0.02243584394454956,0.030208349227905273,0.014608144760131836,443,0.8727250099182129,2,0.026576051488518715,0.03390014171600342,0.01919993758201599,0.05
535,535,264,264,1.0611157417297363,10,0.01746845804154873,0.049091219902038574,0.0,264,2.931885242462158,7,0.023192385211586952,0.04965341091156006,0.0010160207748413086,479,3.713268995285034,24,0.022920692339539528,0.05000019073486328,0.0,0.05
691,691,937,937,0.838245153427124,8,0.01793641224503517,0.04861152172088623,0.0013885498046875,937,1.7080209255218506,4,0.026582350954413414,0.049165427684783936,0.0030121803283691406,937,1.7651638984680176,8,0.028614599257707596,0.05000007152557373,0.006499916315078735,0.05
70,70,416,416,1.984565019607544,19,0.014774223789572716,0.04973709583282471,0.0002627372741699219,416,9.368999004364014,23,0.01719769462943077,0.048131585121154785,2.384185791015625e-07,70,4.224900007247925,24,0.026212522760033607,0.05000007152557373,0.0007996559143066406,0.05
269,269,361,361,0.5071690082550049,5,0.02139703743159771,0.04666697978973389,0.0,361,1.2825772762298584,3,0.031889721751213074,0.04899042844772339,0.014131665229797363,361,2.0774478912353516,11,0.028873024508357048,0.050000131130218506,0.00649985671043396,0.05
438,845,844,844,0.8254210948944092,8,0.018602991476655006,0.04861152172088623,0.0013885498046875,844,2.8915460109710693,7,0.013976256363093853,0.034198224544525146,0.00012111663818359375,844,1.8167338371276855,6,0.019008459523320198,0.04575026035308838,4.9948692321777344e-05,0.05
558,558,904,904,1.0641911029815674,10,0.016072435304522514,0.049091219902038574,0.0,904,2.4545629024505615,6,0.020598629489541054,0.042214274406433105,0.00035119056701660156,904,1.5344901084899902,6,0.033829011023044586,0.04870021343231201,0.01869988441467285,0.05
830,731,183,183,0.3135261535644531,3,0.025337688624858856,0.04166686534881592,0.008333206176757812,183,0.8745250701904297,2,0.028271272778511047,0.042127013206481934,0.014026880264282227,183,0.7642781734466553,2,0.03918275982141495,0.048650145530700684,0.029449939727783203,0.05
91,91,931,931,1.271925926208496,12,0.017644770443439484,0.059230923652648926,0.0007688999176025391,931,6.8889479637146,17,0.023307403549551964,0.05955985188484192,2.384185791015625e-07,931,3.5426249504089355,17,0.0267237089574337,0.06000030040740967,0.0,0.06
171,171,196,196,0.42084693908691406,4,0.02732357755303383,0.054000258445739746,0.0059996843338012695,196,1.2874360084533691,3,0.014941663481295109,0.029270052909851074,0.005249738693237305,196,1.1015770435333252,3,0.012956324964761734,0.02496016025543213,0.003839850425720215,0.06
980,980,991,991,1.7815561294555664,17,0.015446257777512074,0.0596081018447876,0.0,991,6.633397102355957,16,0.022522959858179092,0.05938082933425903,1.1920928955078125e-07,980,4.2038328647613525,24,0.029441846534609795,0.06000030040740967,0.00011986494064331055,0.06
218,218,194,194,0.7422599792480469,7,0.022331954911351204,0.057857632637023926,0.0021424293518066406,194,2.9078571796417236,7,0.016261596232652664,0.03336775302886963,0.0004273653030395508,194,2.3315069675445557,9,0.020144831389188766,0.04134023189544678,5.984306335449219e-05,0.06
19,19,573,573,0.6235547065734863,6,0.0221979059278965,0.05714309215545654,0.0,573,1.7509651184082031,4,0.017307529225945473,0.03556346893310547,0.0015614032745361328,573,1.3212459087371826,4,0.01486237533390522,0.031020045280456543,0.0002999305725097656,0.06
658,496,164,164,0.6253318786621094,6,0.025350529700517654,0.057143330574035645,0.0,164,3.2646048069000244,8,0.020115161314606667,0.04533553123474121,0.00019353628158569336,164,2.052053213119507,10,0.02730429172515869,0.06000030040740967,0.0,0.06
549,893,897,897,1.0247578620910645,10,0.021577363833785057,0.05890941619873047,0.0,897,3.2768237590789795,8,0.025106320157647133,0.0594860315322876,7.724761962890625e-05,897,4.100683927536011,24,0.02702808752655983,0.06000030040740967,0.0,0.06
808,808,377,377,0.42285895347595215,4,0.027117492631077766,0.054000258445739746,0.0059996843338012695,377,1.3536698818206787,3,0.02266470529139042,0.04008859395980835,0.004998683929443359,377,0.9991669654846191,3,0.031942982226610184,0.05778008699417114,0.005939841270446777,0.06
305,75,695,695,0.41191911697387695,4,0.027125705033540726,0.054000258445739746,0.0059996843338012695,695,1.2844951152801514,3,0.03319843113422394,0.050702452659606934,0.015612572431564331,695,1.0702269077301025,3,0.032306913286447525,0.05508005619049072,0.009359955787658691,0.06
416,416,317,317,1.5544798374176025,15,0.01493190135806799,0.05950021743774414,0.0004994869232177734,317,4.094890832901001,10,0.025978708639740944,0.05995166301727295,8.940696716308594e-07,317,3.4826998710632324,20,0.031354568898677826,0.04254019260406494,0.020099878311157227,0.06
89,89,229,229,0.9767160415649414,9,0.01985708251595497,0.05866706371307373,0.0,229,2.453767776489258,6,0.028831196948885918,0.05910223722457886,0.0007426738739013672,229,3.0172510147094727,13,0.03022986650466919,0.06000030040740967,0.0,0.06
793,793,995,995,1.6917929649353027,16,0.015550285577774048,0.05955934524536133,0.0004405975341796875,793,10.139625072479248,24,0.01217395719140768,0.04384040832519531,0.0,793,4.64753794670105,24,0.017225082963705063,0.04470038414001465,5.936622619628906e-05,0.06
712,712,236,236,0.7398049831390381,7,0.021021926775574684,0.057857632637023926,0.0021424293518066406,236,2.068258047103882,5,0.01757078990340233,0.034411072731018066,0.000569462776184082,236,2.1773407459259033,8,0.021646421402692795,0.048900023102760315,0.0001798868179321289,0.06
505,505,302,302,0.8625662326812744,8,0.019752994179725647,0.058333635330200195,0.0016663074493408203,302,2.0893309116363525,5,0.013519934378564358,0.03302180767059326,0.0010035037994384766,302,2.25364089012146,7,0.022182149812579155,0.04812037944793701,0.0003598928451538086,0.06
332,332,205,205,0.5442397594451904,5,0.024344220757484436,0.056000351905822754,0.0,205,1.6857202053070068,4,0.012640147469937801,0.02753615379333496,0.004255056381225586,205,1.3788158893585205,4,0.00831550918519497,0.01698017120361328,0.0017399787902832031,0.06
575,575,335,335,0.6214661598205566,6,0.022792335599660873,0.057143211364746094,0.0,335,1.282242774963379,3,0.015992041677236557,0.029902875423431396,0.0016622543334960938,335,1.0809271335601807,3,0.01454178523272276,0.028020024299621582,0.0022199153900146484,0.06
986,986,627,627,0.6211118698120117,6,0.022623706609010696,0.057143330574035645,0.0,627,2.090752124786377,5,0.02039450593292713,0.04251950979232788,0.0007832050323486328,627,1.6215620040893555,5,0.022072328254580498,0.04254019260406494,0.0012598037719726562,0.06
867,867,543,543,0.41109204292297363,4,0.027345485985279083,0.054000258445739746,0.0059996843338012695,543,1.7122280597686768,4,0.033939674496650696,0.04993116855621338,0.017453432083129883,543,1.3815639019012451,4,0.020693959668278694,0.03594017028808594,0.001379847526550293,0.06
116,116,202,202,0.5322568416595459,5,0.02471284568309784,0.056000351905822754,0.0,202,2.193859100341797,5,0.021770445629954338,0.041109561920166016,0.0016663074493408203,202,1.4340341091156006,5,0.03196282312273979,0.05010002851486206,0.01361989974975586,0.06
817,817,657,657,0.417205810546875,4,0.027208613231778145,0.054000258445739746,0.0059996843338012695,657,1.3128700256347656,3,0.031247960403561592,0.04901719093322754,0.013018131256103516,657,1.138179063796997,3,0.03947654366493225,0.058080077171325684,0.020039796829223633,0.06
642,642,177,177,0.6507699489593506,6,0.022909248247742653,0.057143330574035645,0.0,177,7.162829160690308,18,0.026298746466636658,0.04745548963546753,0.0034422874450683594,177,3.6668012142181396,18,0.010303277522325516,0.0270003080368042,0.0,0.06
327,327,718,718,1.072296142578125,10,0.01937837339937687,0.05890941619873047,0.0,718,5.261183023452759,13,0.013596512377262115,0.03415524959564209,1.3113021850585938e-06,718,2.3566720485687256,9,0.019318675622344017,0.04500019550323486,0.00011980533599853516,0.06
995,995,819,819,1.1182289123535156,10,0.019275488331913948,0.05890953540802002,0.0,819,2.320349931716919,5,0.029934808611869812,0.05906260013580322,0.0004526376724243164,819,2.2442238330841064,10,0.03138479217886925,0.06000030040740967,0.0020398497581481934,0.06
87,87,973,973,0.6258959770202637,6,0.022998545318841934,0.057143330574035645,0.0,973,1.7125740051269531,4,0.029710834845900536,0.05170595645904541,0.007452130317687988,973,1.4019088745117188,4,0.028016723692417145,0.058380067348480225,0.006059885025024414,0.06
965,965,470,470,0.6251828670501709,6,0.022524667903780937,0.057143330574035645,0.0,470,2.5208520889282227,6,0.03829687088727951,0.059063076972961426,0.01721656322479248,470,2.3461098670959473,9,0.031627509742975235,0.057000041007995605,0.004199981689453125,0.06
267,267,423,423,0.8227007389068604,8,0.021265290677547455,0.058333754539489746,0.0016663074493408203,423,2.9012670516967773,7,0.01998656801879406,0.042508482933044434,0.00022840499877929688,423,2.265932083129883,9,0.016727108508348465,0.03432011604309082,0.00011980533599853516,0.06
977,977,549,549,0.5224261283874512,5,0.02416863478720188,0.056000351905822754,0.0,549,1.7190899848937988,4,0.01967807114124298,0.037927865982055664,0.0010620355606079102,549,1.6550500392913818,5,0.01953396573662758,0.035700082778930664,0.0029398202896118164,0.06
989,989,683,683,1.1612310409545898,11,0.01774481311440468,0.05909109115600586,0.0009088516235351562,683,4.177444934844971,10,0.0243254154920578,0.049510419368743896,9.298324584960938e-05,325,3.746060848236084,24,0.024863142520189285,0.04206019639968872,0.007379889488220215,0.06
120,119,772,772,0.41205477714538574,4,0.02714443765580654,0.054000258445739746,0.0059996843338012695,772,1.3107860088348389,3,0.03091338463127613,0.05743688344955444,0.004307746887207031,772,1.1966102123260498,5,0.052719928324222565,0.05928009748458862,0.04607987403869629,0.06
800,800,562,562,0.4051189422607422,4,0.02698499709367752,0.054000258445739746,0.0059996843338012695,562,1.3095128536224365,3,0.017421603202819824,0.034055352210998535,0.006294727325439453,562,1.1345417499542236,3,0.023913249373435974,0.04770004749298096,0.0064198970794677734,0.06
905,905,187,187,0.8555142879486084,8,0.020295750349760056,0.058333635330200195,0.0016663074493408203,187,2.0920026302337646,5,0.013875598087906837,0.029345035552978516,0.0016635656356811523,187,2.0880630016326904,7,0.015769822522997856,0.033960044384002686,0.00023984909057617188,0.06
124,124,919,919,1.292269229888916,12,0.01974991150200367,0.05923116207122803,0.0007688999176025391,124,10.127588748931885,24,0.01468346081674099,0.03920924663543701,0.0,124,3.9860076904296875,24,0.02297540381550789,0.05220019817352295,0.0,0.06
541,541,311,311,1.404573917388916,13,0.01741848886013031,0.05934107303619385,0.0,311,8.034550666809082,19,0.027618560940027237,0.05161881446838379,0.0016161799430847168,494,30.229774951934814,24,0.013045107945799828,0.03426027297973633,5.936622619628906e-05,0.06
661,661,649,649,0.5433351993560791,5,0.024866435676813126,0.056000351905822754,0.0,649,1.742879867553711,4,0.025566447526216507,0.05340886116027832,0.004883021116256714,479,3.1757733821868896,24,0.046902772039175034,0.059940218925476074,0.03377985954284668,0.06
112,112,852,852,0.6412432193756104,6,0.022526947781443596,0.057143330574035645,0.0,852,1.3199481964111328,3,0.017362644895911217,0.034781694412231445,0.00030791759490966797,852,1.2061169147491455,3,0.013685453683137894,0.026580095291137695,0.0007798671722412109,0.06
531,531,471,471,0.6456141471862793,6,0.023827889934182167,0.057143330574035645,0.0,471,2.9341108798980713,7,0.014865943230688572,0.03238332271575928,2.8848648071289062e-05,471,2.8240950107574463,10,0.010862591676414013,0.024540424346923828,5.984306335449219e-05,0.06
251,251,321,321,1.4200639724731445,13,0.01770375669002533,0.0593409538269043,0.0,321,4.664614200592041,11,0.024035347625613213,0.055872201919555664,0.0003867149353027344,321,2.971741199493408,15,0.027125932276248932,0.06000030040740967,0.0,0.06
495,495,170,170,0.6396811008453369,6,0.022867923602461815,0.057143211364746094,0.0,170,4.153288841247559,10,0.011496683582663536,0.030851006507873535,2.2470951080322266e-05,170,2.8353381156921387,10,0.016030503436923027,0.04170006513595581,5.984306335449219e-05,0.06
313,313,352,352,0.7292649745941162,6,0.02320987917482853,0.057143330574035645,0.0,352,1.8152880668640137,4,0.015876270830631256,0.03273200988769531,0.004133701324462891,352,1.4090979099273682,4,0.01584886759519577,0.034020066261291504,0.003779888153076172,0.06
784,784,488,488,0.23072195053100586,2,0.03999999165534973,0.040000200271606445,0.03999972343444824,488,0.5152609348297119,1,0.03564000129699707,0.03564012050628662,0.035639941692352295,488,0.5256321430206299,1,0.03564000129699707,0.03564012050628662,0.035639941692352295,0.06
261,261,529,529,1.3207180500030518,12,0.019316205754876137,0.05923116207122803,0.0007688999176025391,529,5.778230905532837,14,0.02807093970477581,0.059561848640441895,7.152557373046875e-07,529,38.97102904319763,18,0.03475949540734291,0.06000030040740967,0.008159637451171875,0.06
973,973,867,867,0.7568099498748779,7,0.02240014635026455,0.057857513427734375,0.0021424293518066406,867,2.121209144592285,5,0.029812078922986984,0.05694854259490967,0.0018761157989501953,867,846.3635473251343,7,0.03998532518744469,0.05964010953903198,0.020039796829223633,0.06
725,725,463,463,1.1886589527130127,9,0.018205152824521065,0.05866706371307373,0.0,463,2.642422914505005,4,0.015418863855302334,0.030835866928100586,0.00024890899658203125,463,1.7360761165618896,4,0.018100956454873085,0.03000009059906006,0.006119728088378906,0.06
535,535,999,999,0.9657211303710938,8,0.021011168137192726,0.058333754539489746,0.0016663074493408203,999,4.627931833267212,10,0.025945821776986122,0.05387246608734131,0.00032138824462890625,999,4.84572172164917,19,0.026166725903749466,0.05772024393081665,0.0,0.06
691,691,291,291,0.6906628608703613,6,0.023142684251070023,0.057143330574035645,0.0,291,1.8927199840545654,4,0.02386840432882309,0.039149582386016846,0.008064508438110352,291,1.5409460067749023,4,0.022219186648726463,0.040020108222961426,0.003779888153076172,0.06
70,70,486,486,1.1762869358062744,10,0.019633078947663307,0.05890953540802002,0.0,486,4.48233699798584,10,0.02943948470056057,0.05909144878387451,0.0008976459503173828,486,4.08781099319458,17,0.03276769071817398,0.06000030040740967,0.00395965576171875,0.06
269,269,851,851,1.167708158493042,10,0.02044384554028511,0.05890941619873047,0.0,851,3.161939859390259,7,0.028682896867394447,0.059130311012268066,0.0010247230529785156,851,2.371354818344116,10,0.030863573774695396,0.06000030040740967,0.0,0.06
438,845,442,442,0.7963898181915283,7,0.022401511669158936,0.057857632637023926,0.0021424293518066406,442,2.700490951538086,6,0.011970310471951962,0.02693796157836914,0.0007557272911071777,442,1.969438076019287,6,0.01966184191405773,0.03990018367767334,0.002099931240081787,0.06
558,558,165,165,0.9380748271942139,8,0.020203230902552605,0.058333754539489746,0.0016663074493408203,165,3.618773937225342,8,0.030355295166373253,0.048220157623291016,0.012062549591064453,558,3.794863224029541,24,0.035161953419446945,0.05076014995574951,0.019319772720336914,0.06
830,731,209,209,0.3635740280151367,3,0.030104948207736015,0.05000007152557373,0.009999871253967285,209,0.9808969497680664,2,0.030843665823340416,0.04388022422790527,0.017600059509277344,209,0.90077805519104,2,0.027156874537467957,0.03936004638671875,0.01475989818572998,0.06
91,91,139,139,0.5614719390869141,5,0.028530528768897057,0.06533360481262207,0.0,139,1.452197790145874,3,0.0519147552549839,0.06834077835083008,0.035393476486206055,139,1.2301690578460693,4,0.04870454967021942,0.06895005702972412,0.02848970890045166,0.07
171,171,364,364,0.461198091506958,4,0.031946152448654175,0.06300032138824463,0.0069997310638427734,364,1.4040381908416748,3,0.035049136728048325,0.06888830661773682,0.0006151199340820312,364,1.5314161777496338,7,0.048714425414800644,0.0700000524520874,0.02743971347808838,0.07
980,980,623,623,0.8139359951019287,7,0.02479339763522148,0.06750035285949707,0.0024995803833007812,623,3.349531888961792,7,0.03095175325870514,0.06942343711853027,0.00042748451232910156,623,3.0768418312072754,15,0.04553847387433052,0.0700000524520874,0.02057957649230957,0.07
218,218,527,527,0.9016890525817871,8,0.024073125794529915,0.06805586814880371,0.0019440650939941406,527,3.1984927654266357,7,0.023917188867926598,0.05573141574859619,2.6345252990722656e-05,527,1.695638656616211,6,0.03399476781487465,0.06923019886016846,6.961822509765625e-05,0.07
19,19,320,320,0.4518609046936035,4,0.031074218451976776,0.06300020217895508,0.006999850273132324,320,1.4396517276763916,3,0.0411624014377594,0.06868326663970947,0.013640165328979492,320,1.1075308322906494,3,0.0407399944961071,0.06895005702972412,0.011549949645996094,0.07
658,496,254,254,0.7057058811187744,6,0.027746746316552162,0.06666707992553711,0.0,254,2.316992998123169,5,0.029708975926041603,0.059285879135131836,0.0044564008712768555,254,1.8573150634765625,5,0.03486354649066925,0.06818020343780518,0.0016798973083496094,0.07
549,893,365,365,1.1557891368865967,10,0.023341357707977295,0.06872761249542236,0.0,365,5.784441947937012,13,0.03549022600054741,0.06834781169891357,0.00019741058349609375,365,4.134443044662476,21,0.04469555243849754,0.0700000524520874,0.018199682235717773,0.07
808,808,441,441,0.5676829814910889,5,0.028243567794561386,0.06533372402191162,0.0,441,1.4110732078552246,3,0.014495085924863815,0.028195858001708984,0.004750967025756836,441,1.1627819538116455,3,0.016657784581184387,0.0324101448059082,0.0017499327659606934,0.07
305,75,12,12,0.4544498920440674,4,0.031671974807977676,0.06300032138824463,0.0069997310638427734,12,1.4348371028900146,3,0.024791384115815163,0.04912769794464111,0.012256860733032227,12,1.177474021911621,3,0.03315538167953491,0.05838024616241455,0.007279872894287109,0.07
416,416,862,862,0.6897928714752197,6,0.026146654039621353,0.06666696071624756,0.0,862,2.297926187515259,5,0.02895205281674862,0.03722923994064331,0.020659685134887695,862,1.7345669269561768,5,0.03079930692911148,0.037310242652893066,0.024289846420288086,0.07
89,89,435,435,0.7957978248596191,7,0.025071922689676285,0.06750023365020752,0.0024995803833007812,435,1.8666822910308838,4,0.031240936368703842,0.06412005424499512,0.0010178089141845703,435,1.6123480796813965,6,0.051263194531202316,0.0671302080154419,0.03534984588623047,0.07
793,793,83,83,1.1509389877319336,10,0.021279705688357353,0.06872761249542236,0.0,83,4.067528009414673,9,0.014715304598212242,0.03814077377319336,0.0006167888641357422,83,3.5373451709747314,15,0.013666380196809769,0.03353011608123779,6.961822509765625e-05,0.07
712,712,584,584,0.56557297706604,5,0.028340239077806473,0.06533360481262207,0.0,584,1.8271090984344482,4,0.03299664333462715,0.0474778413772583,0.01842522621154785,584,1.6210658550262451,4,0.027511365711688995,0.04333007335662842,0.011549949645996094,0.07
505,505,185,185,1.275799036026001,11,0.020062530413269997,0.0689396858215332,0.0010602474212646484,185,3.7494189739227295,8,0.03343714028596878,0.05393719673156738,0.012488722801208496,185,3.591141700744629,17,0.014106151647865772,0.033390045166015625,6.961822509765625e-05,0.07
332,332,435,435,0.5708670616149902,5,0.028213435783982277,0.06533372402191162,0.0,435,1.4627091884613037,3,0.038388852030038834,0.06600713729858398,0.010963797569274902,435,1.1077208518981934,3,0.045466553419828415,0.06671011447906494,0.024429678916931152,0.07
575,575,559,559,0.46627283096313477,4,0.0314965657889843,0.06300032138824463,0.0069997310638427734,559,1.0029630661010742,2,0.02411501109600067,0.03490650653839111,0.013066411018371582,559,0.8979499340057373,2,0.028573250398039818,0.04144012928009033,0.015399932861328125,0.07
986,986,606,606,0.6822748184204102,6,0.02648320235311985,0.06666707992553711,0.0,606,2.3001112937927246,5,0.02045346237719059,0.040146052837371826,0.0006644725799560547,606,2.0970091819763184,6,0.023159559816122055,0.040250182151794434,0.005949854850769043,0.07
867,867,107,107,0.7269151210784912,6,0.026781082153320312,0.06666707992553711,0.0,107,1.852921962738037,4,0.03518836945295334,0.060172438621520996,0.009922385215759277,107,1.6664271354675293,5,0.04805194213986397,0.0671302080154419,0.028909802436828613,0.07
116,116,210,210,0.9100363254547119,8,0.024041296914219856,0.06805586814880371,0.0019440650939941406,210,2.7265007495880127,6,0.022186486050486565,0.04582107067108154,0.0010961294174194336,210,2.1578662395477295,6,0.030963893979787827,0.05124008655548096,0.010359883308410645,0.07
817,817,579,579,1.3511719703674316,12,0.02157633565366268,0.06910288333892822,0.0008969306945800781,579,2.7292661666870117,6,0.04070957750082016,0.06960093975067139,0.01046299934387207,734,5.512456893920898,24,0.01650240272283554,0.03941023349761963,6.937980651855469e-05,0.07
642,642,479,479,0.7911298274993896,7,0.02477768436074257,0.06750035285949707,0.002499699592590332,479,1.8181397914886475,4,0.023555096238851547,0.0523221492767334,0.00036919116973876953,479,1.8437440395355225,5,0.025772450491786003,0.049630165100097656,0.001469731330871582,0.07
327,327,478,478,1.146866798400879,10,0.02316715009510517,0.06872761249542236,0.0,478,9.285833835601807,21,0.015333127230405807,0.04656267166137695,2.980232238769531e-07,327,5.345659971237183,24,0.019471077248454094,0.04865008592605591,6.961822509765625e-05,0.07
995,995,977,977,1.1840178966522217,11,0.021502576768398285,0.0689396858215332,0.0010602474212646484,977,5.07604193687439,12,0.03933100029826164,0.06935298442840576,0.00635334849357605,977,2.827202081680298,11,0.033293914049863815,0.06832015514373779,0.0005595684051513672,0.07
87,87,621,621,0.5401110649108887,5,0.02820010483264923,0.06533360481262207,0.0,621,1.3309621810913086,3,0.02209383249282837,0.03820532560348511,0.005258142948150635,621,1.376270055770874,4,0.02895261161029339,0.05537009239196777,0.0014699101448059082,0.07
965,965,391,391,0.6410791873931885,6,0.025853231549263,0.06666696071624756,0.0,391,2.584738254547119,6,0.020754016935825348,0.046958208084106445,0.00043952465057373047,391,1.7684390544891357,6,0.023173507302999496,0.033460021018981934,0.012739896774291992,0.07
267,267,973,973,0.7648429870605469,7,0.025669153779745102,0.06750035285949707,0.0024995803833007812,973,2.5632541179656982,6,0.013718186877667904,0.028745532035827637,0.00039768218994140625,973,2.1624209880828857,11,0.023467207327485085,0.036190152168273926,0.007349967956542969,0.07
977,977,686,686,0.5337569713592529,5,0.027963858097791672,0.06533372402191162,0.0,686,2.1968071460723877,5,0.05196719989180565,0.06506741046905518,0.03866684436798096,686,2.2927567958831787,10,0.026579327881336212,0.05376017093658447,0.0,0.07
989,989,505,505,0.9871261119842529,9,0.022245362401008606,0.06844472885131836,0.0,505,5.041054964065552,12,0.04674416407942772,0.06771671772003174,0.02386915683746338,505,2.110931158065796,9,0.034102361649274826,0.0599900484085083,0.00762997567653656,0.07
120,119,816,816,0.8786511421203613,8,0.02371683530509472,0.06805586814880371,0.0019441843032836914,816,7.15862512588501,17,0.016467342153191566,0.042255401611328125,1.1920928955078125e-07,120,3.5349299907684326,24,0.024204634130001068,0.04039013385772705,0.00776982307434082,0.07
800,800,885,885,0.3312811851501465,3,0.03497800976037979,0.058333516120910645,0.011666536331176758,885,0.9388818740844727,2,0.014023778960108757,0.020469069480895996,0.007308840751647949,885,0.8577048778533936,2,0.015400256030261517,0.018760085105895996,0.011899948120117188,0.07
905,905,655,655,0.5433211326599121,5,0.028393864631652832,0.06533372402191162,0.0,655,1.343445062637329,3,0.011342679150402546,0.021505117416381836,0.0035779178142547607,655,1.4316589832305908,4,0.015663079917430878,0.03255021572113037,0.004269838333129883,0.07
124,124,285,285,1.2280449867248535,11,0.022927187383174896,0.0689396858215332,0.0010602474212646484,285,7.14180588722229,17,0.02115723304450512,0.055878520011901855,2.384185791015625e-06,285,4.022021055221558,18,0.023417210206389427,0.06188011169433594,0.0,0.07
541,541,193,193,0.7463080883026123,7,0.024819640442728996,0.06750023365020752,0.002499699592590332,193,2.974534749984741,7,0.0128780547529459,0.027685046195983887,4.76837158203125e-06,193,1.7759690284729004,6,0.026448652148246765,0.04606008529663086,0.003919839859008789,0.07
661,661,135,135,0.7888281345367432,7,0.025518156588077545,0.06750023365020752,0.002499699592590332,135,2.1517491340637207,5,0.026482243090867996,0.0523456335067749,0.0006864070892333984,135,1.5224528312683105,5,0.04179508984088898,0.06769007444381714,0.015469968318939209,0.07
112,112,597,597,0.3304779529571533,3,0.03517734631896019,0.058333516120910645,0.011666536331176758,597,0.9353048801422119,2,0.04164227470755577,0.0673285722732544,0.015831470489501953,597,0.9283688068389893,2,0.03772229701280594,0.06342005729675293,0.011899948120117188,0.07
531,531,216,216,1.841170310974121,16,0.019557181745767593,0.06948554515838623,0.0005142688751220703,216,9.972877740859985,24,0.012969715520739555,0.0432276725769043,1.1920928955078125e-07,477,4.628138065338135,24,0.01272396370768547,0.031220197677612305,0.0,0.07
251,251,871,871,0.880943775177002,8,0.023793229833245277,0.06805586814880371,0.0019440650939941406,871,3.1669161319732666,7,0.015515255741775036,0.0335768461227417,0.000766754150390625,871,2.0616817474365234,6,0.021206632256507874,0.046340346336364746,0.0002797842025756836,0.07
495,495,715,715,0.7620880603790283,7,0.024845218285918236,0.06750023365020752,0.002499699592590332,715,1.7659649848937988,4,0.02586713247001171,0.053027570247650146,0.0033640265464782715,715,1.6733958721160889,5,0.03374422714114189,0.057540059089660645,0.01007997989654541,0.07
313,313,18,18,0.3361039161682129,3,0.035182613879442215,0.058333516120910645,0.011666536331176758,18,0.9347052574157715,2,0.038692817091941833,0.0628366470336914,0.014676332473754883,18,0.7047250270843506,2,0.05905834585428238,0.06727015972137451,0.05088984966278076,0.07
784,784,404,404,0.6842741966247559,6,0.027049459517002106,0.06666707992553711,0.0,404,1.894395112991333,4,0.018550453707575798,0.038187384605407715,0.004822492599487305,404,1.5929009914398193,4,0.024554163217544556,0.04830014705657959,0.0001398324966430664,0.07
261,261,891,891,1.2140848636627197,10,0.022918395698070526,0.06872761249542236,0.0,891,5.001056909561157,11,0.03135242685675621,0.061480700969696045,0.0007166862487792969,261,3.871846914291382,24,0.04468391463160515,0.06993019580841064,0.01896977424621582,0.07
973,973,564,564,0.9366793632507324,8,0.023949943482875824,0.06805586814880371,0.0019440650939941406,564,2.7835779190063477,6,0.038624852895736694,0.06877875328063965,0.00757145881652832,564,2.539444923400879,13,0.039913635700941086,0.0700000524520874,0.009099721908569336,0.07
725,725,340,340,1.058722972869873,9,0.02162155881524086,0.06844472885131836,0.0,340,5.027066946029663,11,0.030168848112225533,0.0625913143157959,0.0006351470947265625,340,2.6945409774780273,10,0.04042048007249832,0.06013011932373047,0.02064990997314453,0.07
535,535,222,222,1.4342188835144043,12,0.02192055433988571,0.06910288333892822,0.0008971691131591797,222,5.869619131088257,13,0.03627236187458038,0.06902706623077393,0.0004369020462036133,535,5.022018194198608,24,0.03702092543244362,0.07000008225440979,0.002239823341369629,0.07
691,691,495,495,0.5741369724273682,5,0.028704507276415825,0.06533372402191162,0.0,495,1.4781861305236816,3,0.030649246647953987,0.05412745475769043,0.006410121917724609,495,1.0453448295593262,3,0.04605121910572052,0.06776022911071777,0.02407979965209961,0.07
70,70,980,980,1.4123830795288086,12,0.021143419668078423,0.06910288333892822,0.0008971691131591797,980,6.087072134017944,13,0.0358264222741127,0.06887942552566528,0.0011801719665527344,70,4.669357776641846,24,0.03168531507253647,0.07000011205673218,0.0,0.07
269,269,434,434,0.5982050895690918,5,0.029058732092380524,0.06533372402191162,0.0,434,1.443688154220581,3,0.048295486718416214,0.06846457719802856,0.027526378631591797,434,1.5829758644104004,7,0.044811781495809555,0.0700000524520874,0.01903975009918213,0.07
438,845,222,222,0.9568848609924316,8,0.024317031726241112,0.06805586814880371,0.0019440650939941406,222,3.2129580974578857,7,0.04061340168118477,0.06872117519378662,0.011230111122131348,222,3.4917612075805664,16,0.03830059617757797,0.0700000524520874,0.005739688873291016,0.07
558,558,711,711,1.160581111907959,10,0.02143431454896927,0.06872761249542236,0.0,711,4.58100700378418,10,0.04208260402083397,0.06508255004882812,0.018247246742248535,711,1.7463419437408447,5,0.025763383135199547,0.05684018135070801,0.0008399486541748047,0.07
830,731,108,108,0.4900059700012207,4,0.031830646097660065,0.06300032138824463,0.0069997310638427734,108,0.9931132793426514,2,0.029132628813385963,0.044359803199768066,0.013699650764465332,108,0.9065420627593994,2,0.0256279855966568,0.03717005252838135,0.01392984390258789,0.07
91,91,440,440,0.9521210193634033,8,0.026866119354963303,0.07777810096740723,0.002221822738647461,440,1.4442148208618164,3,0.04397772625088692,0.07187056541442871,0.01609647274017334,440,1.517153024673462,4,0.04449024796485901,0.07064008712768555,0.017999887466430664,0.08
171,171,969,969,0.9420609474182129,8,0.026439938694238663,0.07777810096740723,0.002221822738647461,969,1.878662109375,4,0.03621020168066025,0.04808199405670166,0.02419346570968628,969,1.6369171142578125,4,0.0345839224755764,0.04696023464202881,0.021999835968017578,0.08
980,980,771,771,0.9494619369506836,8,0.026958204805850983,0.07777810096740723,0.002221822738647461,771,4.30171275138855,9,0.03744814544916153,0.07851111888885498,0.0003796815872192383,975,3.6157679557800293,24,0.06111050397157669,0.07992064952850342,0.042319297790527344,0.08
218,218,607,607,0.8025920391082764,7,0.02910543978214264,0.07714319229125977,0.002856731414794922,607,2.280442237854004,5,0.03523244336247444,0.07902443408966064,0.0015096664428710938,607,2.563901901245117,11,0.03724997863173485,0.08000004291534424,0.00047969818115234375,0.08
19,19,903,903,0.9441690444946289,8,0.026394851505756378,0.07777798175811768,0.0022219419479370117,903,1.87497878074646,4,0.039329756051301956,0.07897889614105225,0.0001024007797241211,903,2.0463650226593018,9,0.04214630648493767,0.08000001311302185,0.0023999810218811035,0.08
658,496,467,467,1.555614948272705,13,0.0267192330211401,0.07912123203277588,0.0,467,6.2839438915252686,14,0.034185584634542465,0.0708169937133789,1.3113021850585938e-06,467,3.599869966506958,13,0.02741871401667595,0.0696001648902893,0.0,0.08
549,893,233,233,1.2911159992218018,11,0.025261709466576576,0.078788161277771,0.0012116432189941406,233,4.078139066696167,9,0.03349040448665619,0.07923746109008789,8.177757263183594e-05,591,3.857973098754883,24,0.039823368191719055,0.08000004291534424,0.0003199577331542969,0.08
808,808,137,137,1.0902080535888672,9,0.025344111025333405,0.07822251319885254,0.0,137,3.6688997745513916,8,0.011193858459591866,0.025837600231170654,0.0008552074432373047,137,2.477226972579956,9,0.010592348873615265,0.02440011501312256,7.987022399902344e-05,0.08
305,75,754,754,0.7097189426422119,6,0.02965977042913437,0.07619082927703857,0.0,754,1.8856239318847656,4,0.03803945705294609,0.06621444225311279,0.009251832962036133,754,1.688823938369751,5,0.019721539691090584,0.02944028377532959,0.00991976261138916,0.08
416,416,497,497,0.7126379013061523,6,0.02982706017792225,0.07619082927703857,0.0,497,1.8661689758300781,4,0.027400432154536247,0.05631673336029053,0.0022717714309692383,497,1.4181489944458008,4,0.024342482909560204,0.049520134925842285,0.0016798973083496094,0.08
89,89,707,707,1.0403327941894531,9,0.025410201400518417,0.07822251319885254,0.0,707,1.8983750343322754,4,0.037197962403297424,0.06558871269226074,0.008160233497619629,707,1.4235022068023682,4,0.04691028222441673,0.07648003101348877,0.01695990562438965,0.08
793,793,746,746,0.4650900363922119,4,0.03642485663294792,0.07200026512145996,0.007999658584594727,746,1.4403679370880127,3,0.020020470023155212,0.039299845695495605,0.007486462593078613,746,1.1937878131866455,3,0.026855705305933952,0.04768025875091553,0.002719879150390625,0.08
712,712,770,770,0.45871615409851074,4,0.03582845255732536,0.07200026512145996,0.007999658584594727,770,1.4668819904327393,3,0.03290090337395668,0.06620335578918457,0.01137685775756836,770,1.4479117393493652,3,0.04258159175515175,0.06280004978179932,0.02247995138168335,0.08
505,505,78,78,1.1647059917449951,8,0.025980673730373383,0.07777810096740723,0.0022219419479370117,78,2.135836124420166,4,0.011809781193733215,0.022560954093933105,0.0008755922317504883,78,1.7674341201782227,5,0.011471769772469997,0.022720038890838623,0.0,0.08
332,332,6,6,0.9028780460357666,7,0.027890363708138466,0.07714319229125977,0.002856731414794922,6,1.8944590091705322,4,0.03583883121609688,0.07934418320655823,0.0023936033248901367,6,1.678276777267456,6,0.03902691230177879,0.07976007461547852,0.005359768867492676,0.08
575,575,973,973,0.9405770301818848,8,0.0265330970287323,0.07777810096740723,0.002221822738647461,973,2.75292706489563,6,0.007932192645967007,0.018079400062561035,0.0002701282501220703,973,2.4505772590637207,9,0.006248839665204287,0.014080166816711426,0.0,0.08
986,986,479,479,0.9227209091186523,8,0.026308944448828697,0.07777810096740723,0.002221822738647461,479,2.4680850505828857,5,0.02038809470832348,0.04513275623321533,0.0012018680572509766,479,2.2643768787384033,8,0.017530152574181557,0.0367201566696167,0.00023984909057617188,0.08
867,867,672,672,0.8269188404083252,7,0.028270361945033073,0.07714319229125977,0.002856731414794922,672,1.4263060092926025,3,0.04782343655824661,0.06660330295562744,0.028949260711669922,672,1.3105039596557617,3,0.0585503950715065,0.07344019412994385,0.04367983341217041,0.08
116,116,234,234,0.9384560585021973,8,0.027915429323911667,0.07777810096740723,0.002221822738647461,234,2.7940261363983154,6,0.025296034291386604,0.05236709117889404,0.0012526512145996094,234,2.1994030475616455,6,0.027536746114492416,0.055520057678222656,0.002239704132080078,0.08
817,817,245,245,0.8074250221252441,7,0.028511300683021545,0.07714319229125977,0.002856731414794922,245,2.796109914779663,6,0.01810535602271557,0.042583584785461426,0.0005423426628112793,245,1.8350281715393066,6,0.020796405151486397,0.0420001745223999,7.975101470947266e-05,0.08
642,642,890,890,0.34326601028442383,3,0.04004959762096405,0.06666684150695801,0.01333308219909668,890,0.9766757488250732,2,0.015025952830910683,0.02726691961288452,0.002306818962097168,890,0.8944802284240723,2,0.01985570602118969,0.037040114402770996,0.001999974250793457,0.08
327,327,484,484,0.9218459129333496,8,0.02773461304605007,0.07777810096740723,0.002221822738647461,484,4.100764989852905,9,0.01739463396370411,0.04345571994781494,2.8848648071289062e-05,484,3.762371063232422,13,0.018701719120144844,0.04096019268035889,0.0,0.08
995,995,321,321,0.5760059356689453,5,0.03280184790492058,0.07466697692871094,0.0,321,1.871906042098999,4,0.03535674884915352,0.07025313377380371,0.0007333755493164062,321,1.3835289478302002,4,0.05079476162791252,0.07784020900726318,0.023759841918945312,0.08
87,87,708,708,0.6838998794555664,6,0.02963537722826004,0.07619082927703857,0.0,708,1.870229959487915,4,0.023081228137016296,0.04953634738922119,0.005733966827392578,708,1.4453418254852295,4,0.02642842009663582,0.04736006259918213,0.005439877510070801,0.08
965,965,47,47,1.0526599884033203,9,0.025004543364048004,0.07822251319885254,0.0,47,3.6795849800109863,8,0.04758862406015396,0.0796424150466919,0.014786601066589355,965,4.524738073348999,24,0.06081228330731392,0.07600009441375732,0.042719900608062744,0.08
267,267,204,204,0.7077949047088623,6,0.0306358952075243,0.07619082927703857,0.0,204,7.561582803726196,17,0.049318041652441025,0.07859909534454346,0.01807236671447754,204,2.2035410404205322,10,0.03113717772066593,0.05040007829666138,0.008479952812194824,0.08
977,977,531,531,1.2823071479797363,11,0.022753378376364708,0.078788161277771,0.0012116432189941406,531,3.1915760040283203,7,0.05386050045490265,0.07994663715362549,0.027919650077819824,531,3.1099541187286377,16,0.05730728060007095,0.08000004291534424,0.03359997272491455,0.08
989,989,484,484,2.596876859664917,22,0.0175595935434103,0.078419029712677,0.0,989,11.143070936203003,24,0.06254991888999939,0.07892358303070068,0.046036481857299805,989,4.336832046508789,24,0.04565190151333809,0.07336008548736572,0.017679929733276367,0.08
120,119,514,514,1.1826090812683105,10,0.02481393702328205,0.07854580879211426,0.0,514,3.6634538173675537,8,0.06192030385136604,0.07995879650115967,0.04335850477218628,124,4.5412187576293945,24,0.022847775369882584,0.038320183753967285,0.006639957427978516,0.08
800,800,693,693,0.3498728275299072,3,0.03994791954755783,0.06666684150695801,0.01333308219909668,693,1.0008440017700195,2,0.021792147308588028,0.02426326274871826,0.019302964210510254,693,0.8403501510620117,2,0.019690215587615967,0.022480130195617676,0.016879916191101074,0.08
905,905,454,454,0.3559870719909668,3,0.04003295302391052,0.06666684150695801,0.01333308219909668,454,1.4512462615966797,3,0.02351978048682213,0.04261672496795654,0.003836989402770996,454,1.001007080078125,2,0.015022343024611473,0.027280092239379883,0.002319931983947754,0.08
124,124,882,882,1.1519548892974854,10,0.025513071566820145,0.07854580879211426,0.0,882,6.7650628089904785,15,0.014584946446120739,0.03922837972640991,1.9073486328125e-06,124,4.5810019969940186,24,0.01113350223749876,0.024160057306289673,0.0,0.08
541,541,790,790,0.6978230476379395,6,0.030163444578647614,0.07619082927703857,0.0,790,2.3441898822784424,5,0.015027988702058792,0.03184473514556885,3.170967102050781e-05,790,1.8319909572601318,5,0.018076343461871147,0.03536006808280945,0.0003198385238647461,0.08
661,661,580,580,0.5904109477996826,5,0.032342422753572464,0.07466697692871094,0.0,580,1.5259547233581543,3,0.03504786267876625,0.06635844707489014,0.0034520626068115234,580,1.1912767887115479,3,0.038899365812540054,0.07720005512237549,0.012559890747070312,0.08
112,112,359,359,0.9049549102783203,7,0.027644870802760124,0.07714307308197021,0.0028568506240844727,359,1.4833590984344482,3,0.05132158100605011,0.07467901706695557,0.027892649173736572,359,1.5051450729370117,4,0.05307743325829506,0.0762401819229126,0.029999852180480957,0.08
531,531,876,876,0.5851240158081055,5,0.03224370256066322,0.07466697692871094,0.0,876,1.4443180561065674,3,0.034400373697280884,0.06872999668121338,0.011056184768676758,876,1.2072498798370361,3,0.038704998791217804,0.07720005512237549,0.012559890747070312,0.08
251,251,280,280,0.7019999027252197,6,0.030426856130361557,0.07619082927703857,0.0,280,1.877877950668335,4,0.02433698996901512,0.044789910316467285,0.003343045711517334,280,1.4883031845092773,4,0.032589372247457504,0.053440093994140625,0.011519908905029297,0.08
495,495,358,358,1.3378570079803467,11,0.023709284141659737,0.078788161277771,0.0012118816375732422,358,5.920082092285156,13,0.023608282208442688,0.054550617933273315,2.2590160369873047e-05,358,4.824786901473999,24,0.023874865844845772,0.056800127029418945,0.0,0.08
313,313,533,533,0.7197408676147461,6,0.03009202890098095,0.07619082927703857,0.0,533,1.4520976543426514,3,0.02422359399497509,0.03392711281776428,0.014393210411071777,533,1.1888339519500732,3,0.024122662842273712,0.03736007213592529,0.010799884796142578,0.08
784,784,738,738,0.4622819423675537,4,0.0362236388027668,0.07200026512145996,0.007999658584594727,738,0.9923210144042969,2,0.038426537066698074,0.04600703716278076,0.030966758728027344,738,0.9090590476989746,2,0.034415796399116516,0.04248011112213135,0.026479899883270264,0.08
261,261,531,531,1.0742928981781006,9,0.02698061242699623,0.07822251319885254,0.0,531,3.6928999423980713,8,0.0358675979077816,0.06626951694488525,0.0039958953857421875,531,1.9787719249725342,6,0.04419200122356415,0.07792007923126221,0.009759902954101562,0.08
973,973,353,353,1.670224905014038,14,0.0217631533741951,0.0792384147644043,0.0,353,5.49912691116333,12,0.042395755648612976,0.07866466045379639,0.004825115203857422,353,4.4448418617248535,24,0.043761689215898514,0.08000004291534424,0.006559848785400391,0.08
725,725,236,236,0.9454879760742188,8,0.025915656238794327,0.07777810096740723,0.002221822738647461,236,3.2515008449554443,7,0.038902830332517624,0.05659365653991699,0.020380020141601562,236,2.183073043823242,8,0.015432029962539673,0.025120139122009277,0.005599915981292725,0.08
535,535,396,396,1.6564059257507324,14,0.023599158972501755,0.0792384147644043,0.0,396,3.701525926589966,8,0.03373880684375763,0.07502257823944092,0.0005099773406982422,396,4.386154890060425,23,0.033091530203819275,0.08000028133392334,0.0,0.08
691,691,281,281,0.9289460182189941,8,0.02722606621682644,0.07777810096740723,0.002221822738647461,281,1.8883368968963623,4,0.021285459399223328,0.04401719570159912,0.0013186931610107422,281,1.4784801006317139,4,0.027728086337447166,0.054160118103027344,0.0008798837661743164,0.08
70,70,508,508,0.9231109619140625,8,0.027093376964330673,0.07777810096740723,0.002221822738647461,508,3.6735780239105225,8,0.05841163545846939,0.0781402587890625,0.03814232349395752,508,3.658379077911377,17,0.058129798620939255,0.08000004291534424,0.03567993640899658,0.08
269,269,795,795,0.9387531280517578,8,0.027598675340414047,0.07777810096740723,0.0022219419479370117,795,3.25809383392334,7,0.020341791212558746,0.04679882526397705,0.0003858804702758789,795,5.604063034057617,24,0.022492675110697746,0.04872003197669983,7.939338684082031e-05,0.08
438,845,774,774,0.6986551284790039,6,0.03095167875289917,0.07619082927703857,0.0,774,1.8931326866149902,4,0.04660386964678764,0.07851910591125488,0.014071226119995117,774,2.8986990451812744,13,0.05997266620397568,0.08000004291534424,0.03935980796813965,0.08
558,558,91,91,1.4359691143035889,12,0.022568853572010994,0.07897472381591797,0.0010253190994262695,91,2.7904469966888428,6,0.026397963985800743,0.05044567584991455,0.00176239013671875,91,2.377157211303711,8,0.02318938821554184,0.0476800799369812,0.0003199577331542969,0.08
830,731,840,840,0.2366340160369873,2,0.0533333420753479,0.05333352088928223,0.05333304405212402,840,0.5566511154174805,1,0.05751999095082283,0.05752003192901611,0.05751991271972656,840,0.5615389347076416,1,0.05751999095082283,0.05752003192901611,0.05751991271972656,0.08
91,91,987,987,0.6976590156555176,6,0.034423187375068665,0.08571457862854004,0.0,987,2.3549811840057373,5,0.03496239334344864,0.0783919095993042,0.011707067489624023,987,1.1964519023895264,3,0.0397767648100853,0.07839012145996094,0.011969804763793945,0.09
171,171,571,571,0.6254861354827881,5,0.0364190973341465,0.08400022983551025,0.0,571,1.4383111000061035,3,0.022257070988416672,0.033190250396728516,0.011214613914489746,571,1.2632110118865967,3,0.01606583222746849,0.029340028762817383,0.0023398399353027344,0.09
980,980,249,249,0.45030975341796875,4,0.04050382971763611,0.08100020885467529,0.008999824523925781,249,1.4676141738891602,3,0.04450967162847519,0.08870577812194824,0.00778961181640625,249,1.8595781326293945,9,0.057213667780160904,0.09000015258789062,0.02447986602783203,0.09
218,218,935,935,0.8290190696716309,7,0.0315789170563221,0.08678603172302246,0.0032138824462890625,935,1.8566038608551025,4,0.03915075957775116,0.07489681243896484,0.0023931264877319336,935,1.3853728771209717,5,0.06474971026182175,0.08928024768829346,0.04013979434967041,0.09
19,19,283,283,0.6734399795532227,5,0.036350689828395844,0.08400022983551025,0.0,283,1.9580721855163574,4,0.03158216550946236,0.05445969104766846,0.008321523666381836,283,1.7710530757904053,5,0.03006899729371071,0.04518002271652222,0.01475989818572998,0.09
658,496,285,285,0.3735201358795166,3,0.0457274504005909,0.07500016689300537,0.014999866485595703,285,1.3402230739593506,2,0.0574660450220108,0.08816981315612793,0.02624964714050293,285,1.0823512077331543,2,0.05748810991644859,0.08721005916595459,0.027269840240478516,0.09
549,893,505,505,0.5830190181732178,5,0.037575267255306244,0.08400022983551025,0.0,505,1.9127609729766846,4,0.04107825458049774,0.08901512622833252,0.010518312454223633,505,2.274135112762451,10,0.058187685906887054,0.09000015258789062,0.02501988410949707,0.09
808,808,551,551,0.4794909954071045,4,0.04053409770131111,0.08100020885467529,0.008999824523925781,551,1.0159862041473389,2,0.05486820638179779,0.07460665702819824,0.0351862907409668,551,0.9293291568756104,2,0.04829849302768707,0.07029008865356445,0.026369810104370117,0.09
305,75,72,72,0.47244811058044434,4,0.040277592837810516,0.08100020885467529,0.008999824523925781,72,1.0097792148590088,2,0.01971879042685032,0.035103678703308105,0.0043163299560546875,72,0.8460431098937988,2,0.012334207072854042,0.019710063934326172,0.004949808120727539,0.09
416,416,763,763,0.4738759994506836,4,0.040611106902360916,0.08100020885467529,0.008999824523925781,763,1.4226799011230469,3,0.045386090874671936,0.08855772018432617,0.0016105175018310547,763,1.6142971515655518,7,0.06809203326702118,0.09000015258789062,0.04625988006591797,0.09
89,89,578,578,0.8593049049377441,7,0.032207392156124115,0.08678603172302246,0.0032138824462890625,578,1.4410889148712158,3,0.03351815417408943,0.06663000583648682,0.013710498809814453,578,1.2774949073791504,3,0.04776308313012123,0.08739006519317627,0.008189797401428223,0.09
793,793,505,505,1.164031982421875,10,0.02754978835582733,0.08836400508880615,0.0,505,4.0693199634552,9,0.018734831362962723,0.04618954658508301,0.0009579658508300781,505,3.4864799976348877,16,0.016806362196803093,0.03996014595031738,0.0,0.09
712,712,346,346,1.4449470043182373,12,0.024583106860518456,0.08884644508361816,0.0011534690856933594,346,1.8765020370483398,4,0.05984633415937424,0.07323288917541504,0.04635822772979736,346,1.404736042022705,4,0.06594006717205048,0.07704013586044312,0.05471980571746826,0.09
505,505,471,471,0.7041349411010742,6,0.03338398411870003,0.08571457862854004,0.0,471,2.3691647052764893,5,0.012504915706813335,0.02738422155380249,0.0010023117065429688,471,2.030310869216919,6,0.012257167138159275,0.029520153999328613,0.00017976760864257812,0.09
332,332,530,530,0.5920870304107666,5,0.03626285120844841,0.08400022983551025,0.0,530,1.8910870552062988,4,0.026432672515511513,0.04909801483154297,0.003162384033203125,530,1.3684539794921875,5,0.005502697080373764,0.01098012924194336,0.0003598928451538086,0.09
575,575,2,2,0.9595437049865723,8,0.03001478686928749,0.08750033378601074,0.0024995803833007812,2,2.3364999294281006,5,0.044230036437511444,0.059879183769226074,0.02825784683227539,2,1.570298194885254,4,0.05024293065071106,0.06804013252258301,0.032219886779785156,0.09
986,986,524,524,0.94215989112854,8,0.02967541478574276,0.08750033378601074,0.0024995803833007812,524,2.7566840648651123,6,0.016399618238210678,0.03769659996032715,0.0019526481628417969,524,2.012063980102539,7,0.017641868442296982,0.03645014762878418,0.00044989585876464844,0.09
867,867,424,424,0.4645860195159912,4,0.040646735578775406,0.08100020885467529,0.008999824523925781,424,1.0182287693023682,2,0.047917190939188004,0.0886915922164917,0.006888389587402344,424,1.3302488327026367,5,0.06265868246555328,0.0897301435470581,0.03554987907409668,0.09
116,116,747,747,0.4890758991241455,4,0.04108654707670212,0.08100020885467529,0.008999824523925781,747,1.4583520889282227,3,0.04840619117021561,0.08845531940460205,0.00811469554901123,747,1.2546091079711914,3,0.05157981440424919,0.08865010738372803,0.01484990119934082,0.09
817,817,705,705,0.35709404945373535,3,0.04500957205891609,0.07500016689300537,0.014999866485595703,705,1.0049622058868408,2,0.05481425300240517,0.07460665702819824,0.0351862907409668,705,0.913550853729248,2,0.057095177471637726,0.07029008865356445,0.04400980472564697,0.09
642,642,395,395,0.5861749649047852,5,0.03632534295320511,0.08400022983551025,0.0,395,3.284747838973999,7,0.04894478619098663,0.06437063217163086,0.03337979316711426,395,2.302665948867798,7,0.05198625847697258,0.06930017471313477,0.03455972671508789,0.09
327,327,765,765,0.9393191337585449,8,0.03116081841289997,0.08750033378601074,0.0024995803833007812,765,4.580108165740967,10,0.016420893371105194,0.04049944877624512,0.00041365623474121094,765,3.6366922855377197,13,0.018684469163417816,0.04230022430419922,0.0,0.09
995,995,173,173,0.9594521522521973,8,0.029792072251439095,0.08750033378601074,0.0024995803833007812,173,1.8714439868927002,4,0.045158788561820984,0.08534884452819824,0.004311323165893555,995,3.304373025894165,24,0.08158086985349655,0.08991014957427979,0.07316982746124268,0.09
87,87,879,879,0.7132711410522461,6,0.033424586057662964,0.08571457862854004,0.0,879,1.4537420272827148,3,0.03396957367658615,0.06013286113739014,0.00749814510345459,879,1.1349780559539795,3,0.04788195341825485,0.0610201358795166,0.03455984592437744,0.09
965,965,504,504,0.5849518775939941,5,0.0362289696931839,0.08400022983551025,0.0,504,1.4654889106750488,3,0.03485535457730293,0.06619739532470703,0.003451704978942871,504,1.5613048076629639,4,0.0367233082652092,0.06399011611938477,0.00944983959197998,0.09
267,267,191,191,0.4561631679534912,4,0.04036058485507965,0.08100020885467529,0.008999824523925781,191,1.0081450939178467,2,0.04647058993577957,0.08851855993270874,0.004098415374755859,191,1.6025569438934326,7,0.0698372945189476,0.09000015258789062,0.04625976085662842,0.09
977,977,112,112,0.7050070762634277,6,0.0334489531815052,0.08571457862854004,0.0,112,1.875135898590088,4,0.013701018877327442,0.02958226203918457,0.0016674995422363281,112,1.8222942352294922,5,0.010425219312310219,0.023310303688049316,0.00044989585876464844,0.09
989,989,289,289,1.169546127319336,10,0.026530234143137932,0.0883638858795166,0.0,289,9.460531949996948,21,0.0463428869843483,0.08982008695602417,0.0015234947204589844,989,4.69484806060791,24,0.012445339933037758,0.036810100078582764,8.976459503173828e-05,0.09
120,119,107,107,0.5971367359161377,5,0.03716399893164635,0.08400022983551025,0.0,107,1.4406352043151855,3,0.045163996517658234,0.08857065439224243,0.0007909536361694336,107,1.6394200325012207,7,0.05734029784798622,0.09000015258789062,0.02447986602783203,0.09
800,800,376,376,0.48409605026245117,4,0.04106609895825386,0.08100020885467529,0.008999824523925781,376,1.4851710796356201,3,0.06185340881347656,0.08802592754364014,0.03539109230041504,376,1.2097232341766357,3,0.06280683726072311,0.08865010738372803,0.03662991523742676,0.09
905,905,703,703,0.40718793869018555,3,0.044719796627759933,0.07500016689300537,0.014999866485595703,703,1.0098249912261963,2,0.008610634133219719,0.016124844551086426,0.0007951259613037109,703,1.138674020767212,2,0.008610347285866737,0.01611006259918213,0.0008099079132080078,0.09
124,124,899,899,1.2945353984832764,11,0.02830464206635952,0.08863663673400879,0.0013632774353027344,899,10.758733749389648,24,0.04541761800646782,0.0893101692199707,5.125999450683594e-05,124,4.579567909240723,24,0.016890479251742363,0.03555017709732056,8.96453857421875e-05,0.09
541,541,292,292,1.6668949127197266,14,0.023211637511849403,0.08914315700531006,0.0,292,5.423913955688477,12,0.04166826233267784,0.06399893760681152,0.01765686273574829,292,2.9442498683929443,12,0.014797658659517765,0.03330010175704956,0.0,0.09
661,661,28,28,0.591498851776123,5,0.03636426106095314,0.08400022983551025,0.0,28,1.9278583526611328,4,0.028815405443310738,0.05936324596405029,0.005243539810180664,28,1.4288058280944824,4,0.029130280017852783,0.05121016502380371,0.006749868392944336,0.09
112,112,800,800,0.8403570652008057,7,0.03110722452402115,0.08678591251373291,0.0032140016555786133,800,2.3331778049468994,5,0.03317521512508392,0.06718754768371582,0.0006952285766601562,800,1.441222906112671,4,0.022578151896595955,0.0477900505065918,0.0009899139404296875,0.09
531,531,135,135,1.405210018157959,12,0.026503803208470345,0.08884644508361816,0.0011534690856933594,135,6.804135799407959,15,0.01374614518135786,0.04094243049621582,7.450580596923828e-07,531,4.995590925216675,24,0.013708716258406639,0.03474020957946777,0.0,0.09
251,251,849,849,0.7138731479644775,6,0.033804163336753845,0.08571457862854004,0.0,849,1.8703620433807373,4,0.01981072500348091,0.04180586338043213,0.0016181468963623047,849,1.5453667640686035,4,0.02318345010280609,0.05076014995574951,0.00503993034362793,0.09
495,495,786,786,0.3560929298400879,3,0.0452459380030632,0.07500016689300537,0.014999866485595703,786,1.0200388431549072,2,0.01662462018430233,0.030675411224365234,0.002595186233520508,786,0.8465752601623535,2,0.012324422597885132,0.019710063934326172,0.00494992733001709,0.09
313,313,121,121,0.22925090789794922,2,0.06000000983476639,0.06000018119812012,0.059999704360961914,121,0.5907809734344482,1,0.0872100293636322,0.08721005916595459,0.08720993995666504,121,0.6134471893310547,1,0.0872100293636322,0.08721005916595459,0.08720993995666504,0.09
784,784,83,83,1.1969590187072754,10,0.028003469109535217,0.08836400508880615,0.0,83,1.9295151233673096,4,0.03401283174753189,0.05198860168457031,0.015158414840698242,83,1.5207319259643555,5,0.034605663269758224,0.05121016502380371,0.017369747161865234,0.09
261,261,884,884,1.1293349266052246,9,0.029903411865234375,0.08800029754638672,0.0,884,3.819467067718506,8,0.030294129624962807,0.0644841194152832,0.001125335693359375,884,2.859779119491577,11,0.027196796610951424,0.06003010272979736,8.96453857421875e-05,0.09
973,973,381,381,0.8261499404907227,7,0.031781986355781555,0.08678603172302246,0.0032138824462890625,381,2.8210160732269287,6,0.0652959942817688,0.08791673183441162,0.04234743118286133,381,2.857818841934204,13,0.06264247000217438,0.09000015258789062,0.03509974479675293,0.09
725,725,945,945,1.0736608505249023,9,0.02770036831498146,0.08800029754638672,0.0,945,2.8033499717712402,6,0.0487804040312767,0.08900141716003418,0.008280038833618164,945,3.458055019378662,17,0.07418765872716904,0.08937013149261475,0.05894988775253296,0.09
535,535,628,628,1.5357987880706787,13,0.0256615299731493,0.0890113115310669,0.0,628,5.422750949859619,12,0.03138186037540436,0.08241128921508789,5.8650970458984375e-05,479,4.824882984161377,24,0.029418399557471275,0.05535009503364563,0.0026099085807800293,0.09
691,691,526,526,0.34668803215026855,3,0.045076534152030945,0.07500016689300537,0.014999866485595703,526,1.4365787506103516,3,0.042279426008462906,0.07352590560913086,0.010780096054077148,526,1.2134649753570557,3,0.052624624222517014,0.08685016632080078,0.018269777297973633,0.09
70,70,599,599,1.0529990196228027,9,0.02946336194872856,0.08800029754638672,0.0,599,2.324010133743286,5,0.048731014132499695,0.08941709995269775,0.006829500198364258,599,3.595769166946411,17,0.04106246680021286,0.09000015258789062,0.0,0.09
269,269,328,328,0.832582950592041,7,0.032535720616579056,0.08678603172302246,0.0032140016555786133,328,2.752455949783325,6,0.04915834590792656,0.08096122741699219,0.016844749450683594,328,1.7463219165802002,5,0.03939436003565788,0.08649003505706787,8.988380432128906e-05,0.09
438,845,86,86,1.0573978424072266,9,0.029398389160633087,0.08800029754638672,0.0,86,2.791243076324463,6,0.042569227516651154,0.08221971988677979,0.001967787742614746,86,2.5392608642578125,11,0.06477193534374237,0.09000015258789062,0.03905975818634033,0.09
558,558,972,972,1.2936639785766602,11,0.026540331542491913,0.08863663673400879,0.0013632774353027344,972,4.120193958282471,9,0.02599985897541046,0.0636972188949585,0.0010294914245605469,972,2.6092851161956787,10,0.026085244491696358,0.059130072593688965,8.976459503173828e-05,0.09
830,731,45,45,1.032956838607788,8,0.030619092285633087,0.08750033378601074,0.0024995803833007812,45,1.9334349632263184,4,0.03986656293272972,0.06292545795440674,0.01629793643951416,45,1.611933946609497,5,0.036931511014699936,0.06030011177062988,0.013139843940734863,0.09
