true_label,pred,target_label,pred_fw,fw_time,n_iteration_fw,dist_mean_fw,dist_max_fw,dist_min_fw,pred_fw_as,fw_as_time,n_iteration_fw_as,dist_mean_fw_as,dist_max_fw_as,dist_min_fw_as,pred_fw_pair,fw_pair_time,n_iteration_fw_pair,dist_mean_fw_pair,dist_max_fw_pair,dist_min_fw_pair,epsilon
7,7,9,9,0.7477011680603027,3,0.04954914376139641,0.08333337306976318,0.016666650772094727,9,1.8153960704803467,2,0.03483220562338829,0.0618211030960083,0.005621075630187988,9,1.7663507461547852,2,0.047817379236221313,0.07010006904602051,0.02369999885559082,0.1
2,2,7,7,0.874061107635498,4,0.04532075673341751,0.09000015258789062,0.00999993085861206,7,2.7624199390411377,3,0.03387197479605675,0.06664466857910156,0.021047532558441162,7,2.5793697834014893,3,0.04449713975191116,0.08890008926391602,0.0076999664306640625,0.1
1,1,4,4,1.2612037658691406,6,0.03695486858487129,0.09523820877075195,0.0,4,7.352790594100952,8,0.07445286214351654,0.09845021367073059,0.05037188529968262,4,4.094753980636597,9,0.033363062888383865,0.050200045108795166,0.014199972152709961,0.1
0,0,6,6,0.6889140605926514,3,0.04987112805247307,0.08333337306976318,0.016666650772094727,6,1.947180986404419,2,0.059674471616744995,0.07336640357971191,0.04543358087539673,6,1.7348380088806152,2,0.03464169427752495,0.04670003056526184,0.022099971771240234,0.1
4,4,1,1,0.8887538909912109,4,0.045012637972831726,0.09000015258789062,0.00999993085861206,1,2.8815462589263916,3,0.049307867884635925,0.09853792190551758,0.007129311561584473,1,3.907709836959839,9,0.04952805116772652,0.10000008344650269,0.022199928760528564,0.1
1,1,6,6,1.2121877670288086,5,0.0406729094684124,0.09333348274230957,0.0,6,3.6496918201446533,4,0.04496478661894798,0.09200263023376465,0.004739522933959961,6,3.0954697132110596,5,0.03354299068450928,0.0667000412940979,0.002099931240081787,0.1
4,4,6,6,1.239983081817627,6,0.037205733358860016,0.09523820877075195,0.0,6,3.5327529907226562,4,0.03445899859070778,0.070395827293396,0.001097559928894043,6,2.8093948364257812,5,0.042941413819789886,0.07950001955032349,0.006699979305267334,0.1
9,9,0,0,0.842864990234375,4,0.044666655361652374,0.09000015258789062,0.00999993085861206,0,2.7202370166778564,3,0.03310184180736542,0.05124247074127197,0.015409529209136963,0,2.3983659744262695,3,0.02876473031938076,0.04060006141662598,0.017199993133544922,0.1
5,5,9,9,1.070458173751831,5,0.040392033755779266,0.09333348274230957,0.0,9,2.7579658031463623,3,0.05429624021053314,0.09828364849090576,0.00901639461517334,9,5.081753969192505,17,0.052199117839336395,0.10000008344650269,0.00299990177154541,0.1
9,9,6,6,1.5494301319122314,7,0.03498304635286331,0.09642869234085083,0.0035712718963623047,6,3.5918173789978027,4,0.02957460843026638,0.05644035339355469,0.0031059682369232178,6,3.7525808811187744,5,0.037574224174022675,0.08890008926391602,0.0012999176979064941,0.1
0,0,6,6,0.6377289295196533,3,0.04888791963458061,0.08333337306976318,0.016666650772094727,6,2.7745418548583984,3,0.06660549342632294,0.08530831336975098,0.045891761779785156,6,2.4174110889434814,3,0.026678457856178284,0.05170011520385742,0.0060999393463134766,0.1
6,6,1,1,2.1250619888305664,10,0.031133083626627922,0.09818196296691895,0.0,1,10.940237045288086,13,0.05179553106427193,0.09970813989639282,0.0020427703857421875,1,4.994338035583496,10,0.03333131596446037,0.07490003108978271,9.995698928833008e-05,0.1
9,9,6,6,1.5130608081817627,7,0.034321896731853485,0.09642869234085083,0.0035712718963623047,6,4.398823976516724,5,0.040791045874357224,0.06385266780853271,0.01799905300140381,6,2.97340989112854,4,0.029917046427726746,0.05600002408027649,0.0037999749183654785,0.1
0,0,9,9,0.6379539966583252,3,0.04942912235856056,0.08333337306976318,0.016666650772094727,9,1.898829698562622,2,0.033438850194215775,0.0618211030960083,0.005621075630187988,9,2.3719279766082764,3,0.0401703305542469,0.07680004835128784,0.01699995994567871,0.1
1,1,8,8,0.6519260406494141,3,0.04981044679880142,0.08333337306976318,0.016666650772094727,8,1.89839506149292,2,0.07236525416374207,0.09912896156311035,0.044671058654785156,8,2.133286952972412,3,0.07068021595478058,0.0985000729560852,0.040699928998947144,0.1
5,5,7,7,0.6487307548522949,3,0.049566857516765594,0.08333337306976318,0.016666650772094727,7,1.9974348545074463,2,0.034039050340652466,0.06103360652923584,0.007766366004943848,7,1.786355972290039,2,0.022558780387043953,0.04060006141662598,0.004999995231628418,0.1
9,9,5,5,0.9457030296325684,4,0.04542744532227516,0.09000015258789062,0.00999993085861206,5,3.0084228515625,3,0.03509191423654556,0.0702207088470459,0.001687765121459961,5,2.0049352645874023,3,0.05537327006459236,0.09810006618499756,0.013299942016601562,0.1
7,7,6,6,0.7335209846496582,3,0.04958103597164154,0.08333337306976318,0.016666650772094727,6,1.9315648078918457,2,0.029129838570952415,0.057291507720947266,0.00109139084815979,6,1.739525318145752,2,0.048211004585027695,0.08890008926391602,0.0076999664306640625,0.1
3,3,4,4,1.2948670387268066,6,0.037432361394166946,0.09523820877075195,0.0,4,2.8019609451293945,3,0.029582522809505463,0.04558694362640381,0.010613083839416504,4,2.5745418071746826,4,0.01940908282995224,0.026800036430358887,0.011599987745285034,0.1
4,4,6,6,1.2842600345611572,6,0.03729836270213127,0.09523820877075195,0.0,6,2.765629291534424,3,0.041834380477666855,0.08345067501068115,0.0015320777893066406,6,1.9696567058563232,4,0.06501872837543488,0.09890002012252808,0.03229999542236328,0.1
9,9,7,7,0.43282198905944824,2,0.06666666269302368,0.06666672229766846,0.0666666030883789,7,1.0696461200714111,1,0.09060000628232956,0.09060001373291016,0.09059999883174896,7,1.0829250812530518,1,0.09060000628232956,0.09060001373291016,0.09059999883174896,0.1
6,6,4,4,1.5144081115722656,7,0.03664324805140495,0.09642869234085083,0.0035712718963623047,4,13.661399841308594,16,0.026529647409915924,0.07356476783752441,3.0994415283203125e-06,4,4.25090217590332,6,0.04113907739520073,0.09650003910064697,0.001699984073638916,0.1
6,6,2,2,0.8783612251281738,4,0.045520585030317307,0.09000015258789062,0.00999993085861206,2,2.8190691471099854,3,0.05532919988036156,0.09426641464233398,0.016258537769317627,2,2.4256529808044434,3,0.06518741697072983,0.09060001373291016,0.03959999978542328,0.1
5,5,1,1,1.7423310279846191,8,0.033453699201345444,0.09722232818603516,0.0027776360511779785,1,5.5363452434539795,6,0.035916995257139206,0.07771575450897217,0.000870823860168457,1,3.6512839794158936,7,0.04396871477365494,0.09580004215240479,0.0007999688386917114,0.1
4,4,1,1,1.093742847442627,5,0.03984612971544266,0.09333348274230957,0.0,1,4.510721921920776,5,0.059758178889751434,0.09993195533752441,0.018868088722229004,1,4.352413892745972,8,0.03767354413866997,0.06170010566711426,0.014499962329864502,0.1
0,0,2,2,0.43830108642578125,2,0.06666666269302368,0.06666672229766846,0.0666666030883789,2,1.0879099369049072,1,0.046900030225515366,0.046900033950805664,0.04689997434616089,2,1.0839171409606934,1,0.046900030225515366,0.046900033950805664,0.04689997434616089,0.1
7,7,4,4,1.9697411060333252,9,0.03296895697712898,0.09777790307998657,0.0,4,8.596505880355835,10,0.042675383388996124,0.09480679035186768,0.0008068382740020752,4,4.578224182128906,9,0.032071247696876526,0.06870007514953613,0.0002999305725097656,0.1
4,4,5,5,0.6330051422119141,3,0.049188632518053055,0.08333337306976318,0.016666650772094727,5,1.9355721473693848,2,0.03316443786025047,0.0618211030960083,0.005621075630187988,5,1.7559850215911865,2,0.025993917137384415,0.046900033950805664,0.005899965763092041,0.1
0,0,5,5,1.0538699626922607,5,0.040810562670230865,0.09333348274230957,0.0,5,2.737638235092163,3,0.044599972665309906,0.07898116111755371,0.010651588439941406,5,2.3430440425872803,3,0.026323368772864342,0.046900033950805664,0.005899965763092041,0.1
1,1,7,7,1.5108261108398438,7,0.034731026738882065,0.09642869234085083,0.0035712718963623047,7,18.165616750717163,21,0.07293623685836792,0.09997189044952393,0.04599958658218384,1,7.109019041061401,24,0.03804725036025047,0.044300079345703125,0.031899988651275635,0.1
3,3,4,4,1.083975076675415,5,0.04031798243522644,0.09333348274230957,0.0,4,4.610692977905273,5,0.031522154808044434,0.07272076606750488,0.0004667043685913086,4,4.652910947799683,7,0.032453399151563644,0.08470010757446289,0.0002999305725097656,0.1
1,1,8,8,0.6551549434661865,3,0.049289166927337646,0.08333337306976318,0.016666650772094727,8,1.926415205001831,2,0.03387392684817314,0.06516647338867188,0.003633558750152588,8,1.75052809715271,2,0.026049481704831123,0.046900033950805664,0.005899965763092041,0.1
3,3,1,1,1.961651086807251,9,0.033870138227939606,0.09777790307998657,0.0,1,7.168033123016357,8,0.028366822749376297,0.07370054721832275,0.0007828176021575928,1,4.143027067184448,8,0.04085741192102432,0.09880006313323975,0.00019991397857666016,0.1
4,4,9,9,1.3010942935943604,6,0.0370967872440815,0.09523820877075195,0.0,9,2.817621946334839,3,0.04968461021780968,0.09879207611083984,0.017592012882232666,9,4.705465078353882,12,0.09178108721971512,0.10000008344650269,0.08199989795684814,0.1
7,7,3,3,0.6342160701751709,3,0.04966340586543083,0.08333337306976318,0.016666650772094727,3,1.8528387546539307,2,0.0779602900147438,0.09246647357940674,0.06373357772827148,3,1.7681200504302979,2,0.05318039655685425,0.06560003757476807,0.04099994897842407,0.1
2,2,1,1,2.16607403755188,10,0.0293918214738369,0.09818196296691895,0.0,1,6.250739097595215,7,0.07600756734609604,0.09996920824050903,0.05138860642910004,1,3.3713059425354004,7,0.038056451827287674,0.07680004835128784,0.0003999471664428711,0.1
7,7,8,8,0.8442580699920654,4,0.04469827562570572,0.09000015258789062,0.00999993085861206,8,2.812549114227295,3,0.04908454045653343,0.09892022609710693,0.005120143294334412,8,3.003408908843994,7,0.06895004212856293,0.10000008344650269,0.03919994831085205,0.1
1,1,3,3,1.3122937679290771,6,0.03649047389626503,0.09523820877075195,0.0,3,6.441409111022949,7,0.03106977418065071,0.06652939319610596,0.0012040138244628906,3,4.653702020645142,9,0.033477604389190674,0.06500005722045898,0.0015999078750610352,0.1
2,2,6,6,0.8919169902801514,4,0.045388247817754745,0.09000015258789062,0.00999993085861206,6,2.7960660457611084,3,0.02864532731473446,0.05636858940124512,0.008935660123825073,6,3.019124984741211,4,0.025191184133291245,0.05060005187988281,0.0013999342918395996,0.1
1,1,9,9,0.9128680229187012,4,0.04521578922867775,0.09000015258789062,0.00999993085861206,9,2.836552858352661,3,0.04474828019738197,0.08867859840393066,0.007929205894470215,9,2.2870571613311768,3,0.06361601501703262,0.09730005264282227,0.02969992160797119,0.1
1,1,6,6,1.7329180240631104,8,0.03228931501507759,0.09722232818603516,0.0027776360511779785,6,4.588549852371216,5,0.04503782093524933,0.09573554992675781,0.0013029873371124268,6,3.350532054901123,7,0.032370395958423615,0.0569000244140625,0.007499992847442627,0.1
7,7,1,1,0.8666958808898926,4,0.04523983597755432,0.09000015258789062,0.00999993085861206,1,2.860873222351074,3,0.03774591162800789,0.07523560523986816,0.0027721822261810303,1,2.4048759937286377,3,0.03344026952981949,0.05940002202987671,0.007399916648864746,0.1
4,4,5,5,0.6689221858978271,3,0.049000851809978485,0.08333337306976318,0.016666650772094727,5,2.0246529579162598,2,0.03412194922566414,0.049866437911987305,0.018666386604309082,5,1.8260400295257568,2,0.027782410383224487,0.04060006141662598,0.015199989080429077,0.1
2,2,0,0,1.5658650398254395,7,0.03577777370810509,0.09642869234085083,0.0035712718963623047,0,17.7920241355896,20,0.06023479625582695,0.0966082215309143,0.02378028631210327,0,5.903396844863892,16,0.03561143949627876,0.05520009994506836,0.01399993896484375,0.1
3,3,7,7,0.8682172298431396,4,0.04567722976207733,0.09000015258789062,0.00999993085861206,7,2.8651881217956543,3,0.035276010632514954,0.07060050964355469,0.012533187866210938,7,2.4681396484375,3,0.0541367381811142,0.09670007228851318,0.00289994478225708,0.1
5,5,0,0,0.655120849609375,3,0.04993046820163727,0.08333337306976318,0.016666650772094727,0,1.9421889781951904,2,0.05710063502192497,0.09815865755081177,0.01695859432220459,0,2.3651041984558105,4,0.05056147649884224,0.0993000864982605,0.0036998987197875977,0.1
1,1,5,5,1.5586512088775635,7,0.03495803847908974,0.09642869234085083,0.0035712718963623047,5,3.7189159393310547,4,0.05488814786076546,0.09460398554801941,0.015354692935943604,5,3.5514109134674072,5,0.043511223047971725,0.09710007905960083,0.0032999515533447266,0.1
2,2,1,1,1.506303071975708,7,0.03586166352033615,0.09642869234085083,0.0035712718963623047,1,5.488232851028442,6,0.07182153314352036,0.0999152660369873,0.04388471692800522,1,3.7734248638153076,7,0.059077996760606766,0.0918000340461731,0.02719997614622116,0.1
4,4,5,5,0.42838096618652344,2,0.06666666269302368,0.06666672229766846,0.0666666030883789,5,1.0660920143127441,1,0.046900030225515366,0.046900033950805664,0.04689997434616089,5,1.0910909175872803,1,0.046900030225515366,0.046900033950805664,0.04689997434616089,0.1
4,4,6,6,0.8776700496673584,4,0.0447862334549427,0.09000015258789062,0.00999993085861206,6,2.826909065246582,3,0.03384096547961235,0.06777703762054443,0.01085573434829712,6,2.3580641746520996,3,0.026331285014748573,0.046900033950805664,0.005899965763092041,0.1
7,7,2,2,0.669464111328125,3,0.07460539042949677,0.12500005960464478,0.02499997615814209,2,1.988398790359497,2,0.032541170716285706,0.06576919555664062,6.914138793945312e-05,2,1.8088459968566895,2,0.04176168516278267,0.07590001821517944,0.008399993181228638,0.15
2,2,9,9,0.6814169883728027,3,0.07390054315328598,0.12500005960464478,0.02499997615814209,9,1.99537992477417,2,0.04149683937430382,0.07925045490264893,0.005049586296081543,9,2.3704798221588135,3,0.03188956528902054,0.057750046253204346,0.006749957799911499,0.15
1,1,7,7,1.5373461246490479,7,0.051615238189697266,0.14464294910430908,0.005357027053833008,7,4.641418933868408,5,0.0323905311524868,0.06687653064727783,0.001903638243675232,1,6.75857400894165,24,0.02639300562441349,0.042150020599365234,0.01064997911453247,0.15
0,0,3,3,1.9873390197753906,9,0.045661743730306625,0.1466667652130127,0.0,3,10.508737087249756,12,0.06973718106746674,0.14986759424209595,5.304813385009766e-06,3,4.0960729122161865,6,0.03817244991660118,0.08235007524490356,0.00044995546340942383,0.15
4,4,7,7,1.358931064605713,6,0.054950565099716187,0.14285719394683838,0.0,7,3.9184539318084717,4,0.038264188915491104,0.0518723726272583,0.024828284978866577,7,2.3325307369232178,3,0.025702374055981636,0.04890000820159912,0.003899991512298584,0.15
1,1,3,3,1.5502800941467285,7,0.052413422614336014,0.14464294910430908,0.005357027053833008,3,4.6076390743255615,5,0.05985523387789726,0.1415092945098877,0.009026765823364258,1,7.664816856384277,24,0.03920063376426697,0.05775010585784912,0.021149873733520508,0.15
4,4,8,8,0.7172060012817383,3,0.07444993406534195,0.12500005960464478,0.02499997615814209,8,2.0564332008361816,2,0.11314516514539719,0.1463683843612671,0.08066833019256592,8,1.3295938968658447,2,0.14532272517681122,0.14775002002716064,0.1429499387741089,0.15
9,9,6,6,0.7237458229064941,3,0.07441472262144089,0.12500005960464478,0.02499997615814209,6,2.119530200958252,2,0.03540268540382385,0.058974623680114746,0.0121745765209198,6,1.9484329223632812,2,0.042001236230134964,0.06240004301071167,0.021899983286857605,0.15
5,5,3,3,1.4107410907745361,6,0.055471017956733704,0.14285719394683838,0.0,3,5.945279121398926,6,0.07022358477115631,0.10931232571601868,0.031134068965911865,3,3.933922052383423,8,0.033566780388355255,0.07005006074905396,0.00044995546340942383,0.15
9,9,1,1,1.8786139488220215,8,0.048298973590135574,0.14583343267440796,0.0041664838790893555,1,5.8221142292022705,6,0.0604240857064724,0.14307647943496704,0.0021277666091918945,1,3.5164999961853027,5,0.050469376146793365,0.10275006294250488,0.0007499456405639648,0.15
0,0,2,2,1.3981738090515137,6,0.05569252371788025,0.14285719394683838,0.0,2,4.037874937057495,4,0.02991749718785286,0.06319662928581238,0.0052155256271362305,2,3.169503927230835,4,0.03567120060324669,0.07455003261566162,0.0013499259948730469,0.15
6,6,1,1,2.405848264694214,10,0.04551694169640541,0.14727282524108887,0.0,1,11.190332889556885,12,0.06258279085159302,0.1406274437904358,4.273653030395508e-05,1,7.101469993591309,17,0.03267289698123932,0.07455006241798401,0.00014972686767578125,0.15
9,9,5,5,1.2206599712371826,5,0.06032470241189003,0.1400001049041748,0.0,5,3.159223794937134,3,0.04534712806344032,0.06361335515975952,0.026987433433532715,5,2.5703179836273193,3,0.032420165836811066,0.057750046253204346,0.006749957799911499,0.15
0,0,2,2,1.4630260467529297,6,0.05592959374189377,0.14285719394683838,0.0,2,6.276340961456299,6,0.0649636909365654,0.14136171340942383,0.0024040937423706055,2,3.281883716583252,4,0.029912138357758522,0.07005006074905396,0.00554993748664856,0.15
1,1,7,7,1.928483009338379,8,0.04813804104924202,0.14583343267440796,0.0041664838790893555,7,4.115800142288208,4,0.03334774449467659,0.07008755207061768,0.0016753077507019043,7,3.5665650367736816,6,0.0330185666680336,0.07590001821517944,0.0020999908447265625,0.15
5,5,2,2,1.5631277561187744,6,0.05584996938705444,0.14285719394683838,0.0,2,4.172998905181885,4,0.03215034678578377,0.07439422607421875,0.003792881965637207,2,3.2713260650634766,6,0.1137680932879448,0.1464000940322876,0.07319992780685425,0.15
9,9,1,1,2.2577950954437256,9,0.04663414508104324,0.1466667652130127,0.0,1,6.26523494720459,6,0.061567358672618866,0.1457521915435791,0.00589299201965332,1,4.571542978286743,8,0.10290075838565826,0.1464000940322876,0.05939990282058716,0.15
7,7,9,9,0.7888619899749756,3,0.07459741830825806,0.12500005960464478,0.02499997615814209,9,2.240610122680664,2,0.08856117725372314,0.1252746284008026,0.05292534828186035,9,2.026665210723877,2,0.06078442931175232,0.08910000324249268,0.033299922943115234,0.15
3,3,0,0,0.48397183418273926,2,0.09999997913837433,0.10000002384185791,0.09999990463256836,0,1.2872281074523926,1,0.05159997567534447,0.05160003900527954,0.051599979400634766,0,1.2369129657745361,1,0.05159997567534447,0.05160003900527954,0.051599979400634766,0.15
4,4,7,7,0.7438342571258545,3,0.07410914450883865,0.12500005960464478,0.02499997615814209,7,2.269196033477783,2,0.07021230459213257,0.09273168444633484,0.047968268394470215,7,2.154071092605591,2,0.04699070751667023,0.08940005302429199,0.005099952220916748,0.15
9,9,7,7,0.5301640033721924,2,0.09999997913837433,0.10000002384185791,0.09999990463256836,7,1.156857967376709,1,0.08910001069307327,0.08910000324249268,0.08909997344017029,7,1.2405369281768799,1,0.08910001069307327,0.08910000324249268,0.08909997344017029,0.15
6,6,4,4,1.5070202350616455,6,0.056425660848617554,0.14285719394683838,0.0,4,4.99360990524292,5,0.05175959691405296,0.13257402181625366,0.0004119575023651123,6,7.783977031707764,24,0.07231055945158005,0.14985013008117676,0.001949906349182129,0.15
6,6,5,5,0.5430741310119629,2,0.09999997913837433,0.10000002384185791,0.09999990463256836,5,1.2937648296356201,1,0.042150016874074936,0.042150020599365234,0.04214999079704285,5,1.2224948406219482,1,0.042150016874074936,0.042150020599365234,0.04214999079704285,0.15
5,5,0,0,1.2486741542816162,5,0.06076023355126381,0.1400001049041748,0.0,0,3.216705083847046,3,0.04058647155761719,0.08037358522415161,0.007350623607635498,0,3.309743881225586,5,0.05185289308428764,0.1050000786781311,0.001799941062927246,0.15
4,4,6,6,1.7236359119415283,7,0.05212002620100975,0.14464294910430908,0.005357027053833008,6,3.2737300395965576,3,0.07375190407037735,0.14807164669036865,0.027515053749084473,6,4.574811220169067,9,0.07359340041875839,0.15000003576278687,0.02219998836517334,0.15
0,0,5,5,0.7717468738555908,3,0.0750969871878624,0.12500005960464478,0.02499997615814209,5,2.348588228225708,2,0.05858878046274185,0.11004960536956787,0.0068495869636535645,5,2.0332798957824707,2,0.08923351764678955,0.13860002160072327,0.0395999550819397,0.15
7,7,4,4,2.553739070892334,7,0.05328251048922539,0.14464294910430908,0.005357027053833008,4,6.27066969871521,6,0.05052896589040756,0.11841815710067749,0.00031769275665283203,7,8.152996063232422,24,0.02279162034392357,0.04890000820159912,0.001499950885772705,0.15
4,4,3,3,1.2069780826568604,5,0.06041225790977478,0.1400001049041748,0.0,3,4.50849461555481,4,0.057699963450431824,0.10316392779350281,0.011905550956726074,3,3.7716128826141357,4,0.08144597709178925,0.13485008478164673,0.02954995632171631,0.15
0,0,8,8,0.8129041194915771,3,0.07441804558038712,0.12500005960464478,0.02499997615814209,8,2.4915599822998047,2,0.03287463262677193,0.06576919555664062,6.914138793945312e-05,8,2.1462559700012207,2,0.026378680020570755,0.042150020599365234,0.01064997911453247,0.15
1,1,9,9,1.7132720947265625,6,0.05593158304691315,0.14285719394683838,0.0,9,7.906569004058838,7,0.07671695202589035,0.14931409060955048,0.0022803544998168945,1,7.795767068862915,24,0.036651331931352615,0.04890000820159912,0.024899959564208984,0.15
3,3,0,0,1.6423580646514893,7,0.052868038415908813,0.14464294910430908,0.005357027053833008,0,5.877490997314453,6,0.04728556051850319,0.1226087212562561,0.0003369748592376709,0,5.882961750030518,14,0.04953678324818611,0.10695004463195801,0.00014984607696533203,0.15
1,1,9,9,1.6733880043029785,7,0.052381180226802826,0.14464294910430908,0.005357027053833008,9,5.326907157897949,5,0.0474376417696476,0.10736680030822754,0.002790898084640503,9,3.472266912460327,4,0.05477818846702576,0.11595010757446289,0.010049939155578613,0.15
3,3,0,0,2.4671010971069336,10,0.04592984542250633,0.14727282524108887,0.0,0,5.040703058242798,5,0.038264982402324677,0.09527450799942017,0.005698680877685547,0,5.239687204360962,7,0.03942067176103592,0.09345006942749023,0.00014993548393249512,0.15
4,4,5,5,0.7060480117797852,3,0.07435095310211182,0.12500005960464478,0.02499997615814209,5,2.3207991123199463,2,0.10803284496068954,0.14869338274002075,0.06700658798217773,5,1.5564661026000977,2,0.14536072313785553,0.14775002002716064,0.1429499387741089,0.15
7,7,2,2,0.8023850917816162,3,0.07473692297935486,0.12500005960464478,0.02499997615814209,2,2.2035129070281982,2,0.0511547327041626,0.08544963598251343,0.01775038242340088,2,2.026921033859253,2,0.05467125400900841,0.10695004463195801,0.0037499666213989258,0.15
2,2,3,3,1.0507910251617432,4,0.06754862517118454,0.1350001096725464,0.014999926090240479,3,2.393601179122925,2,0.03559357672929764,0.058974623680114746,0.0121745765209198,3,1.8793511390686035,2,0.02641279250383377,0.042150020599365234,0.01064997911453247,0.15
7,7,1,1,1.2657520771026611,5,0.060610219836235046,0.1400001049041748,0.0,1,7.95986795425415,8,0.01634247601032257,0.04098522663116455,5.2168965339660645e-05,1,3.7095189094543457,9,0.033312808722257614,0.043800026178359985,0.015599966049194336,0.15
1,1,6,6,1.6687779426574707,7,0.0516422800719738,0.14464294910430908,0.005357027053833008,6,6.498886823654175,6,0.07181239873170853,0.13715320825576782,0.007172584533691406,6,5.971624135971069,10,0.03509720042347908,0.06345003843307495,0.005549967288970947,0.15
2,2,0,0,0.9449951648712158,4,0.067947618663311,0.1350001096725464,0.014999926090240479,0,3.1422128677368164,3,0.06556519865989685,0.12989336252212524,0.008093327283859253,0,2.493335008621216,3,0.05921870470046997,0.11775004863739014,0.007049918174743652,0.15
1,1,5,5,1.0063560009002686,4,0.0673748329281807,0.1350001096725464,0.014999926090240479,5,3.215344190597534,3,0.043017905205488205,0.08513832092285156,0.01711249351501465,5,2.9894468784332275,4,0.05728021636605263,0.10695004463195801,0.0037499666213989258,0.15
1,1,7,7,1.3329899311065674,5,0.06013907864689827,0.1400001049041748,0.0,7,3.3258168697357178,3,0.09160318225622177,0.1379031538963318,0.044147610664367676,7,2.648082971572876,3,0.03834236413240433,0.07590001821517944,0.008399993181228638,0.15
7,7,0,0,1.8018488883972168,7,0.053104497492313385,0.14464294910430908,0.005357027053833008,0,6.0451250076293945,6,0.06830713152885437,0.14849627017974854,0.003927886486053467,3,7.89054799079895,24,0.12268015742301941,0.14430034160614014,0.10109949111938477,0.15
4,4,1,1,1.746377944946289,7,0.05189802497625351,0.14464294910430908,0.005357027053833008,1,3.20729398727417,3,0.026414701715111732,0.05419054627418518,0.00045862793922424316,1,2.7411201000213623,3,0.028109895065426826,0.054750025272369385,0.002849966287612915,0.15
2,2,7,7,1.317957878112793,5,0.05963817983865738,0.1400001049041748,0.0,7,4.220381259918213,4,0.09092193096876144,0.14706483483314514,0.03643083572387695,7,3.3409671783447266,7,0.13141180574893951,0.14955002069473267,0.11384996771812439,0.15
3,3,5,5,0.797722339630127,3,0.07412640750408173,0.12500005960464478,0.02499997615814209,5,2.214203119277954,2,0.04371987655758858,0.08593714237213135,0.0016370713710784912,5,2.097081184387207,2,0.0341574028134346,0.06090003252029419,0.0074999332427978516,0.15
5,5,7,7,1.0515341758728027,4,0.06747488677501678,0.1350001096725464,0.014999926090240479,7,3.2520203590393066,3,0.04286769777536392,0.08513829112052917,0.01711249351501465,7,2.646375894546509,3,0.05169421806931496,0.0946500301361084,0.008549928665161133,0.15
1,1,8,8,0.7484719753265381,3,0.07500531524419785,0.12500005960464478,0.02499997615814209,8,2.1481471061706543,2,0.062018122524023056,0.09505671262741089,0.02935662865638733,8,2.0382239818573,2,0.07952345907688141,0.1017000675201416,0.05759996175765991,0.15
2,2,1,1,1.3988502025604248,6,0.055625803768634796,0.14285719394683838,0.0,1,4.776846885681152,5,0.11476833373308182,0.14921116828918457,0.08018803596496582,1,7.711044073104858,21,0.0504305399954319,0.07965028285980225,0.018749713897705078,0.15
4,4,0,0,1.9177510738372803,8,0.04953628405928612,0.14583343267440796,0.0041664838790893555,0,6.965564966201782,7,0.06336918473243713,0.1488490104675293,0.004125356674194336,0,5.468430042266846,11,0.07570058107376099,0.15000003576278687,0.002699911594390869,0.15
4,4,6,6,1.2838680744171143,5,0.06060052663087845,0.1400001049041748,0.0,6,3.3108458518981934,3,0.07194375991821289,0.10417306423187256,0.040152668952941895,6,2.604083776473999,3,0.042217157781124115,0.07590001821517944,0.008399993181228638,0.15
7,7,1,1,1.3046541213989258,5,0.0796903595328331,0.1866668462753296,0.0,1,2.3015201091766357,2,0.09348201751708984,0.1236422061920166,0.06395779550075531,1,1.9133598804473877,2,0.03497621417045593,0.05620002746582031,0.014199972152709961,0.2
2,2,3,3,0.7750542163848877,3,0.09944639354944229,0.16666674613952637,0.03333330154418945,3,2.2318460941314697,2,0.03735355660319328,0.06816720962524414,0.005767166614532471,3,1.968864917755127,2,0.044161584228277206,0.07300001382827759,0.014599978923797607,0.2
1,1,7,7,1.546738862991333,6,0.07368096709251404,0.19047635793685913,0.0,7,7.383389949798584,7,0.08320286870002747,0.18883931636810303,0.010276556015014648,7,3.6228387355804443,6,0.028690645471215248,0.053600013256073,0.003999948501586914,0.2
0,0,3,3,2.3303799629211426,9,0.06157821789383888,0.19555580615997314,0.0,3,8.258907079696655,8,0.10710792988538742,0.1879417896270752,0.024458229541778564,3,4.09069299697876,7,0.0684327781200409,0.15500009059906006,0.001799941062927246,0.2
4,4,3,3,0.9879488945007324,4,0.09025855362415314,0.1800001859664917,0.019999921321868896,3,3.1989879608154297,3,0.10608457028865814,0.19476264715194702,0.01763737201690674,3,3.3335537910461426,7,0.10620739310979843,0.19060003757476807,0.024599969387054443,0.2
1,1,0,0,1.2193071842193604,5,0.08079367130994797,0.1866668462753296,0.0,0,4.052077054977417,4,0.11900228261947632,0.19240528345108032,0.04519474506378174,0,3.7351982593536377,5,0.10043729096651077,0.19440007209777832,0.003199964761734009,0.2
4,4,3,3,1.1923222541809082,5,0.08052670955657959,0.1866668462753296,0.0,3,3.94722580909729,4,0.1099621132016182,0.19642949104309082,0.02679392695426941,3,4.436789035797119,8,0.12482985854148865,0.198600172996521,0.05379992723464966,0.2
9,9,7,7,1.0192692279815674,4,0.08944807201623917,0.1800001859664917,0.019999921321868896,7,3.216477155685425,3,0.1220645010471344,0.19893956184387207,0.04504483938217163,7,2.746774911880493,4,0.16599668562412262,0.198600172996521,0.1285998821258545,0.2
5,5,8,8,0.514052152633667,2,0.13333337008953094,0.13333344459533691,0.13333329558372498,8,1.2690949440002441,1,0.13120006024837494,0.13120007514953613,0.13120000064373016,8,1.2337698936462402,1,0.13120006024837494,0.13120007514953613,0.13120000064373016,0.2
9,9,0,0,1.0187911987304688,4,0.09024766087532043,0.1800001859664917,0.019999921321868896,0,3.295894145965576,3,0.04877149313688278,0.0970386266708374,0.009438574314117432,0,2.7110867500305176,3,0.03706400841474533,0.07300001382827759,0.014599978923797607,0.2
0,0,5,5,1.063467025756836,4,0.09053093194961548,0.1800001859664917,0.019999921321868896,5,4.313995838165283,4,0.03494173660874367,0.08305788040161133,0.0022279024124145508,5,3.325511932373047,4,0.04375578463077545,0.09300017356872559,0.012199938297271729,0.2
6,6,8,8,1.016514778137207,4,0.0904700756072998,0.1800001859664917,0.019999921321868896,8,3.33555006980896,3,0.05661795660853386,0.11228764057159424,0.024687528610229492,8,2.916440010070801,4,0.034628771245479584,0.06520003080368042,0.0051999688148498535,0.2
9,9,6,6,1.824711799621582,7,0.06846985965967178,0.1928572654724121,0.0071427226066589355,6,5.362512826919556,5,0.12735657393932343,0.1946236491203308,0.059642016887664795,6,2.4197559356689453,4,0.02743973769247532,0.05620002746582031,0.0033999085426330566,0.2
0,0,7,7,1.339735984802246,5,0.07999894767999649,0.1866668462753296,0.0,7,3.449373960494995,3,0.05662187561392784,0.11228764057159424,0.024687528610229492,7,2.6540307998657227,3,0.05312859266996384,0.10120004415512085,0.011199951171875,0.2
1,1,8,8,0.7769708633422852,3,0.10082022845745087,0.16666674613952637,0.03333330154418945,8,2.2790603637695312,2,0.09414994716644287,0.1501922607421875,0.037407755851745605,8,2.152876138687134,2,0.06008791923522949,0.10620003938674927,0.013399958610534668,0.2
5,5,1,1,1.6180658340454102,6,0.07373449206352234,0.1904764175415039,0.0,1,6.0200419425964355,6,0.1002623662352562,0.16598773002624512,0.034546613693237305,1,4.108183860778809,5,0.06357844173908234,0.13760006427764893,0.0023999810218811035,0.2
9,9,1,1,1.9828360080718994,8,0.06561172753572464,0.1944446563720703,0.005555391311645508,1,4.880299091339111,5,0.09074679017066956,0.18692708015441895,0.004807114601135254,1,4.2553019523620605,6,0.1481538861989975,0.19740009307861328,0.09899991750717163,0.2
7,7,5,5,0.7794568538665771,3,0.10001328587532043,0.16666674613952637,0.03333330154418945,5,2.340571880340576,2,0.043584927916526794,0.0876922607421875,9.21487808227539e-05,5,1.8892021179199219,2,0.03505266457796097,0.05620002746582031,0.014199972152709961,0.2
3,3,4,4,1.023061990737915,4,0.09037148952484131,0.1800001859664917,0.019999921321868896,4,4.280217170715332,4,0.09914296865463257,0.1971222162246704,0.0014593005180358887,4,2.353116989135742,5,0.010241728276014328,0.018800020217895508,0.0,0.2
4,4,8,8,1.0614979267120361,4,0.08981531113386154,0.1800001859664917,0.019999921321868896,8,3.3027217388153076,3,0.05515142157673836,0.11273699998855591,0.017871320247650146,8,2.856952667236328,3,0.06538183242082596,0.11920005083084106,0.006799936294555664,0.2
9,9,1,1,1.300168752670288,5,0.07761818915605545,0.1866668462753296,0.0,1,2.202023983001709,2,0.1683095544576645,0.19903290271759033,0.13856714963912964,1,1.5319359302520752,2,0.1937481164932251,0.1970001459121704,0.1905999779701233,0.2
6,6,2,2,0.8150053024291992,3,0.09963063895702362,0.16666674613952637,0.03333330154418945,2,2.4486708641052246,2,0.13038243353366852,0.1978672742843628,0.06453275680541992,2,2.8986947536468506,4,0.12940171360969543,0.198600172996521,0.05579984188079834,0.2
6,6,9,9,1.3523671627044678,5,0.08093256503343582,0.1866668462753296,0.0,9,3.3702120780944824,3,0.12648937106132507,0.15066128969192505,0.10182678699493408,9,2.780327081680298,3,0.13542763888835907,0.19300007820129395,0.07659995555877686,0.2
5,5,6,6,0.8298990726470947,3,0.09923380613327026,0.16666674613952637,0.03333330154418945,6,2.262725830078125,2,0.03668821603059769,0.06816720962524414,0.005767166614532471,6,1.9571340084075928,2,0.043538898229599,0.07300001382827759,0.014599978923797607,0.2
4,4,5,5,1.0564470291137695,4,0.08971381932497025,0.1800001859664917,0.019999921321868896,5,3.306032180786133,3,0.05930647626519203,0.11997318267822266,0.012507498264312744,5,3.0044548511505127,4,0.03626735880970955,0.07300001382827759,0.001799941062927246,0.2
0,0,6,6,1.3111989498138428,5,0.08030863106250763,0.1866668462753296,0.0,6,4.391304016113281,4,0.11944369971752167,0.19840002059936523,0.0392000675201416,6,3.3927838802337646,6,0.1396881341934204,0.1970001459121704,0.08139985799789429,0.2
7,7,1,1,1.4247732162475586,6,0.07459711283445358,0.1904764175415039,0.0,1,4.262423038482666,4,0.04081515967845917,0.0842621922492981,0.009872257709503174,1,2.6643078327178955,3,0.0270741805434227,0.053600013256073,0.001199960708618164,0.2
4,4,6,6,1.5871307849884033,6,0.07370387762784958,0.1904764175415039,0.0,6,2.4111108779907227,2,0.03924965858459473,0.058482825756073,0.020882785320281982,6,4.1621012687683105,5,0.0565006248652935,0.131600022315979,0.001199960708618164,0.2
0,0,3,3,1.2502610683441162,5,0.07970239967107773,0.1866668462753296,0.0,3,3.2050399780273438,3,0.08931292593479156,0.13817048072814941,0.04109513759613037,3,2.6533219814300537,5,0.027585584670305252,0.043800000101327896,0.010999977588653564,0.2
1,1,8,8,0.7773838043212891,3,0.09972009807825089,0.16666674613952637,0.03333330154418945,8,2.3789608478546143,2,0.08136063069105148,0.13691723346710205,0.025482773780822754,8,2.1443819999694824,2,0.05291822552680969,0.09380006790161133,0.011799931526184082,0.2
3,3,7,7,1.0563111305236816,4,0.08998511731624603,0.1800001859664917,0.019999921321868896,7,3.0766489505767822,3,0.05714457854628563,0.11228764057159424,0.00011235475540161133,7,2.572849988937378,3,0.046459127217531204,0.09260000288486481,0.004999995231628418,0.2
1,1,4,4,1.454737901687622,6,0.07447196543216705,0.1904764175415039,0.0,4,5.1627888679504395,5,0.09817375242710114,0.1991790533065796,0.006744444370269775,4,4.860293865203857,10,0.09973574429750443,0.20000016689300537,0.044399961829185486,0.2
3,3,1,1,1.9374110698699951,8,0.06612540036439896,0.1944446563720703,0.005555391311645508,1,6.948944091796875,7,0.0345376618206501,0.09320950508117676,0.00033718347549438477,1,5.103622913360596,7,0.04691862314939499,0.12060010433197021,0.00019985437393188477,0.2
4,4,6,6,1.2150800228118896,5,0.07987920194864273,0.1866668462753296,0.0,6,3.2790660858154297,3,0.13522836565971375,0.19568049907684326,0.07436478137969971,6,2.8086178302764893,4,0.13937488198280334,0.198600172996521,0.07979995012283325,0.2
7,7,1,1,0.7718119621276855,3,0.09969175606966019,0.16666674613952637,0.03333330154418945,1,2.3545780181884766,2,0.14372321963310242,0.15959227085113525,0.12800776958465576,1,2.1439530849456787,2,0.13452672958374023,0.1910001039505005,0.07859998941421509,0.2
2,2,4,4,0.8100981712341309,3,0.09944727271795273,0.16666674613952637,0.03333330154418945,4,3.385746955871582,3,0.12125097960233688,0.1775597333908081,0.0664246678352356,4,2.479787826538086,3,0.12218447029590607,0.1960000991821289,0.04999995231628418,0.2
7,7,4,4,0.8111679553985596,3,0.09921786934137344,0.16666674613952637,0.03333330154418945,4,2.2447547912597656,2,0.11444511264562607,0.19631731510162354,0.03391718864440918,4,2.7484488487243652,3,0.11277592182159424,0.1970001459121704,0.03299999237060547,0.2
1,1,9,9,1.3178751468658447,5,0.0801917016506195,0.1866668462753296,0.0,9,4.45128607749939,4,0.09165176004171371,0.18862664699554443,0.009360909461975098,9,3.4418208599090576,4,0.08826664835214615,0.1616000533103943,0.013999998569488525,0.2
2,2,9,9,0.932086706161499,4,0.09049691259860992,0.1800001859664917,0.019999921321868896,9,3.336613893508911,3,0.09853075444698334,0.19735217094421387,0.03181344270706177,9,3.233854055404663,4,0.13910135626792908,0.1970001459121704,0.08139997720718384,0.2
1,1,2,2,1.3142280578613281,5,0.0801144689321518,0.1866668462753296,0.0,2,5.198554754257202,5,0.08920390158891678,0.19866324961185455,0.0013220906257629395,2,4.398232698440552,8,0.0880877673625946,0.15360009670257568,0.022399961948394775,0.2
1,1,0,0,0.7290172576904297,3,0.09959077835083008,0.16666674613952637,0.03333330154418945,0,2.201486110687256,2,0.13096551597118378,0.16346728801727295,0.09893274307250977,0,1.9769577980041504,2,0.07607211917638779,0.09380006790161133,0.05859999358654022,0.2
7,7,8,8,0.7012999057769775,3,0.09872625768184662,0.16666674613952637,0.03333330154418945,8,2.8998570442199707,3,0.12685923278331757,0.196058988571167,0.05820667743682861,8,5.45356297492981,16,0.0802796483039856,0.08500021696090698,0.07259982824325562,0.2
4,4,6,6,1.2361571788787842,5,0.07966184616088867,0.1866668462753296,0.0,6,2.1744279861450195,2,0.0311090350151062,0.0575329065322876,0.004867136478424072,6,2.1807706356048584,2,0.031108804047107697,0.05760002136230469,0.004799962043762207,0.2
2,2,8,8,0.9697408676147461,4,0.08959077298641205,0.1800001859664917,0.019999921321868896,8,2.0919878482818604,2,0.1878003031015396,0.1939922571182251,0.1815921664237976,8,2.4248907566070557,3,0.16333575546741486,0.1970001459121704,0.13019996881484985,0.2
3,3,6,6,1.4944279193878174,6,0.07461711019277573,0.1904764175415039,0.0,6,4.30168080329895,4,0.049147576093673706,0.11999917030334473,0.00493285059928894,6,3.48114013671875,4,0.09488023072481155,0.19380009174346924,0.008599936962127686,0.2
5,5,9,9,1.5924301147460938,6,0.07461646944284439,0.1904764175415039,0.0,9,5.326175928115845,5,0.15109021961688995,0.1964491605758667,0.10626649856567383,9,3.4323761463165283,7,0.04371581971645355,0.053600013256073,0.0339999794960022,0.2
1,1,0,0,0.8024919033050537,3,0.09979449212551117,0.16666674613952637,0.03333330154418945,0,2.2242510318756104,2,0.04368000850081444,0.07800781726837158,0.009592175483703613,0,1.955657958984375,2,0.027342472225427628,0.043800000101327896,0.010999977588653564,0.2
2,2,7,7,1.0692627429962158,4,0.08944647759199142,0.1800001859664917,0.019999921321868896,7,2.4453959465026855,2,0.11870270222425461,0.1416172981262207,0.09598278999328613,7,2.7409720420837402,3,0.13466468453407288,0.1910001039505005,0.07859998941421509,0.2
4,4,0,0,1.9652490615844727,8,0.0659111961722374,0.1944446563720703,0.005555391311645508,0,5.330737829208374,5,0.09509950876235962,0.19699060916900635,0.00020772218704223633,0,4.511162996292114,7,0.14097267389297485,0.1970001459121704,0.08699995279312134,0.2
4,4,1,1,1.2123908996582031,5,0.07971161603927612,0.1866668462753296,0.0,1,4.154951810836792,4,0.06685210019350052,0.11769723892211914,0.01560664176940918,1,3.071974992752075,3,0.08179998397827148,0.13140010833740234,0.03139996528625488,0.2
7,7,5,5,1.2880489826202393,5,0.09921056777238846,0.23333346843719482,0.0,5,2.312278985977173,2,0.0353427417576313,0.058834075927734375,0.01183396577835083,5,4.190957069396973,5,0.12987825274467468,0.18650001287460327,0.07299995422363281,0.25
2,2,5,5,0.7804358005523682,3,0.12315540015697479,0.20833337306976318,0.041666626930236816,5,2.1925790309906006,2,0.045598067343235016,0.08520901203155518,0.0072089433670043945,5,2.6309781074523926,3,0.04845689609646797,0.09125006198883057,0.018249988555908203,0.25
1,1,4,4,1.3460149765014648,5,0.09971212595701218,0.23333346843719482,0.0,4,4.534383058547974,4,0.1767655909061432,0.23427143692970276,0.11952149868011475,4,4.5507378578186035,7,0.17299005389213562,0.23775005340576172,0.10524997115135193,0.25
0,0,6,6,0.79032301902771,3,0.12351413816213608,0.20833337306976318,0.041666626930236816,6,2.2454051971435547,2,0.10179977864027023,0.1246660053730011,0.07833397388458252,6,1.7568187713623047,2,0.02937617339193821,0.03900003433227539,0.01949995756149292,0.25
4,4,9,9,0.5277512073516846,2,0.16666670143604279,0.16666674613952637,0.16666662693023682,9,1.2832741737365723,1,0.054750002920627594,0.054750025272369385,0.05474996566772461,9,1.1937541961669922,1,0.054750002920627594,0.054750025272369385,0.05474996566772461,0.25
1,1,9,9,1.1840431690216064,5,0.10001596808433533,0.23333346843719482,0.0,9,4.383606195449829,4,0.1799183189868927,0.24932128190994263,0.11017870903015137,9,5.715232849121094,12,0.16263321042060852,0.25,0.06949999928474426,0.25
4,4,9,9,0.5121841430664062,2,0.16666670143604279,0.16666674613952637,0.16666662693023682,9,1.3205981254577637,1,0.007750000339001417,0.007750034332275391,0.007749974727630615,9,1.3185780048370361,1,0.007750000339001417,0.007750034332275391,0.007749974727630615,0.25
9,9,1,1,1.3523728847503662,5,0.09923181682825089,0.23333346843719482,0.0,1,4.274112939834595,4,0.11663739383220673,0.24647986888885498,0.013252973556518555,1,4.8855061531066895,13,0.1409584879875183,0.25,0.03749990463256836,0.25
5,5,1,1,1.0545473098754883,4,0.11283846944570541,0.22500014305114746,0.02499997615814209,1,3.248222827911377,3,0.12378804385662079,0.2469322681427002,0.022850215435028076,1,3.673737049102783,7,0.1617134064435959,0.25,0.0679999589920044,0.25
9,9,7,7,0.7779419422149658,3,0.1257728487253189,0.20833337306976318,0.041666626930236816,7,2.27388596534729,2,0.1954375058412552,0.24830275774002075,0.14219725131988525,7,1.5960991382598877,2,0.24226410686969757,0.24625003337860107,0.23824995756149292,0.25
0,0,8,8,1.0657639503479004,4,0.11152974516153336,0.22500014305114746,0.02499997615814209,8,3.231017827987671,3,0.12373367697000504,0.24726557731628418,0.0442655086517334,8,2.8346688747406006,4,0.1573476493358612,0.24825000762939453,0.06974995136260986,0.25
6,6,4,4,1.3723130226135254,5,0.0995759516954422,0.23333346843719482,0.0,4,5.231977939605713,5,0.12235436588525772,0.24606752395629883,0.0002211928367614746,4,7.277825117111206,17,0.12064723670482635,0.2500000596046448,0.007999897003173828,0.25
9,9,4,4,0.49494218826293945,2,0.16666670143604279,0.16666674613952637,0.16666662693023682,4,1.3002729415893555,1,0.0859999731183052,0.08600002527236938,0.08599996566772461,4,1.2473008632659912,1,0.0859999731183052,0.08600002527236938,0.08599996566772461,0.25
0,0,9,9,0.7866947650909424,3,0.12429139018058777,0.20833337306976318,0.041666626930236816,9,2.2870190143585205,2,0.03865230083465576,0.07191601395606995,0.006083965301513672,9,2.3420872688293457,2,0.045838043093681335,0.08525002002716064,0.007249951362609863,0.25
1,1,8,8,0.751331090927124,3,0.1259976029396057,0.20833337306976318,0.041666626930236816,8,2.2195420265197754,2,0.10196458548307419,0.16179102659225464,0.04120898246765137,8,2.0460548400878906,2,0.14003217220306396,0.24075007438659668,0.03774994611740112,0.25
5,5,7,7,0.7970569133758545,3,0.12339123338460922,0.20833337306976318,0.041666626930236816,7,2.134550094604492,2,0.03865010663866997,0.07191601395606995,0.006083965301513672,7,2.2509350776672363,2,0.03864923492074013,0.07200002670288086,0.0059999823570251465,0.25
9,9,1,1,2.1242928504943848,8,0.08170507848262787,0.24305570125579834,0.00694429874420166,1,5.512427091598511,5,0.09958779066801071,0.24739015102386475,0.007291555404663086,1,5.066659688949585,13,0.160066157579422,0.2500000596046448,0.0679999589920044,0.25
7,7,8,8,1.0538880825042725,4,0.11175727844238281,0.22500014305114746,0.02499997615814209,8,3.362736701965332,3,0.08975911885499954,0.18031412363052368,0.022517859935760498,8,3.060906171798706,3,0.07713697850704193,0.1547500491142273,0.005249917507171631,0.25
3,3,5,5,0.5129711627960205,2,0.16666670143604279,0.16666674613952637,0.16666662693023682,5,1.3500699996948242,1,0.054750002920627594,0.054750025272369385,0.05474996566772461,5,1.2880887985229492,1,0.054750002920627594,0.054750025272369385,0.05474996566772461,0.25
4,4,5,5,0.7700538635253906,3,0.12472541630268097,0.20833337306976318,0.041666626930236816,5,2.3581926822662354,2,0.04865992069244385,0.07310354709625244,0.026103496551513672,5,2.0398130416870117,2,0.03342687711119652,0.054750025272369385,0.013749957084655762,0.25
9,9,8,8,0.817227840423584,3,0.12337905168533325,0.20833337306976318,0.041666626930236816,8,2.188422918319702,2,0.13259290158748627,0.18774032592773438,0.0777597427368164,8,2.0576257705688477,2,0.09518715739250183,0.11725002527236938,0.0732499361038208,0.25
6,6,3,3,1.8030400276184082,7,0.08699318766593933,0.24107158184051514,0.008928477764129639,3,10.648292064666748,10,0.1050708070397377,0.24994218349456787,0.0006746053695678711,3,4.808213949203491,10,0.10829750448465347,0.2482500672340393,0.010249972343444824,0.25
6,6,7,7,1.5980370044708252,6,0.09245044738054276,0.23809540271759033,0.0,7,3.2075061798095703,3,0.12335560470819473,0.24634462594985962,0.017823338508605957,7,4.032593011856079,8,0.13264018297195435,0.25,0.01949995756149292,0.25
5,5,1,1,1.4341602325439453,6,0.09305577725172043,0.23809540271759033,0.0,1,8.089571952819824,8,0.10903214663267136,0.2336079478263855,0.028623610734939575,1,3.8380637168884277,7,0.04519905149936676,0.10550004243850708,0.001499950885772705,0.25
4,4,0,0,1.485227108001709,6,0.09327200800180435,0.23809540271759033,0.0,0,3.4389560222625732,3,0.1252433955669403,0.17769789695739746,0.07297009229660034,0,3.243480682373047,4,0.03909449651837349,0.07075005769729614,0.007249951362609863,0.25
0,0,6,6,1.2269470691680908,5,0.09996058791875839,0.23333346843719482,0.0,6,3.361583709716797,3,0.19517140090465546,0.2488866150379181,0.14161336421966553,6,3.355558156967163,7,0.20378123223781586,0.24625003337860107,0.16274994611740112,0.25
7,7,0,0,1.06075119972229,4,0.11434649676084518,0.22500014305114746,0.02499997615814209,0,3.552539825439453,3,0.13270539045333862,0.1788485050201416,0.0866515040397644,0,2.631885051727295,3,0.14192955195903778,0.17750000953674316,0.09949994087219238,0.25
4,4,5,5,0.8595750331878662,3,0.12508858740329742,0.20833337306976318,0.041666626930236816,5,2.316202163696289,2,0.03876512870192528,0.07191601395606995,0.006083965301513672,5,2.289562225341797,2,0.045971740037202835,0.08525002002716064,0.007249951362609863,0.25
0,0,3,3,1.3273820877075195,5,0.09889036417007446,0.23333346843719482,0.0,3,3.3542490005493164,3,0.10605914890766144,0.14849090576171875,0.06396612524986267,3,3.7620890140533447,4,0.1669893115758896,0.21700000762939453,0.11699992418289185,0.25
1,1,0,0,1.0533640384674072,4,0.11452154815196991,0.22500014305114746,0.02499997615814209,0,2.361191987991333,2,0.12036924064159393,0.14377152919769287,0.0967714786529541,0,2.037485122680664,2,0.10785400867462158,0.1327500343322754,0.08274996280670166,0.25
3,3,1,1,1.5472908020019531,6,0.09310102462768555,0.23809540271759033,0.0,1,9.177289247512817,9,0.10815440863370895,0.24881339073181152,0.005661368370056152,1,5.764624834060669,10,0.10638342052698135,0.20350006222724915,0.0009999275207519531,0.25
1,1,6,6,1.7509031295776367,7,0.0857691764831543,0.24107158184051514,0.008928477764129639,6,3.1217942237854004,3,0.1598818600177765,0.24489152431488037,0.07447344064712524,6,5.129330158233643,10,0.12695364654064178,0.24825000762939453,0.00424996018409729,0.25
3,3,0,0,1.909827709197998,8,0.08152931183576584,0.24305570125579834,0.00694429874420166,0,11.364246845245361,12,0.1133974939584732,0.2448331117630005,0.0033510923385620117,0,4.67653489112854,8,0.11138219386339188,0.23825004696846008,0.02774989604949951,0.25
4,4,9,9,0.9480481147766113,4,0.11405451595783234,0.22500014305114746,0.02499997615814209,9,3.322195053100586,3,0.12533216178417206,0.24601233005523682,0.0032817721366882324,9,3.198362112045288,5,0.23630425333976746,0.24825000762939453,0.22124996781349182,0.25
7,7,2,2,0.7555692195892334,3,0.12475531548261642,0.20833337306976318,0.041666626930236816,2,2.2248711585998535,2,0.05421993508934975,0.09750977158546448,0.011990189552307129,2,1.9262089729309082,2,0.033995866775512695,0.054750025272369385,0.013749957084655762,0.25
2,2,3,3,1.0019569396972656,4,0.11280359327793121,0.22500014305114746,0.02499997615814209,3,2.443824291229248,2,0.03546544909477234,0.058834075927734375,0.01183396577835083,3,2.6140143871307373,2,0.03911047428846359,0.058750033378601074,0.01924997568130493,0.25
7,7,6,6,1.6542270183563232,6,0.09203271567821503,0.23809540271759033,0.0,6,4.981245040893555,5,0.10459533333778381,0.2469995617866516,0.012421071529388428,9,8.036590099334717,24,0.1210249811410904,0.2492501139640808,0.0382499098777771,0.25
1,1,7,7,1.0476751327514648,4,0.1123770996928215,0.22500014305114746,0.02499997615814209,7,4.4724462032318115,4,0.09650815278291702,0.1648975908756256,0.027588367462158203,7,3.0663809776306152,4,0.1710958182811737,0.24400007724761963,0.0989999771118164,0.25
2,2,8,8,1.0673058032989502,4,0.11264979839324951,0.22500014305114746,0.02499997615814209,8,3.3537652492523193,3,0.14869612455368042,0.24793589115142822,0.049064040184020996,8,3.8168270587921143,7,0.1929241269826889,0.25,0.12849998474121094,0.25
1,1,8,8,0.9636538028717041,3,0.12544843554496765,0.20833337306976318,0.041666626930236816,8,1.455392837524414,1,0.0859999731183052,0.08600002527236938,0.08599996566772461,8,1.3072116374969482,1,0.0859999731183052,0.08600002527236938,0.08599996566772461,0.25
1,1,0,0,0.7889561653137207,3,0.12458813190460205,0.20833337306976318,0.041666626930236816,0,2.4188499450683594,2,0.0699862390756607,0.1207597553730011,0.01974022388458252,0,2.1051430702209473,2,0.12313318252563477,0.1937500238418579,0.05324995517730713,0.25
7,7,3,3,0.7529857158660889,3,0.12507973611354828,0.20833337306976318,0.041666626930236816,3,2.342411994934082,2,0.035254690796136856,0.058834075927734375,0.01183396577835083,3,1.7354068756103516,2,0.02921709045767784,0.03900003433227539,0.01949995756149292,0.25
4,4,6,6,1.2781000137329102,5,0.09957750141620636,0.23333346843719482,0.0,6,2.3155298233032227,2,0.03797878697514534,0.07191601395606995,0.006083965301513672,6,1.6697092056274414,2,0.028947509825229645,0.03900003433227539,0.01949995756149292,0.25
2,2,5,5,0.7362771034240723,3,0.1256720870733261,0.20833337306976318,0.041666626930236816,5,2.3618600368499756,2,0.02291499264538288,0.04479104280471802,0.0022089481353759766,5,2.5611603260040283,3,0.038025353103876114,0.05900001525878906,0.011999964714050293,0.25
3,3,0,0,1.2855567932128906,5,0.10024670511484146,0.23333346843719482,0.0,0,3.3171167373657227,3,0.051021840423345566,0.10069936513900757,0.016968607902526855,0,2.6415228843688965,3,0.06595609337091446,0.11575007438659668,0.006249964237213135,0.25
5,5,0,0,0.7765679359436035,3,0.12460251897573471,0.20833337306976318,0.041666626930236816,0,2.3343701362609863,2,0.11630915850400925,0.22929102182388306,0.0052089691162109375,0,2.1387388706207275,2,0.11116868257522583,0.21100002527236938,0.01299998164176941,0.25
1,1,5,5,1.2917077541351318,5,0.10059946030378342,0.23333346843719482,0.0,5,4.284380912780762,4,0.12193130701780319,0.17968228459358215,0.06410598754882812,5,4.752418756484985,6,0.10420869290828705,0.24675001204013824,0.003249943256378174,0.25
2,2,3,3,1.594897747039795,6,0.0924835056066513,0.23809540271759033,0.0,3,3.3272368907928467,3,0.11642616987228394,0.2042381763458252,0.02994513511657715,3,2.26389217376709,3,0.1794421225786209,0.23900002241134644,0.12049996852874756,0.25
4,4,5,5,0.5341951847076416,2,0.16666670143604279,0.16666674613952637,0.16666662693023682,5,1.2674989700317383,1,0.038999997079372406,0.03900003433227539,0.038999974727630615,5,1.305866003036499,1,0.038999997079372406,0.03900003433227539,0.038999974727630615,0.25
4,4,3,3,0.7850370407104492,3,0.12534436583518982,0.20833337306976318,0.041666626930236816,3,2.2465500831604004,2,0.03927987813949585,0.07191601395606995,0.006083965301513672,3,2.3879401683807373,2,0.046581629663705826,0.08525002002716064,0.007249951362609863,0.25
7,7,0,0,1.314039945602417,5,0.11908667534589767,0.28000009059906006,0.0,0,3.361859083175659,3,0.1963849514722824,0.2987011671066284,0.09489881992340088,0,3.3218188285827637,4,0.14676956832408905,0.2955000400543213,0.023699939250946045,0.3
2,2,6,6,0.7862670421600342,3,0.14869922399520874,0.25000011920928955,0.04999995231628418,6,2.293431043624878,2,0.04596082866191864,0.08629924058914185,0.007300734519958496,6,1.695255994796753,2,0.03485145419836044,0.04680001735687256,0.023400001227855682,0.3
1,1,6,6,0.7990648746490479,3,0.14877761900424957,0.25000011920928955,0.04999995231628418,6,2.2849018573760986,2,0.04214116930961609,0.07060086727142334,0.01420079916715622,6,1.7263853549957275,2,0.03499225527048111,0.04680001735687256,0.023399949073791504,0.3
0,0,1,1,1.0022971630096436,4,0.13454918563365936,0.2700001001358032,0.029999911785125732,1,3.3742501735687256,3,0.17592334747314453,0.29435646533966064,0.05845797061920166,1,2.7711050510406494,4,0.20798803865909576,0.29790008068084717,0.11969995498657227,0.3
4,4,6,6,1.045320987701416,4,0.13381098210811615,0.2700001001358032,0.029999911785125732,6,3.194844961166382,3,0.060257360339164734,0.12083923816680908,0.020362257957458496,6,2.7612969875335693,4,0.04060749337077141,0.08040010929107666,0.001799941062927246,0.3
1,1,8,8,0.7447059154510498,3,0.1482435017824173,0.25000011920928955,0.04999995231628418,8,2.213223934173584,2,0.22611835598945618,0.2927367687225342,0.16133666038513184,8,2.4685330390930176,3,0.17330951988697052,0.2955000400543213,0.04949992895126343,0.3
4,4,0,0,1.200453758239746,5,0.11942469328641891,0.28000009059906006,0.0,0,4.212347030639648,4,0.0550970733165741,0.1136401891708374,0.00614166259765625,0,3.0002241134643555,4,0.05800705775618553,0.10950005054473877,0.00569993257522583,0.3
9,9,6,6,0.7203359603881836,3,0.14966116845607758,0.25000011920928955,0.04999995231628418,6,2.204007863998413,2,0.04186352714896202,0.07060086727142334,0.01420079916715622,6,1.6027100086212158,2,0.03487710654735565,0.04680001735687256,0.023400001227855682,0.3
5,5,7,7,0.7216880321502686,3,0.15062710642814636,0.25000011920928955,0.04999995231628418,7,2.1695520877838135,2,0.19632035493850708,0.2968008518218994,0.09679913520812988,7,3.288411855697632,7,0.19508497416973114,0.30000007152557373,0.08159995079040527,0.3
9,9,4,4,0.700249195098877,3,0.14991626143455505,0.25000011920928955,0.04999995231628418,4,2.188124179840088,2,0.15972274541854858,0.21642422676086426,0.102175772190094,4,1.999291181564331,2,0.12204642593860626,0.15510010719299316,0.08849990367889404,0.3
0,0,5,5,0.979219913482666,4,0.13558752834796906,0.2700001001358032,0.029999911785125732,5,3.1710147857666016,3,0.14877715706825256,0.29676055908203125,0.015360444784164429,5,2.3252570629119873,3,0.1888497769832611,0.2955000400543213,0.08609998226165771,0.3
6,6,1,1,1.9470889568328857,8,0.09785101562738419,0.2916668653488159,0.008333206176757812,1,5.067480087280273,5,0.11694090813398361,0.29848384857177734,0.017152786254882812,1,7.669750928878784,16,0.15671344101428986,0.30000007152557373,0.018599972128868103,0.3
9,9,4,4,0.5302190780639648,2,0.20000003278255463,0.20000004768371582,0.19999998807907104,4,1.2619621753692627,1,0.29069995880126953,0.2907000780105591,0.29069995880126953,4,1.3032050132751465,1,0.29069995880126953,0.2907000780105591,0.29069995880126953,0.3
0,0,2,2,1.5699541568756104,6,0.11107435822486877,0.28571438789367676,0.0,2,4.40169095993042,4,0.14679577946662903,0.29849112033843994,0.015492558479309082,2,4.256282806396484,7,0.1468755006790161,0.2997000515460968,0.00929996371269226,0.3
1,1,7,7,1.5871248245239258,6,0.10986604541540146,0.28571438789367676,0.0,7,3.266226053237915,3,0.16163019835948944,0.24824559688568115,0.07465285062789917,7,5.628382205963135,10,0.12442412227392197,0.2034001350402832,0.03899991512298584,0.3
5,5,9,9,1.7816219329833984,7,0.10445361584424973,0.2892858386039734,0.010714173316955566,9,10.095126867294312,9,0.13245844841003418,0.2980302572250366,0.0031980276107788086,9,5.5618860721588135,12,0.24811024963855743,0.29220008850097656,0.1985999345779419,0.3
9,9,5,5,0.7803788185119629,3,0.1499747484922409,0.25000011920928955,0.04999995231628418,5,3.5045230388641357,3,0.04565838724374771,0.09292396903038025,0.002225518226623535,5,2.891160249710083,3,0.034962546080350876,0.07050001621246338,0.000299990177154541,0.3
7,7,8,8,1.0675411224365234,4,0.13424864411354065,0.2700001001358032,0.029999911785125732,8,3.313420057296753,3,0.0873527005314827,0.17584621906280518,0.0061272382736206055,8,2.7215189933776855,3,0.12477406114339828,0.25110018253326416,0.0074999332427978516,0.3
3,3,6,6,1.5941112041473389,6,0.11030659079551697,0.28571438789367676,0.0,6,3.4256839752197266,3,0.13973847031593323,0.17647767066955566,0.10322582721710205,6,3.657670021057129,5,0.07851722091436386,0.1593000888824463,0.0020999908447265625,0.3
4,4,5,5,0.8239459991455078,3,0.14767217636108398,0.25000011920928955,0.04999995231628418,5,2.393205165863037,2,0.04120446369051933,0.07060086727142334,0.01420079916715622,5,2.246345281600952,2,0.045794565230607986,0.07050001621246338,0.02309998869895935,0.3
9,9,8,8,0.7907772064208984,3,0.14902473986148834,0.25000011920928955,0.04999995231628418,8,2.322568893432617,2,0.16948290169239044,0.2944759130477905,0.05087578296661377,8,2.6083462238311768,3,0.1723289042711258,0.2955000400543213,0.04949992895126343,0.3
6,6,2,2,0.7867670059204102,3,0.14881747961044312,0.25000011920928955,0.04999995231628418,2,2.3407931327819824,2,0.1948946863412857,0.2968008518218994,0.09679913520812988,2,2.5571231842041016,3,0.2473500519990921,0.2955000400543213,0.19529998302459717,0.3
6,6,7,7,1.6235909461975098,6,0.11127613484859467,0.28571438789367676,0.0,7,3.398258924484253,3,0.14689934253692627,0.2956136465072632,0.02138805389404297,7,4.318975925445557,8,0.15938882529735565,0.30000007152557373,0.023399949073791504,0.3
5,5,1,1,1.9111950397491455,7,0.10385841876268387,0.2892858386039734,0.010714173316955566,1,6.454467058181763,6,0.17363229393959045,0.2627754211425781,0.08443814516067505,1,4.928142786026001,8,0.16153915226459503,0.29220008850097656,0.029999971389770508,0.3
4,4,6,6,1.5315473079681396,6,0.11115843802690506,0.28571438789367676,0.0,6,4.144685983657837,4,0.1376696228981018,0.2973283529281616,0.001096189022064209,6,4.0447938442230225,5,0.1713811308145523,0.2955000400543213,0.04349982738494873,0.3
0,0,4,4,1.6179499626159668,6,0.11031474173069,0.28571438789367676,0.0,4,3.326503276824951,3,0.11130236834287643,0.22209954261779785,0.04570209980010986,4,2.136133909225464,2,0.1591041386127472,0.27360010147094727,0.04499995708465576,0.3
7,7,1,1,1.6072850227355957,6,0.11092915385961533,0.28571438789367676,0.0,1,3.3452091217041016,3,0.04777655005455017,0.09292399883270264,0.0006760358810424805,1,3.3146629333496094,4,0.15699593722820282,0.28800010681152344,0.02759993076324463,0.3
4,4,1,1,1.5305578708648682,6,0.10986243933439255,0.28571438789367676,0.0,1,3.3266780376434326,3,0.17218142747879028,0.21514064073562622,0.1302109807729721,1,3.2908549308776855,4,0.20314402878284454,0.28650009632110596,0.11789995431900024,0.3
0,0,6,6,1.3454060554504395,5,0.11969679594039917,0.28000009059906006,0.0,6,6.68921685218811,6,0.23352974653244019,0.2848012447357178,0.18379878997802734,6,3.2980542182922363,5,0.10307472199201584,0.14970004558563232,0.05609995126724243,0.3
1,1,7,7,1.5780160427093506,6,0.11087505519390106,0.28571438789367676,0.0,7,5.309563159942627,5,0.13864171504974365,0.2902272939682007,0.0012393593788146973,1,7.319202899932861,24,0.034999020397663116,0.046800076961517334,0.02339988946914673,0.3
3,3,2,2,1.5609850883483887,6,0.11150257289409637,0.28571438789367676,0.0,2,4.656264066696167,4,0.1453147977590561,0.29686105251312256,0.07825922966003418,2,3.926114082336426,6,0.1550934910774231,0.29790008068084717,0.011099934577941895,0.3
1,1,4,4,1.8541178703308105,7,0.10524653643369675,0.2892858386039734,0.010714173316955566,4,3.4314708709716797,3,0.1506851315498352,0.2976839542388916,0.016283869743347168,4,3.743946075439453,7,0.17560331523418427,0.30000007152557373,0.04499995708465576,0.3
3,3,7,7,1.5955941677093506,6,0.11119280755519867,0.28571438789367676,0.0,7,7.509409189224243,7,0.03566554933786392,0.08962392807006836,0.002213776111602783,7,6.146867990493774,10,0.21586501598358154,0.29310011863708496,0.1256999373435974,0.3
4,4,0,0,0.709191083908081,3,0.14997340738773346,0.25000011920928955,0.04999995231628418,0,2.4126977920532227,2,0.19777922332286835,0.2968008518218994,0.09679913520812988,0,1.586292028427124,2,0.2907470464706421,0.2955000400543213,0.28589993715286255,0.3
7,7,5,5,1.0625767707824707,4,0.1339576691389084,0.2700001001358032,0.029999911785125732,5,2.44423508644104,2,0.045148078352212906,0.0546492338180542,0.03604918718338013,5,2.1063199043273926,2,0.04663129895925522,0.054600030183792114,0.039000000804662704,0.3
2,2,0,0,1.0629429817199707,4,0.13329878449440002,0.2700001001358032,0.029999911785125732,0,2.304504156112671,2,0.08331774920225143,0.13153839111328125,0.03706169128417969,0,1.9814000129699707,2,0.040588464587926865,0.06570005416870117,0.01649993658065796,0.3
7,7,4,4,0.8494341373443604,3,0.14932236075401306,0.25000011920928955,0.04999995231628418,4,2.3981621265411377,2,0.15691064298152924,0.2956383228302002,0.02296161651611328,4,2.5478267669677734,3,0.1918349266052246,0.2955000400543213,0.08609986305236816,0.3
1,1,7,7,1.6260242462158203,6,0.1113194078207016,0.28571438789367676,0.0,7,3.382516860961914,3,0.14956405758857727,0.2968132495880127,0.003988325595855713,7,4.089700698852539,7,0.14784355461597443,0.29910004138946533,0.0452999472618103,0.3
2,2,0,0,1.0006639957427979,4,0.1345013529062271,0.2700001001358032,0.029999911785125732,0,3.276993989944458,3,0.1497775763273239,0.23256385326385498,0.06823784112930298,0,2.8930277824401855,3,0.07058607786893845,0.1401001214981079,0.01109987497329712,0.3
1,1,5,5,1.271791934967041,5,0.11922086030244827,0.28000009059906006,0.0,5,5.422800064086914,5,0.17466460168361664,0.2999683618545532,0.04538321495056152,5,3.773772954940796,4,0.1456451416015625,0.29220008850097656,0.000599980354309082,0.3
1,1,6,6,1.0436060428619385,4,0.1352020800113678,0.2700001001358032,0.029999911785125732,6,5.497757911682129,5,0.1298002451658249,0.2605699300765991,7.152557373046875e-06,6,4.333040952682495,6,0.1786365658044815,0.29220008850097656,0.0605999231338501,0.3
7,7,8,8,0.7922108173370361,3,0.14896363019943237,0.25000011920928955,0.04999995231628418,8,2.466668128967285,2,0.17353996634483337,0.2944759130477905,0.05087578296661377,8,3.754470109939575,7,0.16090421378612518,0.30000007152557373,0.008999943733215332,0.3
4,4,3,3,1.0757660865783691,4,0.13427892327308655,0.2700001001358032,0.029999911785125732,3,2.4359021186828613,2,0.027095135301351547,0.03662586212158203,0.018025755882263184,3,2.352220058441162,2,0.027991658076643944,0.03660005331039429,0.01979994773864746,0.3
2,2,7,7,1.3041958808898926,5,0.1194140613079071,0.28000009059906006,0.0,7,7.77673602104187,7,0.19487887620925903,0.2999962568283081,0.09360384941101074,7,3.5078961849212646,7,0.18938980996608734,0.30000007152557373,0.08159995079040527,0.3
3,3,9,9,1.6115808486938477,6,0.11055941134691238,0.28571438789367676,0.0,9,2.4268112182617188,2,0.21583914756774902,0.25523674488067627,0.1761631965637207,9,3.067674160003662,3,0.14079934358596802,0.17850005626678467,0.10289996862411499,0.3
5,5,1,1,2.1381921768188477,8,0.09692062437534332,0.2916668653488159,0.008333206176757812,1,10.52726697921753,10,0.13240638375282288,0.2658576965332031,0.0030407607555389404,1,4.308021068572998,7,0.030881933867931366,0.07680010795593262,0.002399921417236328,0.3
1,1,6,6,1.6313960552215576,6,0.11008868366479874,0.28571438789367676,0.0,6,5.493592739105225,5,0.15518611669540405,0.299157977104187,0.011018633842468262,6,3.962907314300537,4,0.17816200852394104,0.29220008850097656,0.0605999231338501,0.3
2,2,3,3,1.3439769744873047,5,0.11862748116254807,0.28000009059906006,0.0,3,3.4863340854644775,3,0.22193965315818787,0.2928886413574219,0.15168702602386475,3,4.684821605682373,8,0.16638675332069397,0.30000007152557373,0.034799933433532715,0.3
4,4,7,7,0.7843317985534668,3,0.14878292381763458,0.25000011920928955,0.04999995231628418,7,2.294426918029785,2,0.027373528108000755,0.03662586212158203,0.018025755882263184,7,2.360840082168579,2,0.11054462194442749,0.13860011100769043,0.08219993114471436,0.3
4,4,0,0,0.8526310920715332,3,0.14832985401153564,0.25000011920928955,0.04999995231628418,0,3.4004290103912354,3,0.0818968266248703,0.12359285354614258,0.039780497550964355,0,3.319406032562256,3,0.10332613438367844,0.17790007591247559,0.027899980545043945,0.3
7,7,8,8,0.8059940338134766,3,0.17247028648853302,0.29166674613952637,0.05833327770233154,8,2.3725690841674805,2,0.08838560432195663,0.12200510501861572,0.05620509386062622,8,1.9810421466827393,2,0.06079630181193352,0.09835004806518555,0.02484998106956482,0.35
2,2,5,5,0.7664239406585693,3,0.1718936264514923,0.29166674613952637,0.05833327770233154,5,2.3963468074798584,2,0.14434736967086792,0.22179889678955078,0.06849884986877441,5,2.1423909664154053,2,0.1271425187587738,0.18585002422332764,0.06964999437332153,0.35
1,1,6,6,0.8046829700469971,3,0.17407310009002686,0.29166674613952637,0.05833327770233154,6,2.264853000640869,2,0.05297473073005676,0.06375741958618164,0.04205739498138428,6,1.741765022277832,2,0.041034698486328125,0.05460000038146973,0.027300000190734863,0.35
0,0,9,9,1.8244242668151855,7,0.12131928652524948,0.33750009536743164,0.012499868869781494,9,2.2891767024993896,2,0.03297882899641991,0.06270742416381836,0.0030925869941711426,9,2.3739709854125977,2,0.032978639006614685,0.06265002489089966,0.0031499862670898438,0.35
4,4,8,8,0.790057897567749,3,0.1755363792181015,0.29166674613952637,0.05833327770233154,8,2.3146488666534424,2,0.18582653999328613,0.26283636689186096,0.10886365175247192,8,2.1916396617889404,2,0.09237808734178543,0.16414999961853027,0.020649969577789307,0.35
1,1,3,3,1.8595190048217773,7,0.12124554812908173,0.33750009536743164,0.012499868869781494,5,25.547267198562622,24,0.2551775276660919,0.3500000238418579,0.10920000076293945,3,4.637108087539673,7,0.18256622552871704,0.34755003452301025,0.014349937438964844,0.35
4,4,1,1,1.0944240093231201,4,0.1574651300907135,0.315000057220459,0.034999966621398926,1,3.448582887649536,3,0.14191873371601105,0.282390832901001,0.024531960487365723,1,3.560271739959717,4,0.12147107720375061,0.27475011348724365,0.02134990692138672,0.35
9,9,7,7,1.0435638427734375,4,0.15787620842456818,0.315000057220459,0.034999966621398926,7,3.4005191326141357,3,0.17240862548351288,0.3480181097984314,0.019718050956726074,7,1.8986880779266357,3,0.3390307128429413,0.34755003452301025,0.3307499587535858,0.35
5,5,1,1,1.0756940841674805,4,0.15770788490772247,0.315000057220459,0.034999966621398926,1,2.389859914779663,2,0.20056582987308502,0.34355512261390686,0.05935502052307129,1,3.7843542098999023,8,0.3339437246322632,0.3500000238418579,0.30729997158050537,0.35
9,9,4,4,0.8066496849060059,3,0.17432263493537903,0.29166674613952637,0.05833327770233154,4,2.3645448684692383,2,0.1645764261484146,0.22808241844177246,0.10021758079528809,4,2.1945369243621826,2,0.2160530537366867,0.33565008640289307,0.09484994411468506,0.35
0,0,9,9,0.8233320713043213,3,0.17340189218521118,0.29166674613952637,0.05833327770233154,9,2.425212860107422,2,0.18255211412906647,0.33456993103027344,0.03713005781173706,9,2.3978190422058105,2,0.18544383347034454,0.31710004806518555,0.05949997901916504,0.35
6,6,3,3,1.3109519481658936,5,0.14019811153411865,0.3266667425632477,0.0,3,3.232891082763672,3,0.18794943392276764,0.34399282932281494,0.03155750036239624,3,5.07750129699707,11,0.22243604063987732,0.3500000238418579,0.09519994258880615,0.35
9,9,7,7,0.8195650577545166,3,0.17393513023853302,0.29166674613952637,0.05833327770233154,7,2.388943910598755,2,0.18583522737026215,0.3449113965034485,0.026788651943206787,7,2.0481958389282227,3,0.33916279673576355,0.34755003452301025,0.3307499587535858,0.35
0,0,9,9,0.8144729137420654,3,0.17387931048870087,0.29166674613952637,0.05833327770233154,9,2.4640378952026367,2,0.19537433981895447,0.2948886752128601,0.09818863868713379,9,1.9367549419403076,2,0.272554486989975,0.3405500650405884,0.20614993572235107,0.35
1,1,7,7,1.3690598011016846,5,0.13734005391597748,0.3266667425632477,0.0,7,4.372323036193848,4,0.054752036929130554,0.11590051651000977,0.0076613277196884155,7,4.179955959320068,5,0.033437471836805344,0.07280004024505615,0.0069999098777771,0.35
5,5,0,0,0.7860949039459229,3,0.17444820702075958,0.29166674613952637,0.05833327770233154,0,2.393528938293457,2,0.23041383922100067,0.3462676405906677,0.11293238401412964,0,3.697664976119995,7,0.24953849613666534,0.3500000238418579,0.13719993829727173,0.35
9,9,1,1,1.2368628978729248,5,0.1417389214038849,0.3266667425632477,0.0,1,5.6543591022491455,5,0.1767241358757019,0.3499554395675659,0.016468167304992676,1,5.8168981075286865,14,0.202398419380188,0.3500000238418579,0.05249994993209839,0.35
7,7,4,4,1.2636218070983887,5,0.1403568536043167,0.3266667425632477,0.0,4,3.5688540935516357,3,0.20449227094650269,0.34341585636138916,0.06820094585418701,4,2.920653820037842,4,0.2413904070854187,0.34755003452301025,0.13964995741844177,0.35
3,3,4,4,1.286651849746704,5,0.13798488676548004,0.3266667425632477,0.0,4,4.2255859375,4,0.08940163254737854,0.12103545665740967,0.05793265998363495,4,2.8744750022888184,4,0.05390193685889244,0.09835004806518555,0.009449958801269531,0.35
4,4,1,1,1.3403730392456055,5,0.13950645923614502,0.3266667425632477,0.0,1,4.447120904922485,4,0.1852724850177765,0.3466457724571228,0.025054216384887695,1,4.139326333999634,7,0.290447473526001,0.3409000635147095,0.23170000314712524,0.35
9,9,8,8,0.7978038787841797,3,0.17229512333869934,0.29166674613952637,0.05833327770233154,8,2.392620801925659,2,0.19878919422626495,0.34355512261390686,0.05935502052307129,8,2.5248289108276367,3,0.1811419129371643,0.3447500467300415,0.01574993133544922,0.35
6,6,9,9,1.3690409660339355,5,0.14156252145767212,0.3266667425632477,0.0,9,9.048050165176392,8,0.20398877561092377,0.3499678373336792,0.0004451274871826172,9,7.372334241867065,19,0.2435801774263382,0.3500000238418579,0.13719995319843292,0.35
6,6,8,8,0.7997791767120361,3,0.17519070208072662,0.29166674613952637,0.05833327770233154,8,1.2947769165039062,1,0.05460000038146973,0.05460000038146973,0.05460000038146973,8,1.3525290489196777,1,0.05460000038146973,0.05460000038146973,0.05460000038146973,0.35
5,5,9,9,0.8303871154785156,3,0.1749395728111267,0.29166674613952637,0.05833327770233154,9,1.243319034576416,1,0.07665003091096878,0.07665002346038818,0.07664996385574341,9,1.3853580951690674,1,0.07665003091096878,0.07665002346038818,0.07664996385574341,0.35
4,4,1,1,1.334684133529663,5,0.1376885175704956,0.3266667425632477,0.0,1,5.336273908615112,5,0.20801186561584473,0.3472243547439575,0.06881088018417358,1,4.286534070968628,7,0.29742369055747986,0.3402000665664673,0.255499929189682,0.35
0,0,2,2,0.4898240566253662,2,0.23333334922790527,0.23333337903022766,0.2333332896232605,2,1.3467872142791748,1,0.05460000038146973,0.05460000038146973,0.05460000038146973,2,1.3179540634155273,1,0.05460000038146973,0.05460000038146973,0.05460000038146973,0.35
7,7,3,3,1.0834009647369385,4,0.15805108845233917,0.315000057220459,0.034999966621398926,3,2.3764617443084717,2,0.03329209238290787,0.06270742416381836,0.0030925869941711426,3,2.4108059406280518,2,0.033291302621364594,0.06265002489089966,0.0031499862670898438,0.35
4,4,6,6,1.3097667694091797,5,0.13877420127391815,0.3266667425632477,0.0,6,3.484508991241455,3,0.09923844039440155,0.14419162273406982,0.05250835418701172,6,1.8318431377410889,2,0.04053649306297302,0.05460000038146973,0.027300000190734863,0.35
0,0,6,6,1.517543077468872,6,0.12820051610469818,0.33333343267440796,0.0,6,6.381285190582275,6,0.20600570738315582,0.31202614307403564,0.10377392172813416,6,5.341226100921631,10,0.17304708063602448,0.32235002517700195,0.02274996042251587,0.35
1,1,4,4,1.0821549892425537,4,0.15556269884109497,0.315000057220459,0.034999966621398926,4,5.283982753753662,5,0.1427125185728073,0.3228093385696411,0.017176389694213867,4,3.7778031826019287,6,0.2859859764575958,0.3409000635147095,0.23169997334480286,0.35
3,3,7,7,0.7970049381256104,3,0.1743195503950119,0.29166674613952637,0.05833327770233154,7,2.327317714691162,2,0.24994274973869324,0.3346574306488037,0.1686425507068634,7,1.6978123188018799,2,0.2945577800273895,0.33635008335113525,0.2544499635696411,0.35
1,1,5,5,1.0560462474822998,4,0.15832963585853577,0.315000057220459,0.034999966621398926,5,3.4015250205993652,3,0.1876794546842575,0.3460090160369873,0.030705779790878296,5,3.5774776935577393,4,0.1690775752067566,0.3447500467300415,0.08294996619224548,0.35
3,3,2,2,0.8652122020721436,3,0.1749473214149475,0.29166674613952637,0.05833327770233154,2,2.4158921241760254,2,0.18347036838531494,0.3449113965034485,0.026788651943206787,2,2.709583044052124,3,0.2029581069946289,0.3447500467300415,0.057749927043914795,0.35
4,4,3,3,0.7966699600219727,3,0.1759781539440155,0.29166674613952637,0.05833327770233154,3,1.3776061534881592,1,0.010849989019334316,0.010850012302398682,0.010849952697753906,3,1.3147268295288086,1,0.010849989019334316,0.010850012302398682,0.010849952697753906,0.35
7,7,1,1,0.7814128398895264,3,0.1744590401649475,0.29166674613952637,0.05833327770233154,1,2.405466318130493,2,0.2079668641090393,0.23006761074066162,0.18573236465454102,1,2.354228973388672,2,0.2864646911621094,0.3409000635147095,0.23169997334480286,0.35
2,2,7,7,0.8261768817901611,3,0.17530229687690735,0.29166674613952637,0.05833327770233154,7,2.382209062576294,2,0.2954813241958618,0.3175676167011261,0.2732323408126831,7,2.2042248249053955,2,0.13338211178779602,0.1421000063419342,0.12459999322891235,0.35
7,7,9,9,1.0441107749938965,4,0.15619002282619476,0.315000057220459,0.034999966621398926,9,3.4413650035858154,3,0.18568992614746094,0.2677057385444641,0.10399425029754639,9,2.9885241985321045,3,0.1036270260810852,0.20720002055168152,0.011899888515472412,0.35
1,1,4,4,1.061931848526001,4,0.15755443274974823,0.315000057220459,0.034999966621398926,4,3.1457929611206055,3,0.2064829021692276,0.34341585636138916,0.06820094585418701,4,2.737515687942505,4,0.26319047808647156,0.34755003452301025,0.18234992027282715,0.35
2,2,3,3,0.7662949562072754,3,0.1755363792181015,0.29166674613952637,0.05833327770233154,3,2.3963351249694824,2,0.1866745501756668,0.273013710975647,0.0986863374710083,3,2.1115798950195312,2,0.12829962372779846,0.18585002422332764,0.06964993476867676,0.35
1,1,0,0,1.0198650360107422,4,0.15732330083847046,0.315000057220459,0.034999966621398926,0,3.1400601863861084,3,0.05404038354754448,0.1075250506401062,0.00858980417251587,0,3.158968925476074,3,0.20149801671504974,0.28070002794265747,0.12179994583129883,0.35
1,1,8,8,0.7641751766204834,3,0.17481711506843567,0.29166674613952637,0.05833327770233154,8,3.317803144454956,3,0.1301526427268982,0.2591160833835602,0.015280842781066895,8,2.50850510597229,4,0.0308500025421381,0.05460000038146973,0.006999969482421875,0.35
7,7,3,3,0.8204097747802734,3,0.17552241683006287,0.29166674613952637,0.05833327770233154,3,2.43176007270813,2,0.28671926259994507,0.340842604637146,0.23164254426956177,3,2.6368820667266846,3,0.20338575541973114,0.3447500467300415,0.057749927043914795,0.35
4,4,9,9,0.5142898559570312,2,0.23333334922790527,0.23333337903022766,0.2333332896232605,9,1.2840731143951416,1,0.07665003091096878,0.07665002346038818,0.07664996385574341,9,1.306427001953125,1,0.07665003091096878,0.07665002346038818,0.07664996385574341,0.35
2,2,8,8,0.9529221057891846,4,0.1573665589094162,0.315000057220459,0.034999966621398926,8,2.289602756500244,2,0.24764247238636017,0.2805551290512085,0.21475505828857422,8,2.03470516204834,2,0.2733389437198639,0.30205005407333374,0.2446499466896057,0.35
3,3,7,7,1.0630950927734375,4,0.15780694782733917,0.315000057220459,0.034999966621398926,7,3.3028390407562256,3,0.14336003363132477,0.22383880615234375,0.06036114692687988,7,2.8403263092041016,3,0.05132178217172623,0.1008000373840332,0.00839996337890625,0.35
5,5,4,4,1.3635447025299072,5,0.14005085825920105,0.3266667425632477,0.0,4,3.165043830871582,3,0.17475944757461548,0.2579345703125,0.0931992381811142,4,3.660410165786743,5,0.10953658074140549,0.22960007190704346,0.028699934482574463,0.35
1,1,7,7,1.2680141925811768,5,0.13882164657115936,0.3266667127609253,0.0,7,3.307036876678467,3,0.14718161523342133,0.2932116985321045,0.05241161584854126,7,2.759549140930176,3,0.16693374514579773,0.3349500894546509,0.019249916076660156,0.35
2,2,7,7,1.028151035308838,4,0.15712009370326996,0.315000057220459,0.034999966621398926,7,3.316171884536743,3,0.11990205943584442,0.20190536975860596,0.03795933723449707,7,2.842647075653076,3,0.19377174973487854,0.2485000193119049,0.13929998874664307,0.35
4,4,9,9,0.5080208778381348,2,0.23333334922790527,0.23333337903022766,0.2333332896232605,9,1.3244929313659668,1,0.03289997577667236,0.03290000557899475,0.03289997577667236,9,1.2157230377197266,1,0.03289997577667236,0.03290000557899475,0.03289997577667236,0.35
4,4,7,7,1.3847060203552246,5,0.13762123882770538,0.3266667425632477,0.0,7,2.372814178466797,2,0.03201501443982124,0.04273010790348053,0.021030068397521973,7,2.3074679374694824,2,0.03302185237407684,0.04270000755786896,0.023099958896636963,0.35
7,7,3,3,0.7563471794128418,3,0.19799457490444183,0.3333333730697632,0.0666666030883789,3,2.330808639526367,2,0.06177511066198349,0.11506563425064087,0.009734392166137695,3,1.8414440155029297,2,0.0466148816049099,0.06240001320838928,0.031199932098388672,0.4
2,2,7,7,0.7795960903167725,3,0.1983400285243988,0.3333333730697632,0.0666666030883789,7,2.3755860328674316,2,0.26285168528556824,0.39573442935943604,0.12906551361083984,7,3.655399799346924,7,0.21096879243850708,0.40000009536743164,0.011999934911727905,0.4
1,1,5,5,1.279670000076294,5,0.16240929067134857,0.3733334243297577,0.0,5,3.40358567237854,3,0.2604221999645233,0.38186585903167725,0.14293408393859863,5,2.9480650424957275,3,0.10586684197187424,0.21240001916885376,0.018799901008605957,0.4
0,0,8,8,1.4379041194915771,5,0.16209715604782104,0.3733334243297577,0.0,8,2.4136929512023926,2,0.03793901950120926,0.07166564464569092,0.003534376621246338,8,2.5491180419921875,2,0.03793835639953613,0.07160007953643799,0.0035999715328216553,0.4
4,4,1,1,1.0638220310211182,4,0.18073076009750366,0.3600000739097595,0.039999961853027344,1,3.4866209030151367,3,0.13783948123455048,0.2777947783470154,0.0010740160942077637,1,2.603517770767212,3,0.21053706109523773,0.3852000832557678,0.03959989547729492,0.4
1,1,7,7,1.412858009338379,5,0.15884461998939514,0.3733334243297577,0.0,7,3.4100379943847656,3,0.15996694564819336,0.31649941205978394,0.0019681453704833984,7,3.0869369506835938,3,0.13283395767211914,0.2624000310897827,0.022399961948394775,0.4
4,4,3,3,1.0439469814300537,4,0.17748989164829254,0.3600000739097595,0.039999961853027344,3,3.300011157989502,3,0.18722596764564514,0.3782638907432556,0.10306379199028015,3,3.331078290939331,5,0.19789083302021027,0.3532000780105591,0.047599971294403076,0.4
9,9,0,0,1.112170934677124,4,0.1790088266134262,0.3600000739097595,0.039999961853027344,0,3.248006820678711,3,0.050719015300273895,0.10252904891967773,0.027328968048095703,0,2.5200932025909424,3,0.03538338094949722,0.07160007953643799,0.0035999715328216553,0.4
5,5,8,8,0.5573163032531738,2,0.2666666507720947,0.2666667103767395,0.2666666507720947,8,1.3226642608642578,1,0.13759994506835938,0.13760001957416534,0.13759994506835938,8,1.2941529750823975,1,0.13759994506835938,0.13760001957416534,0.13759994506835938,0.4
9,9,7,7,0.7953670024871826,3,0.20086270570755005,0.3333333730697632,0.0666666030883789,7,2.322183847427368,2,0.28829967975616455,0.34031563997268677,0.2348843812942505,7,2.247576951980591,2,0.18777520954608917,0.2008000612258911,0.1743999719619751,0.4
0,0,2,2,1.0352721214294434,4,0.1800951361656189,0.3600000739097595,0.039999961853027344,2,3.2566609382629395,3,0.04056918993592262,0.08184398710727692,0.00897514820098877,2,3.5291152000427246,4,0.025863265618681908,0.05960002541542053,0.0003999471664428711,0.4
6,6,2,2,1.0116839408874512,4,0.17912787199020386,0.3600000739097595,0.039999961853027344,2,3.0795986652374268,3,0.19704276323318481,0.3951681852340698,0.09310060739517212,2,3.4292407035827637,7,0.22530876100063324,0.40000009536743164,0.05999988317489624,0.4
9,9,0,0,1.1780717372894287,5,0.157913476228714,0.3733334243297577,0.0,0,3.250394821166992,3,0.23489291965961456,0.39247527718544006,0.07794392108917236,0,6.1639227867126465,11,0.15787233412265778,0.40000003576278687,5.960464477539063e-08,0.4
0,0,7,7,1.8531060218811035,7,0.13622790575027466,0.3857143521308899,0.014285564422607422,7,3.2467422485351562,3,0.20011131465435028,0.39424747228622437,0.03462129831314087,7,3.6200520992279053,7,0.2117198258638382,0.40000009536743164,0.011999934911727905,0.4
1,1,9,9,1.667262077331543,6,0.14737330377101898,0.38095247745513916,0.0,9,4.502624034881592,4,0.10555630922317505,0.17208188772201538,0.03899651765823364,9,4.069713115692139,5,0.04681911692023277,0.08320009708404541,0.010399818420410156,0.4
5,5,7,7,0.8090338706970215,3,0.19902737438678741,0.3333333730697632,0.0666666030883789,7,2.43168306350708,2,0.03763938695192337,0.07166564464569092,0.003534376621246338,7,2.407822847366333,2,0.037639304995536804,0.07160007953643799,0.0035999715328216553,0.4
9,9,7,7,1.606454610824585,6,0.14738419651985168,0.38095247745513916,0.0,7,2.3738720417022705,2,0.2859271764755249,0.3965156078338623,0.17868435382843018,7,3.6013998985290527,7,0.2053205817937851,0.40000009536743164,0.011999845504760742,0.4
7,7,3,3,0.784998893737793,3,0.1982780247926712,0.3333333730697632,0.0666666030883789,3,3.2251970767974854,3,0.19215430319309235,0.2565491199493408,0.12831974029541016,3,1.922834873199463,2,0.046600788831710815,0.06240001320838928,0.031199932098388672,0.4
3,3,2,2,1.045684814453125,4,0.1773299127817154,0.3600000739097595,0.039999961853027344,2,2.365828037261963,2,0.03876996040344238,0.04883444309234619,0.026365578174591064,2,2.4259860515594482,2,0.06169132888317108,0.07280004024505615,0.04799997806549072,0.4
4,4,6,6,1.3576979637145996,5,0.15937146544456482,0.3733334243297577,0.0,6,4.523838996887207,4,0.18579868972301483,0.334337055683136,0.040862977504730225,6,2.2489981651306152,2,0.07293214648962021,0.136400043964386,0.011599957942962646,0.4
9,9,6,6,5.056231260299683,19,0.0877690389752388,0.39789485931396484,0.0021049976348876953,1,24.852370023727417,24,0.3886210024356842,0.40000003576278687,0.37519991397857666,6,3.927846908569336,6,0.2655807435512543,0.3208000659942627,0.21039998531341553,0.4
6,6,0,0,1.0827410221099854,4,0.17881110310554504,0.3600000739097595,0.039999961853027344,0,2.5471019744873047,2,0.27872467041015625,0.3910844326019287,0.16628432273864746,0,2.6105000972747803,3,0.20959430932998657,0.39400002360343933,0.01799994707107544,0.4
6,6,4,4,0.805487871170044,3,0.19821779429912567,0.3333333730697632,0.0666666030883789,4,2.412609100341797,2,0.2772551476955414,0.3910844326019287,0.16628432273864746,4,3.6076290607452393,7,0.2081199437379837,0.40000009536743164,0.011999964714050293,0.4
5,5,8,8,1.0705499649047852,4,0.18138763308525085,0.3600000739097595,0.039999961853027344,8,2.286588191986084,2,0.08776386082172394,0.116965651512146,0.058234333992004395,8,2.4081430435180664,2,0.07940980792045593,0.11680006980895996,0.041599929332733154,0.4
4,4,6,6,1.5454061031341553,6,0.1466062217950821,0.38095247745513916,0.0,6,4.540860891342163,4,0.18183331191539764,0.3990694284439087,0.0009598135948181152,6,5.749709129333496,14,0.3308139741420746,0.3988000154495239,0.25559985637664795,0.4
0,0,3,3,1.2605948448181152,5,0.16051658987998962,0.3733334243297577,0.0,3,2.396271228790283,2,0.2629483938217163,0.32606565952301025,0.20126557350158691,3,2.1430180072784424,2,0.17402775585651398,0.31240004301071167,0.03879997134208679,0.4
7,7,9,9,0.7952940464019775,3,0.197078675031662,0.3333333730697632,0.0666666030883789,9,2.2454421520233154,2,0.0560138076543808,0.09413442015647888,0.01893436908721924,9,1.590264081954956,2,0.04658399894833565,0.06240001320838928,0.031199932098388672,0.4
4,4,6,6,1.8385708332061768,7,0.13669198751449585,0.3857143521308899,0.014285564422607422,6,2.286945104598999,2,0.03620310500264168,0.04883444309234619,0.02403438091278076,6,3.202130079269409,3,0.12284810841083527,0.1696000099182129,0.07199996709823608,0.4
0,0,1,1,2.24455189704895,8,0.13915593922138214,0.38888901472091675,0.011110961437225342,1,4.4293739795684814,4,0.23674899339675903,0.3943678140640259,0.06610095500946045,1,2.616204023361206,3,0.02451453171670437,0.0488000214099884,0.011199951171875,0.4
1,1,0,0,1.5933911800384521,6,0.15829738974571228,0.38095247745513916,0.0,0,2.4067089557647705,2,0.037920914590358734,0.07166564464569092,0.003534376621246338,0,2.3707361221313477,2,0.03792029246687889,0.07160007953643799,0.0035999715328216553,0.4
3,3,5,5,0.7661168575286865,3,0.19902384281158447,0.3333333730697632,0.0666666030883789,5,2.375478982925415,2,0.16152189671993256,0.3182656168937683,0.0065343379974365234,5,1.9399380683898926,2,0.26172178983688354,0.38280004262924194,0.1419999897480011,0.4
1,1,6,6,2.124943256378174,8,0.12863491475582123,0.388888955116272,0.011110961437225342,1,24.055498838424683,24,0.3166341483592987,0.40000003576278687,0.2247999906539917,5,9.370733976364136,24,0.17085133492946625,0.40000003576278687,0.0,0.4
3,3,2,2,0.8132028579711914,3,0.19825853407382965,0.3333333730697632,0.0666666030883789,2,2.330479860305786,2,0.03810512274503708,0.07166564464569092,0.003534376621246338,2,2.319166898727417,2,0.05735752359032631,0.09440004825592041,0.01919996738433838,0.4
4,4,2,2,0.5231046676635742,2,0.2666666507720947,0.2666667103767395,0.2666666507720947,2,1.2768073081970215,1,0.062399979680776596,0.06240001320838928,0.062399983406066895,2,1.1832671165466309,1,0.062399979680776596,0.06240001320838928,0.062399983406066895,0.4
7,7,0,0,1.758357048034668,7,0.14005406200885773,0.3857143819332123,0.014285564422607422,0,3.394550085067749,3,0.1953405737876892,0.3944427967071533,0.019242703914642334,0,3.238011121749878,5,0.2556237578392029,0.39400002360343933,0.11479997634887695,0.4
2,2,8,8,0.7981219291687012,3,0.19878114759922028,0.3333333730697632,0.0666666030883789,8,1.3279070854187012,1,0.0875999853014946,0.08760000765323639,0.0875999927520752,8,1.3424692153930664,1,0.0875999853014946,0.08760000765323639,0.0875999927520752,0.4
7,7,1,1,1.861332893371582,7,0.13778431713581085,0.3857143521308899,0.014285564422607422,1,2.3982510566711426,2,0.2229534387588501,0.33701562881469727,0.11221557855606079,1,2.341459274291992,3,0.31130608916282654,0.39440006017684937,0.2303999662399292,0.4
1,1,6,6,1.2999770641326904,5,0.15781711041927338,0.3733334243297577,0.0,6,3.3931117057800293,3,0.2307678461074829,0.39263027906417847,0.06809896230697632,6,2.7362828254699707,4,0.25211650133132935,0.3972000479698181,0.11159992218017578,0.4
2,2,7,7,1.6296758651733398,6,0.1453481912612915,0.38095247745513916,0.0,7,2.385279893875122,2,0.23890888690948486,0.39496564865112305,0.08023437857627869,7,2.168161153793335,4,0.3876706063747406,0.3988000750541687,0.3763998746871948,0.4
1,1,8,8,0.813107967376709,3,0.20075640082359314,0.3333333730697632,0.0666666030883789,8,1.3505780696868896,1,0.0875999853014946,0.08760000765323639,0.0875999927520752,8,1.2864840030670166,1,0.0875999853014946,0.08760000765323639,0.0875999927520752,0.4
1,1,5,5,1.2913217544555664,5,0.16744577884674072,0.3733334243297577,0.0,5,4.508846044540405,4,0.22007736563682556,0.3221309185028076,0.11770379543304443,5,3.487791061401367,4,0.057556282728910446,0.11360001564025879,0.0,0.4
7,7,1,1,1.4778821468353271,6,0.14955003559589386,0.38095247745513916,0.0,1,2.3780980110168457,2,0.3875303864479065,0.39961564540863037,0.37558436393737793,1,2.3474040031433105,2,0.3755304515361786,0.38760003447532654,0.36359989643096924,0.4
4,4,0,0,1.2836589813232422,5,0.15866708755493164,0.3733334243297577,0.0,0,3.3814752101898193,3,0.1313372403383255,0.20568221807479858,0.05995088815689087,0,2.9831082820892334,3,0.16122566163539886,0.21880000829696655,0.10599997639656067,0.4
2,2,1,1,1.0752556324005127,4,0.18106770515441895,0.3600000739097595,0.039999961853027344,1,3.566495895385742,3,0.3130705952644348,0.38675808906555176,0.23804187774658203,1,2.0256969928741455,3,0.3376728892326355,0.3532000780105591,0.3219999670982361,0.4
3,3,4,4,0.8056650161743164,3,0.198081374168396,0.3333333730697632,0.0666666030883789,4,2.3060121536254883,2,0.2789725959300995,0.3910844326019287,0.16628432273864746,4,1.7740669250488281,3,0.38761258125305176,0.3972000479698181,0.3779999017715454,0.4
5,5,1,1,1.0138728618621826,4,0.18138021230697632,0.3600000739097595,0.039999961853027344,1,5.619230031967163,5,0.2489379346370697,0.39279794692993164,0.10416173934936523,1,4.511437892913818,7,0.3219449818134308,0.3972000479698181,0.23959994316101074,0.4
1,1,0,0,0.7943999767303467,3,0.19918859004974365,0.3333333730697632,0.0666666030883789,0,2.3134472370147705,2,0.037793729454278946,0.07166564464569092,0.003534376621246338,0,2.2711219787597656,2,0.05701381713151932,0.09440004825592041,0.01919996738433838,0.4
2,2,6,6,1.2366938591003418,5,0.16268424689769745,0.3733334243297577,0.0,6,3.3962349891662598,3,0.14362813532352448,0.28850257396698,0.009833753108978271,6,3.400387763977051,3,0.1823921501636505,0.36600005626678467,0.017199963331222534,0.4
4,4,2,2,1.1345551013946533,4,0.1759183704853058,0.3600000739097595,0.039999961853027344,2,2.3810958862304688,2,0.03634479269385338,0.04883444309234619,0.02403438091278076,2,1.9179859161376953,3,0.019492438063025475,0.037600040435791016,0.0,0.4
4,4,3,3,1.0802209377288818,4,0.1796083003282547,0.3600000739097595,0.039999961853027344,3,2.3325870037078857,2,0.03786524385213852,0.07166564464569092,0.003534376621246338,3,2.327662944793701,2,0.03786472976207733,0.07160007953643799,0.0035999715328216553,0.4
7,7,5,5,1.0279669761657715,4,0.20301303267478943,0.40500009059906006,0.04499995708465576,5,6.435762166976929,6,0.29378795623779297,0.4441944360733032,0.14620554447174072,5,2.966747999191284,4,0.3737213611602783,0.41175007820129395,0.32714998722076416,0.45
2,2,3,3,0.7975621223449707,3,0.22258250415325165,0.3750000596046448,0.07499992847442627,3,2.3412439823150635,2,0.042925797402858734,0.0806238055229187,0.003976196050643921,3,2.217907190322876,2,0.04292457178235054,0.08055001497268677,0.004049956798553467,0.45
1,1,6,6,1.3007490634918213,5,0.17714247107505798,0.4200000762939453,0.0,6,2.1846821308135986,2,0.04092010483145714,0.054938703775405884,0.02703869342803955,6,2.2060558795928955,2,0.04223804548382759,0.05490000545978546,0.029699981212615967,0.45
0,0,5,5,1.3078269958496094,5,0.1809546798467636,0.4200000762939453,0.0,5,3.233236074447632,3,0.26577889919281006,0.4466358423233032,0.08796417713165283,5,4.1636130809783936,9,0.31153756380081177,0.4500000476837158,0.17639994621276855,0.45
4,4,7,7,1.9671571254730225,8,0.14533592760562897,0.4375002384185791,0.012499809265136719,7,2.1813418865203857,2,0.2961826026439667,0.4452012777328491,0.14519870281219482,7,3.2473580837249756,7,0.36792805790901184,0.4500000476837158,0.2861999273300171,0.45
1,1,0,0,1.542752981185913,6,0.16600653529167175,0.42857158184051514,0.0,0,3.2893478870391846,3,0.22384639084339142,0.4439969062805176,0.06870073080062866,0,4.186070203781128,9,0.3197517395019531,0.4500000476837158,0.17639994621276855,0.45
4,4,7,7,1.0456299781799316,4,0.20332632958889008,0.40500009059906006,0.04499995708465576,7,3.2026400566101074,3,0.195077046751976,0.27676260471343994,0.11551493406295776,7,3.0461859703063965,3,0.18072904646396637,0.23895001411437988,0.12554991245269775,0.45
9,9,6,6,0.7705557346343994,3,0.22275789082050323,0.3750000596046448,0.07499992847442627,6,2.370046377182007,2,0.04088247939944267,0.054938703775405884,0.02703869342803955,6,2.3528802394866943,2,0.04200877621769905,0.08055001497268677,0.004049956798553467,0.45
5,5,8,8,0.5157439708709717,2,0.30000001192092896,0.30000007152557373,0.2999999523162842,8,1.300001859664917,1,0.1264500468969345,0.1264500617980957,0.12644994258880615,8,1.3235998153686523,1,0.1264500468969345,0.1264500617980957,0.12644994258880615,0.45
9,9,4,4,0.7884559631347656,3,0.2238859385251999,0.3750000596046448,0.07499992847442627,4,2.2439351081848145,2,0.1831400841474533,0.2578113079071045,0.10758864879608154,4,2.299269914627075,2,0.22304093837738037,0.34875011444091797,0.09584993124008179,0.45
0,0,6,6,1.3807101249694824,5,0.17845188081264496,0.4200000762939453,0.0,5,25.74059295654297,24,0.1995483636856079,0.4500000476837158,0.013117969036102295,6,3.4396040439605713,4,0.20982128381729126,0.3532501459121704,0.052649855613708496,0.45
6,6,3,3,1.3961639404296875,5,0.18078486621379852,0.4200000762939453,0.0,3,13.111402034759521,12,0.2188621312379837,0.4499993324279785,0.00016874074935913086,3,6.097789287567139,14,0.2206595540046692,0.4500000476837158,0.0665997862815857,0.45
9,9,4,4,0.5412478446960449,2,0.30000001192092896,0.30000007152557373,0.2999999523162842,4,1.3801968097686768,1,0.3235500454902649,0.3235499858856201,0.32354986667633057,4,1.4127190113067627,1,0.3235500454902649,0.3235499858856201,0.32354986667633057,0.45
0,0,2,2,3.6034328937530518,13,0.11805471032857895,0.4450550079345703,0.0,2,9.034061908721924,8,0.20285679399967194,0.4498850107192993,0.0001278519630432129,5,8.929919004440308,24,0.31953680515289307,0.45000016689300537,0.17639988660812378,0.45
1,1,8,8,0.8229129314422607,3,0.22590281069278717,0.3750000596046448,0.07499992847442627,8,2.510711193084717,2,0.09984058141708374,0.17551755905151367,0.021582365036010742,8,2.2527730464935303,2,0.11145243793725967,0.2083500623703003,0.011249899864196777,0.45
5,5,7,7,0.8476653099060059,3,0.2245057225227356,0.3750000596046448,0.07499992847442627,7,2.514354944229126,2,0.04188348352909088,0.0806238055229187,0.003976196050643921,7,1.6904706954956055,2,0.020920127630233765,0.04230000078678131,0.0,0.45
9,9,7,7,1.3456871509552002,5,0.1746181696653366,0.4200000762939453,0.0,7,2.4470810890197754,2,0.2669142782688141,0.44433629512786865,0.09026360511779785,7,2.113280773162842,4,0.4359806180000305,0.4486500024795532,0.42344993352890015,0.45
7,7,2,2,0.7863290309906006,3,0.22340361773967743,0.3750000596046448,0.07499992847442627,2,2.5020978450775146,2,0.06799004971981049,0.0819738507270813,0.0540737509727478,2,2.326313018798828,2,0.07017167657613754,0.08190000057220459,0.058499932289123535,0.45
3,3,2,2,1.0961079597473145,4,0.20075057446956635,0.40500009059906006,0.04499995708465576,2,2.513890027999878,2,0.04326706379652023,0.054938703775405884,0.02966129034757614,2,2.470064878463745,2,0.042017437517642975,0.05490005016326904,0.026999950408935547,0.45
4,4,3,3,1.6575069427490234,6,0.16746313869953156,0.42857158184051514,0.0,3,8.537853002548218,8,0.21541854739189148,0.44998955726623535,0.0020548105239868164,1,8.845811128616333,24,0.41640961170196533,0.45000016689300537,0.3689999580383301,0.45
9,9,7,7,0.5015969276428223,2,0.30000001192092896,0.30000007152557373,0.2999999523162842,7,1.2032740116119385,1,0.4360499382019043,0.43605005741119385,0.4360499382019043,7,1.233825922012329,1,0.4360499382019043,0.43605005741119385,0.4360499382019043,0.45
6,6,9,9,1.266875982284546,5,0.17807598412036896,0.4200000762939453,0.0,9,6.9448401927948,6,0.2725016474723816,0.44998323917388916,0.027916789054870605,9,3.598121166229248,7,0.2881919741630554,0.4500000476837158,0.12239992618560791,0.45
6,6,9,9,3.2819080352783203,12,0.1271347850561142,0.44423091411590576,0.005769073963165283,9,4.329200029373169,4,0.23339997231960297,0.39596450328826904,0.06930041313171387,9,2.9720168113708496,4,0.136088564991951,0.21015006303787231,0.060749948024749756,0.45
5,5,4,4,0.8301761150360107,3,0.22304685413837433,0.3750000596046448,0.07499992847442627,4,2.345837116241455,2,0.25956231355667114,0.441713809967041,0.07631361484527588,4,1.8804728984832764,3,0.4360105097293854,0.446850061416626,0.42524993419647217,0.45
4,4,3,3,4.4993181228637695,17,0.10247641801834106,0.44705891609191895,0.0,3,4.205183982849121,4,0.18947137892246246,0.4464341402053833,0.020410597324371338,3,5.792939901351929,10,0.17387452721595764,0.4500000476837158,0.0008998513221740723,0.45
0,0,2,2,0.53354811668396,2,0.30000001192092896,0.30000007152557373,0.2999999523162842,2,1.3376197814941406,1,0.04229998588562012,0.04230000078678131,0.04229998588562012,2,1.3708977699279785,1,0.04229998588562012,0.04230000078678131,0.04229998588562012,0.45
7,7,4,4,1.3555121421813965,5,0.18114598095417023,0.4200000762939453,0.0,4,4.522587060928345,4,0.1711014360189438,0.3511512279510498,0.007541060447692871,4,4.773755788803101,6,0.1834850311279297,0.40455007553100586,0.00044989585876464844,0.45
4,4,6,6,1.6320629119873047,6,0.16462284326553345,0.42857158184051514,0.0,6,2.4141108989715576,2,0.04068155959248543,0.054938703775405884,0.02703869342803955,6,2.3641669750213623,2,0.04202258959412575,0.05490000545978546,0.029699981212615967,0.45
0,0,5,5,1.0640850067138672,4,0.202855184674263,0.40500009059906006,0.04499995708465576,5,3.490609884262085,3,0.09527647495269775,0.14145714044570923,0.04953277111053467,5,3.4111361503601074,4,0.07573050260543823,0.1570500135421753,0.013949930667877197,0.45
1,1,3,3,0.7998321056365967,3,0.2248883992433548,0.3750000596046448,0.07499992847442627,3,1.3301451206207275,1,0.04229998588562012,0.04230000078678131,0.04229998588562012,3,1.2679662704467773,1,0.04229998588562012,0.04230000078678131,0.04229998588562012,0.45
3,3,7,7,0.7987830638885498,3,0.22192084789276123,0.3750000596046448,0.07499992847442627,7,2.4082322120666504,2,0.2846810519695282,0.44084882736206055,0.13124871253967285,7,3.5471558570861816,7,0.3404015302658081,0.4500000476837158,0.23129993677139282,0.45
1,1,8,8,0.7942311763763428,3,0.2254563868045807,0.3750000596046448,0.07499992847442627,8,3.4163787364959717,3,0.23752334713935852,0.4424927234649658,0.02684009075164795,8,4.081195116043091,8,0.4008388817310333,0.4500000476837158,0.34019994735717773,0.45
3,3,9,9,1.068025827407837,4,0.2002752721309662,0.40500009059906006,0.04499995708465576,9,7.7510058879852295,7,0.2628019452095032,0.4469912052154541,0.030908823013305664,9,2.9286279678344727,4,0.296564519405365,0.33525002002716064,0.25064998865127563,0.45
4,4,9,9,1.5807149410247803,6,0.1651834398508072,0.42857158184051514,0.0,9,6.2446417808532715,6,0.23022282123565674,0.4499706029891968,0.04856562614440918,9,2.661177158355713,3,0.3126315176486969,0.44325006008148193,0.18314993381500244,0.45
7,7,5,5,0.8090689182281494,3,0.22319035232067108,0.3750000596046448,0.07499992847442627,5,2.500380039215088,2,0.34125685691833496,0.43910515308380127,0.24200499057769775,5,2.9076080322265625,4,0.33859962224960327,0.446850061416626,0.23444992303848267,0.45
2,2,7,7,0.8219170570373535,3,0.22573740780353546,0.3750000596046448,0.07499992847442627,7,2.4657609462738037,2,0.4360412359237671,0.4399700164794922,0.43212997913360596,7,2.1636412143707275,2,0.3030177652835846,0.42975008487701416,0.17684996128082275,0.45
7,7,8,8,1.078881025314331,4,0.1987297087907791,0.40500009059906006,0.04499995708465576,8,2.4056360721588135,2,0.31256231665611267,0.4399700164794922,0.18706989288330078,8,3.529670000076294,7,0.2274109125137329,0.4500000476837158,0.013499975204467773,0.45
1,1,5,5,1.37638521194458,5,0.18094590306282043,0.4200000762939453,0.0,5,3.4977738857269287,3,0.29519155621528625,0.44774937629699707,0.14265060424804688,5,3.548644781112671,7,0.39425379037857056,0.4500000476837158,0.34019994735717773,0.45
2,2,9,9,1.0757198333740234,4,0.2024635672569275,0.40500009059906006,0.04499995708465576,9,4.628190040588379,4,0.24688437581062317,0.44987809658050537,0.02015519142150879,9,5.935688257217407,13,0.24312064051628113,0.4500000476837158,0.0,0.45
1,1,5,5,1.3539528846740723,5,0.18452051281929016,0.4200000762939453,0.0,5,4.4479780197143555,4,0.21586142480373383,0.4337157607078552,0.0007382631301879883,5,4.48909330368042,7,0.28710609674453735,0.43740010261535645,0.13049989938735962,0.45
1,1,0,0,0.7921409606933594,3,0.22462330758571625,0.3750000596046448,0.07499992847442627,0,2.4838972091674805,2,0.18231341242790222,0.24123871326446533,0.1241612434387207,0,2.041426181793213,2,0.08631977438926697,0.09855002164840698,0.0742499828338623,0.45
7,7,4,4,1.076550006866455,4,0.20084446668624878,0.40500009059906006,0.04499995708465576,4,3.437617063522339,3,0.21955616772174835,0.44374823570251465,0.05290424823760986,4,3.440364122390747,4,0.2298692911863327,0.44325006008148193,0.022049903869628906,0.45
4,4,1,1,1.5137972831726074,6,0.16541633009910583,0.42857158184051514,0.0,1,4.490518569946289,4,0.03854304552078247,0.0790528655052185,0.0020792484283447266,1,2.6627249717712402,3,0.027082931250333786,0.05490000545978546,0.012599945068359375,0.45
2,2,9,9,2.4284467697143555,9,0.1864875853061676,0.4400002956390381,0.0,9,7.726157188415527,7,0.23396024107933044,0.4499340057373047,0.018128037452697754,9,3.9755349159240723,7,0.17178770899772644,0.267300009727478,0.07739993929862976,0.45
3,3,7,7,0.7963330745697021,3,0.2226661890745163,0.3750000596046448,0.07499992847442627,7,2.478759765625,2,0.23227164149284363,0.4425926208496094,0.020492494106292725,7,3.594391107559204,7,0.3672352433204651,0.4500000476837158,0.2861999273300171,0.45
5,5,3,3,1.6479172706604004,6,0.16604354977607727,0.42857158184051514,0.0,3,4.455066919326782,4,0.055517107248306274,0.12571948766708374,0.015842020511627197,3,3.4423811435699463,3,0.08138406276702881,0.16155004501342773,0.0004499852657318115,0.45
1,1,7,7,2.73429012298584,10,0.14895866811275482,0.44181835651397705,0.0,7,3.4480957984924316,3,0.05798426643013954,0.11534518003463745,0.030745089054107666,7,3.3063230514526367,4,0.10389474779367447,0.2079000473022461,0.0008999109268188477,0.45
2,2,0,0,1.3411037921905518,5,0.19938139617443085,0.4200000762939453,0.0,0,4.664826154708862,4,0.20003709197044373,0.33330416679382324,0.07127529382705688,0,2.887789726257324,3,0.24770209193229675,0.4009500741958618,0.0976499617099762,0.45
4,4,6,6,2.4460160732269287,9,0.13096250593662262,0.44000017642974854,0.0,6,3.491982936859131,3,0.03976890444755554,0.06718561053276062,0.01225048303604126,6,2.522006034851074,6,0.02170167677104473,0.04230000078678131,0.0,0.45
4,4,7,7,0.7994849681854248,3,0.2223692387342453,0.3750000596046448,0.07499992847442627,7,2.40673828125,2,0.04082372412085533,0.054938703775405884,0.02703869342803955,7,1.5411100387573242,2,0.02089989185333252,0.04230000078678131,0.0,0.45
7,7,0,0,1.0438930988311768,4,0.2228761464357376,0.4500001072883606,0.04999995231628418,0,3.684659957885742,3,0.2149682641029358,0.43373119831085205,0.08973115682601929,0,3.0669591426849365,3,0.17983819544315338,0.35950005054473877,0.019499897956848145,0.5
2,2,1,1,0.8606479167938232,3,0.24941982328891754,0.41666674613952637,0.08333331346511841,1,4.65488600730896,4,0.32981783151626587,0.49989157915115356,0.13577234745025635,1,1.6281111240386963,2,0.4846978783607483,0.49250006675720215,0.47649991512298584,0.5
1,1,0,0,1.2899389266967773,5,0.19690468907356262,0.4666667580604553,0.0,0,6.456433057785034,6,0.26311829686164856,0.4995006322860718,0.031499385833740234,0,3.7005457878112793,6,0.1858963519334793,0.28000009059906006,0.0849999189376831,0.5
0,0,8,8,1.0240881443023682,4,0.22367802262306213,0.4500001072883606,0.04999995231628418,8,2.468378782272339,2,0.04683762416243553,0.08958208560943604,0.0044179558753967285,8,2.5619449615478516,3,0.18660061061382294,0.23100006580352783,0.1369999647140503,0.5
4,4,3,3,1.359678030014038,5,0.1980300396680832,0.4666667580604553,0.0,3,8.662432193756104,8,0.40976250171661377,0.49999797344207764,0.2953920364379883,3,2.9866721630096436,3,0.1715727150440216,0.31550002098083496,0.028499960899353027,0.5
1,1,8,8,0.836637020111084,3,0.24829046428203583,0.41666674613952637,0.08333331346511841,8,2.4281692504882812,2,0.38210588693618774,0.48789453506469727,0.2688944339752197,8,3.7495179176330566,7,0.4086841940879822,0.5,0.3179999589920044,0.5
4,4,8,8,0.5675032138824463,2,0.33333340287208557,0.3333333730697632,0.3333333134651184,8,1.3337950706481934,1,0.42199987173080444,0.42200005054473877,0.4219999313354492,8,1.3924458026885986,1,0.42199987173080444,0.42200005054473877,0.4219999313354492,0.5
9,9,5,5,0.8231360912322998,3,0.2450840026140213,0.41666674613952637,0.08333331346511841,5,2.406620979309082,2,0.04766082018613815,0.08958208560943604,0.0044179558753967285,5,2.4256980419158936,2,0.047659557312726974,0.0895000696182251,0.004499971866607666,0.5
5,5,1,1,0.7694768905639648,3,0.2486536204814911,0.41666674613952637,0.08333331346511841,1,2.462395191192627,2,0.2599520683288574,0.49176955223083496,0.022769451141357422,1,3.718195915222168,7,0.37907058000564575,0.5,0.2569999694824219,0.5
9,9,0,0,1.399533987045288,5,0.21059027314186096,0.4666667580604553,0.0,0,5.613778829574585,5,0.45362699031829834,0.4926539659500122,0.4133460521697998,0,2.613579034805298,3,0.03067445196211338,0.06100010871887207,0.01399993896484375,0.5
0,0,1,1,1.0442109107971191,4,0.22492031753063202,0.4500001072883606,0.04999995231628418,1,2.4430758953094482,2,0.29304978251457214,0.49079298973083496,0.08479297161102295,1,3.786534070968628,7,0.3793613314628601,0.5,0.2569999694824219,0.5
6,6,9,9,1.6753218173980713,6,0.2132430374622345,0.47619062662124634,0.0,9,5.487761974334717,5,0.22373276948928833,0.49673211574554443,0.013199031352996826,5,7.811409950256348,24,0.3250143229961395,0.5000002384185791,0.13599979877471924,0.5
9,9,1,1,1.278181791305542,5,0.20565342903137207,0.4666667580604553,0.0,1,3.4065780639648438,3,0.3712315857410431,0.4881477355957031,0.2528116703033447,1,2.7368128299713135,3,0.3157096803188324,0.49250006675720215,0.14349991083145142,0.5
0,0,3,3,3.803853988647461,15,0.12318312376737595,0.49583351612091064,0.00416642427444458,3,12.981736898422241,13,0.4471837282180786,0.5,0.3779139518737793,0,8.759809017181396,24,0.2761985659599304,0.5000001192092896,0.03899979591369629,0.5
1,1,0,0,1.356895923614502,5,0.2068992704153061,0.4666667580604553,0.0,0,4.619161128997803,4,0.15931054949760437,0.26463258266448975,0.05711555480957031,0,3.5879740715026855,4,0.10376767814159393,0.22150003910064697,0.006499946117401123,0.5
5,5,4,4,3.0165507793426514,11,0.13933713734149933,0.4924243688583374,0.007575631141662598,4,4.775251865386963,4,0.06236525997519493,0.13968831300735474,0.017602264881134033,4,2.5683200359344482,3,0.07551270723342896,0.11800003051757812,0.023999929428100586,0.5
9,9,7,7,0.7915699481964111,3,0.24698394536972046,0.41666674613952637,0.08333331346511841,7,2.4333040714263916,2,0.2674594521522522,0.4927304983139038,0.0382695198059082,7,1.8956551551818848,3,0.4845791757106781,0.49650001525878906,0.4724999666213989,0.5
7,7,5,5,0.845191240310669,3,0.2488352209329605,0.41666674613952637,0.08333331346511841,5,2.425766944885254,2,0.047000572085380554,0.08958208560943604,0.0044179558753967285,5,2.448776960372925,2,0.04700057953596115,0.0895000696182251,0.004499971866607666,0.5
3,3,7,7,1.5408871173858643,6,0.2068575918674469,0.47619062662124634,0.0,7,5.519565105438232,5,0.48439598083496094,0.499994158744812,0.4690057635307312,7,3.2679340839385986,5,0.47045841813087463,0.49650001525878906,0.4424999952316284,0.5
4,4,8,8,0.791356086730957,3,0.24577486515045166,0.41666674613952637,0.08333331346511841,8,3.4049441814422607,3,0.3909267485141754,0.49989479780197144,0.2811052203178406,8,4.633086204528809,10,0.34947121143341064,0.5000001192092896,0.1959998607635498,0.5
9,9,1,1,0.49237918853759766,2,0.33333343267440796,0.3333333730697632,0.3333333134651184,1,1.4915947914123535,1,0.42199987173080444,0.42200005054473877,0.4219999313354492,1,1.4651801586151123,1,0.42199987173080444,0.42200005054473877,0.4219999313354492,0.5
6,6,4,4,2.004606246948242,7,0.1765725165605545,0.48214298486709595,0.017857074737548828,4,3.551424980163574,3,0.2487916797399521,0.4954754114151001,0.06838929653167725,4,3.576613187789917,7,0.3209669888019562,0.5,0.1359999179840088,0.5
6,6,7,7,1.6522111892700195,6,0.1850413829088211,0.47619062662124634,0.0,7,5.524248123168945,5,0.26584455370903015,0.49944543838500977,0.012890517711639404,7,7.6974568367004395,18,0.374079167842865,0.5000001192092896,0.23399996757507324,0.5
5,5,4,4,0.797914981842041,3,0.24795830249786377,0.41666674613952637,0.08333331346511841,4,2.362614154815674,2,0.2870458662509918,0.49079298973083496,0.08479297161102295,4,1.8105809688568115,3,0.48441505432128906,0.49650001525878906,0.4724999666213989,0.5
4,4,5,5,2.230396032333374,8,0.16353106498718262,0.48611122369766235,0.013888776302337646,5,3.5911080837249756,3,0.07563070207834244,0.15360724925994873,0.01227116584777832,5,2.800154209136963,4,0.0482090525329113,0.0895000696182251,0.004499971866607666,0.5
0,0,4,4,2.1090891361236572,8,0.15895088016986847,0.48611122369766235,0.013888776302337646,4,3.3304660320281982,3,0.13113528490066528,0.24919022619724274,0.013854146003723145,4,2.7509870529174805,3,0.10707580298185349,0.1925000101327896,0.02249997854232788,0.5
7,7,3,3,5.125373840332031,19,0.19751951098442078,0.49736857414245605,0.00263136625289917,3,2.4321448802948,2,0.07758361846208572,0.1176680326461792,0.03833198547363281,3,1.612076997756958,2,0.023253343999385834,0.04700005054473877,0.0,0.5
4,4,1,1,2.6967129707336426,10,0.1431094855070114,0.490909218788147,0.0,1,3.6748828887939453,3,0.19623203575611115,0.25710272789001465,0.13631123304367065,1,1.8913202285766602,2,0.05829790234565735,0.078000009059906,0.03899991512298584,0.5
0,0,2,2,0.8258769512176514,3,0.24833032488822937,0.41666674613952637,0.08333331346511841,2,3.6850879192352295,3,0.16681727766990662,0.33322298526763916,0.016136884689331055,2,3.025864839553833,3,0.12308159470558167,0.2080000638961792,0.03799992799758911,0.5
1,1,9,9,1.8956279754638672,7,0.19255460798740387,0.48214298486709595,0.017857074737548828,9,3.644681930541992,3,0.2509988844394684,0.49254322052001953,0.026370763778686523,9,5.085497856140137,10,0.261679470539093,0.5,0.019999966025352478,0.5
3,3,4,4,1.3080389499664307,5,0.19473984837532043,0.4666667580604553,0.0,4,4.681809902191162,4,0.45461505651474,0.49993613362312317,0.40606385469436646,4,2.9577348232269287,3,0.24338048696517944,0.41200006008148193,0.08199989795684814,0.5
1,1,0,0,1.6730890274047852,6,0.18492811918258667,0.47619062662124634,0.0,0,3.723219156265259,3,0.3280394673347473,0.4988323450088501,0.15716767311096191,0,4.744645118713379,8,0.257721483707428,0.5,0.014999985694885254,0.5
3,3,2,2,0.8616147041320801,3,0.2475796341896057,0.41666674613952637,0.08333331346511841,2,2.570528745651245,2,0.409462034702301,0.4869180917739868,0.33091795444488525,2,3.8394739627838135,7,0.3488599359989166,0.5,0.19599997997283936,0.5
4,4,5,5,1.1034469604492188,4,0.21734297275543213,0.4500001072883606,0.04999995231628418,5,2.553795099258423,2,0.18504750728607178,0.2926445007324219,0.07364445924758911,5,2.3110110759735107,2,0.23651595413684845,0.35050010681152344,0.1184999942779541,0.5
7,7,9,9,0.8351202011108398,3,0.24611149728298187,0.41666674613952637,0.08333331346511841,9,3.696035146713257,3,0.13563373684883118,0.18438994884490967,0.08789905905723572,9,1.5834112167358398,2,0.023219622671604156,0.04700005054473877,0.0,0.5
2,2,4,4,0.7815260887145996,3,0.2475508600473404,0.41666674613952637,0.08333331346511841,4,2.4613280296325684,2,0.35933053493499756,0.38141798973083496,0.337581992149353,4,3.338280200958252,4,0.11979423463344574,0.19650006294250488,0.040499985218048096,0.5
7,7,2,2,0.5481131076812744,2,0.33333343267440796,0.3333333730697632,0.3333333134651184,2,1.3993940353393555,1,0.04700001701712608,0.04700005054473877,0.046999990940093994,2,1.4109528064727783,1,0.04700001701712608,0.04700005054473877,0.046999990940093994,0.5
1,1,8,8,1.0957927703857422,4,0.2232687771320343,0.4500001072883606,0.04999995231628418,8,3.6231589317321777,3,0.1269351691007614,0.22510331869125366,0.029482603073120117,8,3.250730037689209,3,0.22291313111782074,0.4255000352859497,0.02249997854232788,0.5
2,2,5,5,1.3796308040618896,5,0.1973094791173935,0.4666667580604553,0.0,5,2.6746490001678467,2,0.48446303606033325,0.4995195269584656,0.46948039531707764,5,2.8714308738708496,3,0.250199556350708,0.49250006675720215,0.022499918937683105,0.5
1,1,4,4,1.9066052436828613,7,0.17336881160736084,0.48214298486709595,0.017857074737548828,4,5.764441967010498,5,0.22435002028942108,0.44098538160324097,0.007178604602813721,4,5.159159183502197,10,0.21765203773975372,0.35050010681152344,0.08949995040893555,0.5
1,1,8,8,0.8244919776916504,3,0.24945968389511108,0.41666674613952637,0.08333331346511841,8,4.744593858718872,4,0.23527923226356506,0.3884087800979614,0.08059120178222656,8,3.5831797122955322,4,0.2398661971092224,0.46000003814697266,0.020999908447265625,0.5
7,7,2,2,0.5615859031677246,2,0.33333340287208557,0.3333333730697632,0.3333333134651184,2,1.3918209075927734,1,0.07799998670816422,0.078000009059906,0.07799994945526123,2,1.3844459056854248,1,0.07799998670816422,0.078000009059906,0.07799994945526123,0.5
4,4,5,5,1.6317260265350342,6,0.18818363547325134,0.47619062662124634,0.0,5,4.75931978225708,4,0.21625861525535583,0.32560765743255615,0.11025625467300415,5,1.6373999118804932,2,0.022863050922751427,0.04700005054473877,0.0,0.5
2,2,3,3,3.3614869117736816,12,0.13392919301986694,0.4935898780822754,0.006410121917724609,3,11.252225875854492,10,0.2296585589647293,0.4999949038028717,0.011132121086120605,3,3.9024200439453125,6,0.30756935477256775,0.34950006008148193,0.26549994945526123,0.5
3,3,2,2,1.1018040180206299,4,0.22147509455680847,0.4500001072883606,0.04999995231628418,2,1.3200249671936035,1,0.047000013291835785,0.04700005054473877,0.046999990940093994,2,1.416576862335205,1,0.047000013291835785,0.04700005054473877,0.046999990940093994,0.5
5,5,0,0,1.0923409461975098,4,0.2236022651195526,0.4500001072883606,0.04999995231628418,0,2.4062230587005615,2,0.17093661427497864,0.3051680326461792,0.03883194923400879,0,2.1281590461730957,2,0.23987901210784912,0.44450002908706665,0.03849995136260986,0.5
1,1,7,7,1.6363658905029297,6,0.18062801659107208,0.47619062662124634,0.0,7,3.5318710803985596,3,0.06422017514705658,0.12816131114959717,0.034161269664764404,7,3.662091016769409,5,0.061229635030031204,0.14600002765655518,0.0019999146461486816,0.5
2,2,5,5,1.1150999069213867,4,0.22701294720172882,0.4500001072883606,0.04999995231628418,5,5.741472959518433,5,0.13350121676921844,0.28011107444763184,0.013776049017906189,5,4.2112603187561035,4,0.1570691019296646,0.3345000743865967,0.04249995946884155,0.5
4,4,1,1,0.8322968482971191,3,0.25031667947769165,0.41666674613952637,0.08333331346511841,1,3.632124900817871,3,0.42177343368530273,0.4713088274002075,0.37269115447998047,1,2.4651899337768555,5,0.023348087444901466,0.04700005054473877,0.0,0.5
4,4,5,5,0.7789850234985352,3,0.24866913259029388,0.41666674613952637,0.08333331346511841,5,2.436337947845459,2,0.04662829264998436,0.08958208560943604,0.0044179558753967285,5,1.6674790382385254,2,0.02329486981034279,0.04700005054473877,0.0,0.5
