true_label,pred,target_label,pred_fw,fw_time,n_iteration_fw,dist_mean_fw,dist_max_fw,dist_min_fw,pred_fw_as,fw_as_time,n_iteration_fw_as,dist_mean_fw_as,dist_max_fw_as,dist_min_fw_as,pred_fw_pair,fw_pair_time,n_iteration_fw_pair,dist_mean_fw_pair,dist_max_fw_pair,dist_min_fw_pair,epsilon
7,7,9,9,0.5755009651184082,3,0.04955003038048744,0.08333337306976318,0.016666650772094727,9,1.9992070198059082,2,0.026463115587830544,0.04375004768371582,0.006249964237213135,9,2.0119380950927734,2,0.02646307833492756,0.04375004768371582,0.006249964237213135,0.1
2,2,3,3,0.519294023513794,3,0.049789633601903915,0.08333337306976318,0.016666650772094727,3,1.9135491847991943,2,0.02651568129658699,0.04375004768371582,0.006249964237213135,3,1.7548670768737793,2,0.039520904421806335,0.06250005960464478,0.012499958276748657,0.1
1,1,9,9,0.8719990253448486,5,0.04018236696720123,0.09333348274230957,0.0,9,6.852257013320923,7,0.04723340645432472,0.09227532148361206,0.0014747083187103271,5,15.695364713668823,24,0.03188462182879448,0.08125007152557373,0.0,0.1
0,0,9,9,0.5518808364868164,3,0.04958014562726021,0.08333337306976318,0.016666650772094727,9,2.002593755722046,2,0.02548406273126602,0.04375004768371582,0.006249964237213135,9,2.0112948417663574,2,0.025484025478363037,0.04375004768371582,0.006249964237213135,0.1
4,4,6,6,0.9409279823303223,5,0.04010460153222084,0.09333348274230957,0.0,6,2.590559959411621,3,0.04786122217774391,0.07578134536743164,0.02109372615814209,6,2.1672589778900146,4,0.034184664487838745,0.07500004768371582,0.01249992847442627,0.1
1,1,9,9,1.0974867343902588,6,0.03756820410490036,0.09523820877075195,0.0,9,3.688227891921997,4,0.03983496502041817,0.08183598518371582,0.004492133855819702,9,2.5018019676208496,4,0.03282319754362106,0.07500004768371582,0.0,0.1
4,4,6,6,1.0971100330352783,6,0.037205733358860016,0.09523820877075195,0.0,6,4.907217979431152,5,0.03619348630309105,0.08325201272964478,0.0028808116912841797,6,5.448029279708862,5,0.04364465922117233,0.07949233055114746,0.008007645606994629,0.1
9,9,6,6,0.5376067161560059,3,0.04913283511996269,0.08333337306976318,0.016666650772094727,6,1.9962718486785889,2,0.02649126574397087,0.04375004768371582,0.006249964237213135,6,1.9680438041687012,2,0.026491226628422737,0.04375004768371582,0.006249964237213135,0.1
5,5,8,8,0.36642909049987793,2,0.06666666269302368,0.06666672229766846,0.0666666030883789,8,0.5350961685180664,1,0.04999999701976776,0.05000007152557373,0.04999995231628418,8,0.5293288230895996,1,0.04999999701976776,0.05000007152557373,0.04999995231628418,0.1
9,9,7,7,0.5377578735351562,3,0.05005137622356415,0.08333337306976318,0.016666650772094727,7,1.2680718898773193,2,0.04998307675123215,0.07500004768371582,0.02499997615814209,7,0.9190490245819092,2,0.04998305067420006,0.07500004768371582,0.02499997615814209,0.1
0,0,7,7,0.7177431583404541,4,0.04603317007422447,0.09000015258789062,0.00999993085861206,7,3.0918521881103516,3,0.026622861623764038,0.050781309604644775,0.00703120231628418,7,2.94468092918396,3,0.03034939058125019,0.05781257152557373,0.007812470197677612,0.1
6,6,8,8,0.7181119918823242,4,0.04579109698534012,0.09000015258789062,0.00999993085861206,8,3.3260040283203125,4,0.04486961290240288,0.08359384536743164,0.0039061903953552246,8,2.60624098777771,4,0.040022119879722595,0.08750009536743164,0.01249992847442627,0.1
9,9,8,8,0.7342538833618164,4,0.045424122363328934,0.09000015258789062,0.00999993085861206,8,2.339287757873535,3,0.04402661323547363,0.07812505960464478,0.00937497615814209,8,2.176543951034546,3,0.037808582186698914,0.07500004768371582,0.0,0.1
0,0,8,8,0.7142887115478516,4,0.04536672681570053,0.09000015258789062,0.00999993085861206,8,2.7076501846313477,3,0.03713740408420563,0.07187509536743164,0.015624985098838806,8,2.3268251419067383,4,0.039138227701187134,0.08750009536743164,0.012499809265136719,0.1
1,1,9,9,1.0956852436065674,6,0.037887267768383026,0.09523820877075195,0.0,9,5.4232659339904785,5,0.04011091962456703,0.08013308048248291,0.0006652474403381348,9,3.589132070541382,4,0.043811097741127014,0.08125007152557373,0.006249904632568359,0.1
5,5,4,4,0.7435011863708496,4,0.046365343034267426,0.09000015258789062,0.00999993085861206,4,3.8836898803710938,4,0.03927137330174446,0.07539069652557373,0.0003905296325683594,4,2.7640371322631836,3,0.03837021440267563,0.07187503576278687,0.01562488079071045,0.1
9,9,5,5,0.7449681758880615,4,0.045441530644893646,0.09000015258789062,0.00999993085861206,5,3.0203089714050293,3,0.047523971647024155,0.06484383344650269,0.02890622615814209,5,2.5243380069732666,3,0.04200480133295059,0.08125007152557373,0.006249904632568359,0.1
7,7,1,1,1.04054594039917,6,0.03740813583135605,0.09523820877075195,0.0,1,7.701207160949707,7,0.04767199233174324,0.0874280333518982,0.006322026252746582,1,3.9104976654052734,4,0.033357180655002594,0.06484383344650269,0.0039061307907104492,0.1
3,3,2,2,0.5364489555358887,3,0.04993312433362007,0.08333337306976318,0.016666650772094727,2,2.1444077491760254,2,0.025956273078918457,0.03437507152557373,0.015625,2,2.1161000728607178,2,0.023150024935603142,0.03437507152557373,0.00937497615814209,0.1
4,4,9,9,0.5455691814422607,3,0.049262598156929016,0.08333337306976318,0.016666650772094727,9,1.8069510459899902,2,0.03689676895737648,0.06250011920928955,0.01249992847442627,9,1.214303970336914,2,0.049396779388189316,0.07500004768371582,0.02499997615814209,0.1
9,9,2,2,0.5290801525115967,3,0.049426909536123276,0.08333337306976318,0.016666650772094727,2,2.0965638160705566,2,0.022155314683914185,0.034375011920928955,0.00937497615814209,2,2.113468885421753,2,0.025210237130522728,0.034375011920928955,0.015624970197677612,0.1
6,6,4,4,1.2452208995819092,7,0.03664324805140495,0.09642869234085083,0.0035712718963623047,4,6.040357828140259,8,0.04541708901524544,0.09596258401870728,0.0002593398094177246,4,6.181302785873413,8,0.03333659470081329,0.08906257152557373,0.0,0.1
6,6,4,4,0.8932747840881348,5,0.04112899675965309,0.09333348274230957,0.0,4,3.591049909591675,4,0.040149107575416565,0.08183598518371582,0.004492133855819702,4,2.7190558910369873,4,0.037583865225315094,0.07500004768371582,0.0,0.1
5,5,6,6,0.5299992561340332,3,0.04940033704042435,0.08333337306976318,0.016666650772094727,6,1.9765980243682861,2,0.02657845802605152,0.04375004768371582,0.006249964237213135,6,1.832765817642212,2,0.039604607969522476,0.06250005960464478,0.012499958276748657,0.1
4,4,3,3,0.8772060871124268,5,0.04074970632791519,0.09333348274230957,0.0,3,3.629472017288208,4,0.04147843271493912,0.06923836469650269,0.01279294490814209,3,2.5348870754241943,3,0.0416986308991909,0.08125007152557373,0.006249904632568359,0.1
0,0,1,1,1.601020097732544,9,0.031917959451675415,0.09777790307998657,0.0,1,8.654459714889526,10,0.03458138555288315,0.09751605987548828,1.481175422668457e-05,0,11.136599779129028,24,0.04995609447360039,0.07812511920928955,0.02187490463256836,0.1
7,7,3,3,0.5711421966552734,3,0.04925595223903656,0.08333337306976318,0.016666650772094727,3,2.0130388736724854,2,0.02598978392779827,0.04375004768371582,0.006249964237213135,3,1.9322078227996826,2,0.025989742949604988,0.04375004768371582,0.006249964237213135,0.1
4,4,2,2,0.5634219646453857,3,0.0496213361620903,0.08333337306976318,0.016666650772094727,2,1.6871731281280518,2,0.04970340058207512,0.07500004768371582,0.02499997615814209,2,1.2821340560913086,2,0.049703363329172134,0.07500004768371582,0.02499997615814209,0.1
0,0,3,3,1.1060807704925537,6,0.03705344721674919,0.09523820877075195,0.0,3,4.253069639205933,4,0.036974549293518066,0.07275396585464478,9.763240814208984e-05,3,3.864514112472534,4,0.03854435682296753,0.06250005960464478,0.012499958276748657,0.1
1,1,8,8,0.5522408485412598,3,0.05024004727602005,0.08333337306976318,0.016666650772094727,8,2.0239081382751465,2,0.04357611760497093,0.05625009536743164,0.031249940395355225,8,1.310365915298462,2,0.049652211368083954,0.07500004768371582,0.02499997615814209,0.1
3,3,5,5,0.7439470291137695,4,0.045868027955293655,0.09000015258789062,0.00999993085861206,5,2.932543992996216,3,0.030466627329587936,0.05781257152557373,0.007812440395355225,5,2.1652369499206543,3,0.04203436151146889,0.08125007152557373,0.006249904632568359,0.1
1,1,5,5,0.7037830352783203,4,0.04540485516190529,0.09000015258789062,0.00999993085861206,5,3.194561243057251,3,0.02666701003909111,0.050781309604644775,0.00703120231628418,5,1.846073865890503,3,0.041876669973134995,0.08125007152557373,0.006249904632568359,0.1
3,3,7,7,1.7990140914916992,10,0.03302985057234764,0.09818196296691895,0.0,7,10.792918920516968,9,0.026818476617336273,0.06490719318389893,0.0002353191375732422,7,6.337652206420898,7,0.036382317543029785,0.09110110998153687,0.0011107325553894043,0.1
4,4,2,2,0.35570406913757324,2,0.06666666269302368,0.06666672229766846,0.0666666030883789,2,0.9082651138305664,1,0.04999999329447746,0.05000007152557373,0.04999995231628418,2,0.9054610729217529,1,0.04999999329447746,0.05000007152557373,0.04999995231628418,0.1
7,7,3,3,0.545712947845459,3,0.04966296628117561,0.08333337306976318,0.016666650772094727,3,1.9568719863891602,2,0.04367842152714729,0.05625009536743164,0.031249940395355225,3,1.8261029720306396,2,0.04992840439081192,0.06250011920928955,0.03749990463256836,0.1
2,2,9,9,0.5437328815460205,3,0.04945835471153259,0.08333337306976318,0.016666650772094727,9,1.7844932079315186,2,0.03719572350382805,0.06250011920928955,0.01249992847442627,9,1.6374268531799316,2,0.049695730209350586,0.07500004768371582,0.02499997615814209,0.1
7,7,3,3,0.5569660663604736,3,0.049088988453149796,0.08333337306976318,0.016666650772094727,3,3.275240898132324,3,0.025446398183703423,0.04726564884185791,0.002734363079071045,3,3.4024109840393066,3,0.02421932853758335,0.04726564884185791,0.00039058923721313477,0.1
1,1,2,2,1.447737216949463,8,0.03267650678753853,0.09722232818603516,0.0027776360511779785,2,8.461367130279541,8,0.03333373740315437,0.08068013191223145,6.943941116333008e-05,2,7.771672964096069,8,0.030983828008174896,0.06718754768371582,0.00019529461860656738,0.1
2,2,5,5,0.7332098484039307,4,0.04603397846221924,0.09000015258789062,0.00999993085861206,5,2.345745086669922,3,0.0371951162815094,0.07187509536743164,0.015624985098838806,5,2.546595811843872,3,0.037724029272794724,0.05625009536743164,0.01874995231628418,0.1
1,1,8,8,0.3537631034851074,2,0.06666666269302368,0.06666672229766846,0.0666666030883789,8,0.9060449600219727,1,0.04999999329447746,0.05000007152557373,0.04999995231628418,8,0.923443078994751,1,0.04999999329447746,0.05000007152557373,0.04999995231628418,0.1
1,1,4,4,0.8907670974731445,5,0.040632251650094986,0.09333348274230957,0.0,4,3.4692490100860596,4,0.03367879241704941,0.07539069652557373,0.0066405534744262695,4,2.182090997695923,4,0.04961986467242241,0.09062504768371582,0.009374916553497314,0.1
7,7,1,1,0.7182378768920898,4,0.04523983597755432,0.09000015258789062,0.00999993085861206,1,3.8365700244903564,4,0.033349741250276566,0.0692383348941803,0.004785120487213135,1,3.2876360416412354,4,0.031673479825258255,0.06250011920928955,0.006249964237213135,0.1
4,4,6,6,0.5527379512786865,3,0.04858055338263512,0.08333337306976318,0.016666650772094727,6,2.165405035018921,2,0.022266754880547523,0.034375011920928955,0.00937497615814209,6,2.0061089992523193,2,0.0255876574665308,0.04375004768371582,0.006249964237213135,0.1
2,2,6,6,0.542626142501831,3,0.0496523380279541,0.08333337306976318,0.016666650772094727,6,1.0901291370391846,1,0.02499997988343239,0.025000035762786865,0.02499997615814209,6,1.0658159255981445,1,0.02499997988343239,0.025000035762786865,0.02499997615814209,0.1
3,3,6,6,1.0884020328521729,6,0.03732512518763542,0.09523820877075195,0.0,6,3.2849009037017822,4,0.03665618970990181,0.08359384536743164,0.00703120231628418,6,3.8540420532226562,5,0.04967517405748367,0.08750009536743164,0.01249992847442627,0.1
5,5,7,7,1.0678870677947998,6,0.03741667792201042,0.09523820877075195,0.0,7,6.22573184967041,6,0.04448682442307472,0.07566303014755249,0.009102582931518555,7,3.9857120513916016,4,0.03118436597287655,0.06308603286743164,0.00253903865814209,0.1
1,1,7,7,0.9097199440002441,5,0.03999139368534088,0.09333348274230957,0.0,7,8.42263913154602,8,0.035893309861421585,0.08428502082824707,9.005516767501831e-05,7,4.142987966537476,5,0.03314385935664177,0.07539066672325134,0.000390470027923584,0.1
2,2,7,7,1.2729811668395996,7,0.03495153784751892,0.09642869234085083,0.0035712718963623047,7,2.8821260929107666,3,0.04692302271723747,0.07656252384185791,0.01718747615814209,7,2.155848979949951,3,0.05004839971661568,0.07500004768371582,0.02499997615814209,0.1
4,4,6,6,1.0767879486083984,6,0.036824919283390045,0.09523820877075195,0.0,6,3.5461068153381348,3,0.02598312310874462,0.045507848262786865,0.004492133855819702,6,3.9048149585723877,4,0.03583455830812454,0.06484377384185791,0.00546872615814209,0.1
4,4,0,0,0.7174320220947266,4,0.04584145545959473,0.09000015258789062,0.00999993085861206,0,2.873516082763672,3,0.033876534551382065,0.06718766689300537,0.0015624761581420898,0,2.2257120609283447,3,0.050204358994960785,0.08125007152557373,0.01874995231628418,0.1
7,7,5,5,0.9114620685577393,5,0.04780653119087219,0.11200010776519775,0.0,5,3.9911327362060547,4,0.057686593383550644,0.08835947513580322,0.024140596389770508,5,3.0712730884552,4,0.04067482426762581,0.08625006675720215,0.003749936819076538,0.12
2,2,0,0,0.7254061698913574,4,0.05506010726094246,0.10800004005432129,0.011999964714050293,0,3.128899097442627,3,0.031543537974357605,0.06093752384185791,0.008437395095825195,0,2.915076971054077,3,0.03610338643193245,0.06937503814697266,0.009374946355819702,0.12
1,1,6,6,0.5357050895690918,3,0.060501694679260254,0.10000002384185791,0.019999980926513672,6,1.7776188850402832,2,0.060393042862415314,0.07500004768371582,0.04499995708465576,6,2.0024890899658203,2,0.030589498579502106,0.052500009536743164,0.0074999332427978516,0.12
0,0,2,2,0.9060378074645996,5,0.04820353910326958,0.11200010776519775,0.0,2,4.37197208404541,4,0.026510952040553093,0.05970710515975952,0.003457009792327881,2,2.8744211196899414,3,0.03525148704648018,0.06937503814697266,0.009374946355819702,0.12
4,4,1,1,0.7336318492889404,4,0.054270729422569275,0.10800004005432129,0.011999964714050293,1,3.0632641315460205,4,0.04574790596961975,0.09890627861022949,0.0004687309265136719,1,2.1566379070281982,3,0.0451107993721962,0.09000003337860107,0.0,0.12
1,1,0,0,0.9268209934234619,5,0.0483255572617054,0.11200010776519775,0.0,0,5.061873912811279,5,0.04674411565065384,0.0992358922958374,0.002292454242706299,0,3.4431543350219727,5,0.04519538953900337,0.09000003337860107,0.0,0.12
4,4,5,5,0.7376940250396729,4,0.05396013706922531,0.10800004005432129,0.011999964714050293,5,2.218831777572632,2,0.026382919400930405,0.04125005006790161,0.011249959468841553,5,2.2258028984069824,2,0.030099675059318542,0.04125005006790161,0.01874995231628418,0.12
9,9,5,5,0.537545919418335,3,0.06021895259618759,0.10000002384185791,0.019999980926513672,5,2.184333086013794,2,0.027126304805278778,0.04125005006790161,0.011249959468841553,5,2.0763099193573,2,0.03131444752216339,0.052500009536743164,0.0074999332427978516,0.12
5,5,4,4,0.5473799705505371,3,0.060374144464731216,0.10000002384185791,0.019999980926513672,4,1.4953868389129639,2,0.045306894928216934,0.07500004768371582,0.014999985694885254,4,1.2856230735778809,2,0.06030689924955368,0.09000003337860107,0.029999971389770508,0.12
9,9,0,0,0.7176148891448975,4,0.05428124591708183,0.10800004005432129,0.011999964714050293,0,2.366436243057251,3,0.045024093240499496,0.08625006675720215,0.0037499666213989258,0,2.6978089809417725,3,0.04366569221019745,0.08625006675720215,0.01874995231628418,0.12
0,0,6,6,0.5498828887939453,3,0.05859799310564995,0.10000002384185791,0.019999980926513672,6,2.6979217529296875,3,0.061311494559049606,0.08625006675720215,0.033749938011169434,6,1.7829692363739014,2,0.04532046616077423,0.07500004768371582,0.014999985694885254,0.12
6,6,2,2,0.7306387424468994,4,0.055647481232881546,0.10800004005432129,0.011999964714050293,2,3.081099033355713,3,0.031752925366163254,0.06093752384185791,0.008437395095825195,2,2.2103240489959717,3,0.04976421222090721,0.0975000262260437,0.0074999332427978516,0.12
9,9,3,3,0.9124839305877686,5,0.049025919288396835,0.11200010776519775,0.0,3,5.619904041290283,5,0.03657388687133789,0.07402229309082031,0.002501189708709717,3,3.5715248584747314,4,0.041623879224061966,0.08625006675720215,0.0037499666213989258,0.12
0,0,1,1,0.9216079711914062,5,0.048792190849781036,0.11200010776519775,0.0,1,9.400436162948608,10,0.05280424654483795,0.1148664653301239,9.655952453613281e-06,1,3.7755022048950195,4,0.03646666184067726,0.08203130960464478,0.003281116485595703,0.12
1,1,7,7,1.2867498397827148,7,0.04185101389884949,0.115714430809021,0.004285573959350586,7,4.156540155410767,4,0.058699868619441986,0.08730471134185791,0.028945207595825195,7,3.6648330688476562,4,0.045096371322870255,0.08062505722045898,0.00937497615814209,0.12
5,5,2,2,1.099498987197876,6,0.04505003243684769,0.11428582668304443,0.0,2,4.612190008163452,4,0.03277787193655968,0.06278324127197266,0.002841770648956299,2,3.814974784851074,4,0.03232578933238983,0.06937503814697266,0.009374946355819702,0.12
9,9,0,0,0.7661230564117432,4,0.05436957627534866,0.10800004005432129,0.011999964714050293,0,2.6886630058288574,3,0.043569765985012054,0.08625006675720215,0.01874995231628418,0,3.3194308280944824,4,0.03572004660964012,0.07500004768371582,0.007499873638153076,0.12
7,7,4,4,0.7497267723083496,4,0.05501817911863327,0.10800004005432129,0.011999964714050293,4,4.275194883346558,4,0.05765492469072342,0.08835947513580322,0.024140596389770508,4,4.6112380027771,5,0.04413013160228729,0.09820318222045898,0.005390524864196777,0.12
3,3,0,0,0.35340309143066406,2,0.07999999076128006,0.08000004291534424,0.07999992370605469,0,1.0682640075683594,1,0.029999973252415657,0.030000030994415283,0.029999971389770508,0,1.1782810688018799,1,0.029999973252415657,0.030000030994415283,0.029999971389770508,0.12
4,4,7,7,0.572476863861084,3,0.05913158506155014,0.10000002384185791,0.019999980926513672,7,2.267543077468872,2,0.026536179706454277,0.04125005006790161,0.011249959468841553,7,1.8120121955871582,2,0.045572374016046524,0.07500004768371582,0.014999985694885254,0.12
9,9,8,8,0.5672399997711182,3,0.06001806631684303,0.10000002384185791,0.019999980926513672,8,1.8005778789520264,2,0.044979244470596313,0.07500004768371582,0.014999985694885254,8,1.638139009475708,2,0.05997925624251366,0.09000003337860107,0.029999971389770508,0.12
6,6,4,4,1.0558431148529053,6,0.04569355398416519,0.11428582668304443,0.0,4,7.448537111282349,9,0.04494228959083557,0.114524245262146,0.0006784200668334961,5,13.320528745651245,24,0.051733482629060745,0.09187507629394531,0.011484265327453613,0.12
6,6,3,3,0.6965920925140381,4,0.05385570600628853,0.10800004005432129,0.011999964714050293,3,2.4472849369049072,3,0.04061224311590195,0.08062505722045898,0.0018749833106994629,3,2.065062999725342,3,0.03777362406253815,0.07500004768371582,0.014999926090240479,0.12
5,5,1,1,1.0233080387115479,6,0.045089513063430786,0.11428582668304443,0.0,1,9.055918216705322,8,0.045984916388988495,0.09016108512878418,0.0007767677307128906,1,5.0450050830841064,6,0.04175323620438576,0.09046877920627594,0.00703120231628418,0.12
4,4,6,6,1.2108008861541748,7,0.04203243553638458,0.115714430809021,0.004285573959350586,6,4.6661388874053955,5,0.05748865380883217,0.09615969657897949,0.016340315341949463,6,2.9012210369110107,4,0.04590854048728943,0.09375005960464478,0.003749847412109375,0.12
0,0,5,5,0.5250627994537354,3,0.060119569301605225,0.10000002384185791,0.019999980926513672,5,1.9647440910339355,2,0.05253227427601814,0.06750000268220901,0.03749990463256836,5,1.563157081604004,2,0.06006455421447754,0.09000003337860107,0.029999971389770508,0.12
7,7,3,3,0.5277087688446045,3,0.05947171524167061,0.10000002384185791,0.019999980926513672,3,1.9128520488739014,2,0.030604800209403038,0.052500009536743164,0.007499992847442627,3,1.9146051406860352,2,0.03060474433004856,0.052500009536743164,0.0074999332427978516,0.12
4,4,0,0,0.6933450698852539,4,0.05413855239748955,0.10800004005432129,0.011999964714050293,0,2.4749770164489746,3,0.0400487519800663,0.08062505722045898,0.0018749833106994629,0,2.0728392601013184,3,0.03711992874741554,0.07500004768371582,0.014999926090240479,0.12
0,0,4,4,1.3825750350952148,8,0.03971228748559952,0.11666679382324219,0.0033332109451293945,4,7.702170133590698,6,0.024493830278515816,0.051796674728393555,0.0008243322372436523,4,5.01515531539917,5,0.02846059948205948,0.06093752384185791,0.0009374618530273438,0.12
1,1,9,9,1.256455898284912,7,0.04195966571569443,0.115714430809021,0.004285573959350586,9,5.192529916763306,5,0.04940899461507797,0.08292114734649658,0.015955686569213867,9,6.642457962036133,6,0.04142491891980171,0.08245152235031128,0.0009951591491699219,0.12
3,3,1,1,1.4051027297973633,8,0.040640346705913544,0.11666679382324219,0.0033332109451293945,1,13.655073165893555,13,0.03997711092233658,0.11490064859390259,1.1205673217773438e-05,1,8.194172143936157,9,0.0407465361058712,0.10062015056610107,1.4647841453552246e-05,0.12
1,1,3,3,1.031921148300171,6,0.043720610439777374,0.11428582668304443,0.0,3,2.7838518619537354,3,0.06099630147218704,0.08062505722045898,0.0393749475479126,3,2.305434226989746,3,0.04559220373630524,0.07500004768371582,0.014999985694885254,0.12
3,3,9,9,0.7055490016937256,4,0.05388600006699562,0.10800004005432129,0.011999964714050293,9,3.6836700439453125,4,0.053557027131319046,0.09046876430511475,0.014531195163726807,9,3.496185064315796,4,0.04901111498475075,0.10031253099441528,0.0009374618530273438,0.12
4,4,3,3,0.5166990756988525,3,0.05998458340764046,0.10000002384185791,0.019999980926513672,3,1.467414140701294,1,0.007500014267861843,0.007500052452087402,0.007499992847442627,3,1.5094258785247803,1,0.007500014267861843,0.007500052452087402,0.007499992847442627,0.12
7,7,3,3,0.5380432605743408,3,0.05966091901063919,0.10000002384185791,0.019999980926513672,3,2.0101141929626465,2,0.05239136517047882,0.06750000268220901,0.03749990463256836,3,1.76985502243042,2,0.059891361743211746,0.07500004768371582,0.04499995708465576,0.12
2,2,7,7,0.5300378799438477,3,0.05974382907152176,0.10000002384185791,0.019999980926513672,7,1.5775790214538574,2,0.052504971623420715,0.06750000268220901,0.03749990463256836,7,1.4303979873657227,2,0.060004960745573044,0.07500004768371582,0.04499995708465576,0.12
7,7,0,0,1.6314082145690918,9,0.03667796403169632,0.11733353137969971,0.0,0,7.006634950637817,7,0.047861840575933456,0.10145294666290283,0.0011887550354003906,7,10.952162027359009,24,0.05072614550590515,0.060000061988830566,0.04171872138977051,0.12
1,1,5,5,1.0449962615966797,6,0.0442923903465271,0.11428582668304443,0.0,5,4.540364027023315,6,0.05021630600094795,0.11384773254394531,0.0004101097583770752,5,5.446049690246582,6,0.04593081772327423,0.08062505722045898,0.011249899864196777,0.12
2,2,6,6,0.8700799942016602,5,0.047871265560388565,0.11200010776519775,0.0,6,2.0613701343536377,3,0.06059510260820389,0.09750008583068848,0.02249997854232788,6,2.246500253677368,3,0.04495991766452789,0.07500004768371582,0.014999985694885254,0.12
1,1,7,7,1.0483789443969727,6,0.04503082111477852,0.11428582668304443,0.0,7,7.160666227340698,6,0.02533990889787674,0.06038416922092438,0.0020705312490463257,7,4.075798988342285,5,0.040691375732421875,0.0946875810623169,0.0046874284744262695,0.12
1,1,6,6,1.04634690284729,6,0.044697895646095276,0.11428582668304443,0.0,6,5.541949033737183,7,0.05962911620736122,0.11523199081420898,0.004768043756484985,6,5.194640159606934,6,0.0407533273100853,0.08062505722045898,0.0018749237060546875,0.12
7,7,1,1,0.7070939540863037,4,0.053796399384737015,0.10800004005432129,0.011999964714050293,1,2.7913410663604736,3,0.04922204837203026,0.07078125327825546,0.027656137943267822,1,2.2239558696746826,3,0.045271024107933044,0.07500004768371582,0.014999985694885254,0.12
4,4,0,0,1.0476951599121094,6,0.04427652433514595,0.11428582668304443,0.0,0,4.5134100914001465,4,0.02712823823094368,0.05078613758087158,0.0019481778144836426,0,4.134650945663452,4,0.023025115951895714,0.04617190361022949,0.003046870231628418,0.12
2,2,8,8,0.6998581886291504,4,0.0538000650703907,0.10800004005432129,0.011999964714050293,8,1.883004903793335,3,0.04793815687298775,0.09750008583068848,0.0074999332427978516,8,3.344141721725464,3,0.054361578077077866,0.060000061988830566,0.04898428916931152,0.12
3,3,0,0,0.6921861171722412,4,0.05480005964636803,0.10800004005432129,0.011999964714050293,0,2.799436092376709,3,0.036690447479486465,0.06937503814697266,0.00937497615814209,0,2.6377758979797363,3,0.0457085482776165,0.08625006675720215,0.01874995231628418,0.12
5,5,2,2,0.8703489303588867,5,0.04777847230434418,0.11200010776519775,0.0,2,4.315932035446167,4,0.026434576138854027,0.05540043115615845,0.002665996551513672,2,2.7653472423553467,3,0.035569265484809875,0.06937503814697266,0.009374946355819702,0.12
1,1,2,2,0.7115960121154785,4,0.0547192245721817,0.10800004005432129,0.011999964714050293,2,1.7409868240356445,3,0.049007393419742584,0.09750008583068848,0.0074999332427978516,2,1.210331916809082,3,0.05998164415359497,0.10500001907348633,0.014999985694885254,0.12
2,2,1,1,1.0530059337615967,6,0.044410910457372665,0.11428582668304443,0.0,1,4.001397132873535,5,0.04716059938073158,0.10945314168930054,0.003984332084655762,1,4.153975248336792,5,0.05979502946138382,0.09275400638580322,0.02724599838256836,0.12
4,4,9,9,0.345731258392334,2,0.07999998331069946,0.08000004291534424,0.07999992370605469,9,1.045741081237793,1,0.029999973252415657,0.030000030994415283,0.029999971389770508,9,1.0351979732513428,1,0.029999973252415657,0.030000030994415283,0.029999971389770508,0.12
4,4,9,9,0.5250632762908936,3,0.05928783118724823,0.10000002384185791,0.019999980926513672,9,1.8886940479278564,2,0.030870862305164337,0.052500009536743164,0.007499992847442627,9,1.9287221431732178,2,0.03087081015110016,0.052500009536743164,0.0074999332427978516,0.12
7,7,4,4,0.5241358280181885,3,0.06938924640417099,0.11666667461395264,0.023333311080932617,4,1.3919448852539062,2,0.052184682339429855,0.08750000596046448,0.017499923706054688,4,2.3203818798065186,3,0.05293988808989525,0.08750009536743164,0.017499923706054688,0.14
2,2,7,7,0.701549768447876,4,0.06330375373363495,0.1260000467300415,0.01399993896484375,7,2.2425930500030518,3,0.05040113627910614,0.10062503814697266,0.021874964237213135,7,2.2674758434295654,3,0.052154917269945145,0.08750009536743164,0.017499923706054688,0.14
1,1,3,3,1.227985143661499,7,0.04888404905796051,0.1350001096725464,0.004999876022338867,3,12.691445112228394,11,0.05238731577992439,0.1238093376159668,1.7881393432617188e-05,3,6.611364126205444,7,0.037651266902685165,0.08750003576278687,0.0,0.14
0,0,5,5,0.7012629508972168,4,0.06328105181455612,0.1260000467300415,0.01399993896484375,5,4.446688890457153,4,0.029216188937425613,0.05925053358078003,0.005417436361312866,5,2.794041872024536,3,0.04828139767050743,0.09406250715255737,0.002187371253967285,0.14
4,4,5,5,0.347059965133667,2,0.09333331137895584,0.09333336353302002,0.09333324432373047,5,2.2876369953155518,2,0.03305986151099205,0.04156250134110451,0.02406245470046997,5,2.081791877746582,2,0.03537106141448021,0.04812502861022949,0.021874964237213135,0.14
1,1,8,8,0.528223991394043,3,0.06891614943742752,0.11666667461395264,0.023333311080932617,8,1.2257699966430664,2,0.06955496966838837,0.10500001907348633,0.034999966621398926,8,1.227154016494751,2,0.06955493241548538,0.10500001907348633,0.034999966621398926,0.14
4,4,2,2,0.6953139305114746,4,0.0631774514913559,0.1260000467300415,0.01399993896484375,2,2.7858293056488037,3,0.046487029641866684,0.09406250715255737,0.002187490463256836,2,2.074079990386963,3,0.05153481662273407,0.10500001907348633,0.0,0.14
9,9,2,2,0.8822939395904541,5,0.0563158355653286,0.13066673278808594,0.0,2,3.8614158630371094,4,0.05865006893873215,0.09549808502197266,0.023173809051513672,2,4.17786717414856,4,0.03659659996628761,0.07540041208267212,0.005400359630584717,0.14
5,5,9,9,0.8617491722106934,5,0.056471098214387894,0.13066673278808594,0.0,9,2.4641940593719482,3,0.0475592203438282,0.09406256675720215,0.002187490463256836,9,2.1002490520477295,4,0.0702071338891983,0.12250006198883057,0.017499923706054688,0.14
9,9,1,1,1.3994059562683105,8,0.045228272676467896,0.13611125946044922,0.003888726234436035,1,5.03093409538269,5,0.04788191616535187,0.1066235899925232,0.004631310701370239,1,3.2788941860198975,4,0.04087347909808159,0.08750003576278687,0.007656216621398926,0.14
0,0,6,6,0.5211920738220215,3,0.06867557764053345,0.11666667461395264,0.023333311080932617,6,2.810404062271118,3,0.07108821719884872,0.09406256675720215,0.04593747854232788,6,1.9032549858093262,2,0.03496299684047699,0.06125003099441528,0.008749961853027344,0.14
6,6,5,5,0.5139856338500977,3,0.07032302767038345,0.11666667461395264,0.023333311080932617,5,1.0565991401672363,1,0.034999966621398926,0.0350000262260437,0.034999966621398926,5,1.0501389503479004,1,0.034999966621398926,0.0350000262260437,0.034999966621398926,0.14
9,9,6,6,1.234203815460205,7,0.04793333634734154,0.1350001096725464,0.004999876022338867,6,6.54669189453125,5,0.02970600686967373,0.051995664834976196,0.006673872470855713,6,5.925106048583984,5,0.02655014954507351,0.047618746757507324,0.0048812031745910645,0.14
0,0,2,2,1.0596230030059814,6,0.05185975506901741,0.13333344459533691,0.0,2,6.7535200119018555,8,0.04985114187002182,0.1315213441848755,0.00013881921768188477,2,4.3537938594818115,5,0.046774979680776596,0.10062503814697266,0.014218747615814209,0.14
1,1,8,8,0.5426180362701416,3,0.07008244842290878,0.11666667461395264,0.023333311080932617,8,1.5313501358032227,2,0.0698767751455307,0.10500001907348633,0.034999966621398926,8,1.233229160308838,2,0.06987673044204712,0.10500001907348633,0.034999966621398926,0.14
5,5,7,7,0.5311927795410156,3,0.069304920732975,0.11666667461395264,0.023333311080932617,7,1.8844997882843018,2,0.03503137826919556,0.06125003099441528,0.008749961853027344,7,1.9376940727233887,2,0.035031355917453766,0.06125003099441528,0.008749961853027344,0.14
9,9,2,2,0.5417959690093994,3,0.06949031352996826,0.11666667461395264,0.023333311080932617,2,2.171661138534546,2,0.030680309981107712,0.04812502861022949,0.013124942779541016,2,1.9435489177703857,2,0.03508297726511955,0.06125003099441528,0.008749961853027344,0.14
7,7,3,3,0.5231761932373047,3,0.06945248693227768,0.11666667461395264,0.023333311080932617,3,2.095874071121216,2,0.030702397227287292,0.04812502861022949,0.013124942779541016,3,2.0916481018066406,2,0.03505804017186165,0.04812502861022949,0.021874964237213135,0.14
3,3,4,4,1.0473549365997314,6,0.05159074440598488,0.13333344459533691,0.0,4,3.3165109157562256,3,0.05919531732797623,0.08066406846046448,0.03800773620605469,4,2.990971326828003,3,0.05232227221131325,0.07437503337860107,0.030624985694885254,0.14
4,4,1,1,0.8652920722961426,5,0.056103162467479706,0.13066673278808594,0.0,1,4.09275484085083,4,0.06363368034362793,0.09231936931610107,0.03482908010482788,1,5.195959806442261,5,0.048712678253650665,0.10185551643371582,0.01264643669128418,0.14
9,9,0,0,0.5314178466796875,3,0.07020770013332367,0.11666667461395264,0.023333311080932617,0,1.424316167831421,2,0.05252786725759506,0.08750000596046448,0.017499923706054688,0,1.2539329528808594,2,0.07002788037061691,0.10500001907348633,0.034999966621398926,0.14
6,6,0,0,0.7028250694274902,4,0.06310956180095673,0.1260000467300415,0.01399993896484375,0,2.3104918003082275,3,0.050498731434345245,0.10062503814697266,0.021874964237213135,0,3.0712246894836426,4,0.05135704576969147,0.10500001907348633,0.002187490463256836,0.14
6,6,9,9,1.119164228439331,6,0.05221185088157654,0.13333344459533691,0.0,9,5.223440885543823,5,0.06378492712974548,0.11019960045814514,0.016948819160461426,9,2.6516690254211426,3,0.06135448068380356,0.07875001430511475,0.04374992847442627,0.14
5,5,9,9,0.35806918144226074,2,0.09333331882953644,0.09333336353302002,0.09333324432373047,9,1.069969892501831,1,0.034999966621398926,0.0350000262260437,0.034999966621398926,9,1.0917348861694336,1,0.034999966621398926,0.0350000262260437,0.034999966621398926,0.14
4,4,5,5,0.7131638526916504,4,0.06282253563404083,0.1260000467300415,0.01399993896484375,5,2.699713945388794,3,0.05315272882580757,0.10062503814697266,0.004374980926513672,5,2.6419179439544678,3,0.05229644104838371,0.08750003576278687,0.017499983310699463,0.14
0,0,2,2,0.35131216049194336,2,0.09333331882953644,0.09333336353302002,0.09333324432373047,2,1.0591027736663818,1,0.034999966621398926,0.0350000262260437,0.034999966621398926,2,1.078293800354004,1,0.034999966621398926,0.0350000262260437,0.034999966621398926,0.14
7,7,8,8,0.8810780048370361,5,0.05647196248173714,0.13066673278808594,0.0,8,8.22779393196106,7,0.042674485594034195,0.10740172863006592,0.00016129016876220703,8,5.1238977909088135,6,0.06053822115063667,0.10718750953674316,0.015312433242797852,0.14
4,4,3,3,1.0519869327545166,6,0.052731093019247055,0.13333344459533691,0.0,3,3.8899800777435303,4,0.04633128270506859,0.09385742247104645,0.001572251319885254,3,3.248400926589966,4,0.05357041582465172,0.109375,0.004374861717224121,0.14
0,0,2,2,0.7047557830810547,4,0.06264583021402359,0.1260000467300415,0.01399993896484375,2,3.207948923110962,3,0.02987275831401348,0.059609413146972656,0.006015598773956299,2,2.8665599822998047,3,0.04062225669622421,0.08093750476837158,0.01093745231628418,0.14
1,1,3,3,0.5309469699859619,3,0.07005578279495239,0.11666667461395264,0.023333311080932617,3,2.234039068222046,2,0.031136736273765564,0.04812502861022949,0.013124942779541016,3,2.1718251705169678,2,0.035383790731430054,0.04812502861022949,0.021874964237213135,0.14
3,3,9,9,0.7092859745025635,4,0.06336811184883118,0.1260000467300415,0.01399993896484375,9,2.6978769302368164,3,0.07064453512430191,0.10062503814697266,0.0393749475479126,9,2.1122748851776123,3,0.05725596472620964,0.11375004053115845,0.008749961853027344,0.14
1,1,6,6,1.411980152130127,8,0.04520823061466217,0.13611125946044922,0.003888726234436035,6,4.919251918792725,5,0.044020578265190125,0.10106086730957031,0.007442593574523926,6,4.227818965911865,6,0.05388198792934418,0.11375010013580322,0.0021874308586120605,0.14
3,3,1,1,1.4255831241607666,8,0.046971362084150314,0.13611125946044922,0.003888726234436035,1,7.4607837200164795,7,0.046411119401454926,0.10688012838363647,0.0010602474212646484,1,7.124236106872559,7,0.03770360350608826,0.09383821487426758,0.0007839202880859375,0.14
4,4,5,5,0.5375409126281738,3,0.06936568766832352,0.11666667461395264,0.023333311080932617,5,1.231827974319458,2,0.06933826953172684,0.10500001907348633,0.034999966621398926,5,0.887451171875,2,0.06933823227882385,0.10500001907348633,0.034999966621398926,0.14
7,7,3,3,0.5385642051696777,3,0.06975755095481873,0.11666667461395264,0.023333311080932617,3,2.1391799449920654,2,0.030778665095567703,0.04812502861022949,0.013124942779541016,3,2.132075071334839,2,0.035115234553813934,0.04812502861022949,0.021874964237213135,0.14
2,2,7,7,0.5336589813232422,3,0.06985676288604736,0.11666667461395264,0.023333311080932617,7,2.276505708694458,2,0.033093225210905075,0.04156250134110451,0.02406245470046997,7,2.1097068786621094,2,0.035421110689640045,0.04812502861022949,0.021874964237213135,0.14
7,7,2,2,0.37164998054504395,2,0.09333331137895584,0.09333336353302002,0.09333324432373047,2,1.0503251552581787,1,0.034999966621398926,0.0350000262260437,0.034999966621398926,2,1.0862462520599365,1,0.034999966621398926,0.0350000262260437,0.034999966621398926,0.14
1,1,3,3,1.246938943862915,7,0.048071976751089096,0.1350001096725464,0.004999876022338867,3,3.3432729244232178,5,0.06269273906946182,0.13234376907348633,0.00546872615814209,3,6.999068021774292,8,0.03975304588675499,0.08750009536743164,0.0049217939376831055,0.14
2,2,5,5,0.5348348617553711,3,0.06935638934373856,0.11666667461395264,0.023333311080932617,5,2.3078017234802246,3,0.05147041007876396,0.10062503814697266,0.021874964237213135,5,1.235590934753418,2,0.06958283483982086,0.10500001907348633,0.034999966621398926,0.14
1,1,4,4,0.8791439533233643,5,0.05619964003562927,0.13066673278808594,0.0,4,6.062448024749756,6,0.053284820169210434,0.11880326271057129,0.005063906311988831,4,4.770399808883667,5,0.05224913731217384,0.10718750953674316,0.0010936260223388672,0.14
1,1,8,8,0.5205020904541016,3,0.0694345086812973,0.11666667461395264,0.023333311080932617,8,3.544140100479126,4,0.07044243067502975,0.1170312762260437,0.02296873927116394,8,2.2962160110473633,3,0.05276281014084816,0.10062503814697266,0.004374980926513672,0.14
7,7,9,9,0.8901083469390869,5,0.05603284761309624,0.13066673278808594,0.0,9,2.9854347705841064,4,0.05063386261463165,0.12031251192092896,0.0021874606609344482,9,6.468594074249268,8,0.03611999750137329,0.08750009536743164,0.004374861717224121,0.14
4,4,2,2,0.5709397792816162,3,0.06922245770692825,0.11666667461395264,0.023333311080932617,2,2.0156500339508057,2,0.03439626097679138,0.06125003099441528,0.008749961853027344,2,1.9272210597991943,2,0.03439624235033989,0.06125003099441528,0.008749961853027344,0.14
2,2,1,1,0.8854508399963379,5,0.0559849850833416,0.13066673278808594,0.0,1,1.9776370525360107,3,0.060965701937675476,0.109375,0.013124942779541016,1,3.275808095932007,3,0.06137434020638466,0.0700000524520874,0.05304676294326782,0.14
3,3,2,2,0.3785130977630615,2,0.09333331137895584,0.09333336353302002,0.09333324432373047,2,1.1092510223388672,1,0.034999966621398926,0.0350000262260437,0.034999966621398926,2,1.1482141017913818,1,0.034999966621398926,0.0350000262260437,0.034999966621398926,0.14
5,5,3,3,0.7130582332611084,4,0.06353719532489777,0.1260000467300415,0.01399993896484375,3,3.8260350227355957,4,0.06843529641628265,0.10185551643371582,0.03376948833465576,3,2.984570026397705,4,0.05012502148747444,0.11375004053115845,0.008749961853027344,0.14
1,1,5,5,1.044262170791626,6,0.05155584588646889,0.13333344459533691,0.0,5,4.310160875320435,5,0.054886896163225174,0.1215430498123169,0.0023241639137268066,5,3.135684013366699,4,0.042431578040122986,0.08750003576278687,0.008749961853027344,0.14
2,2,8,8,0.7053091526031494,4,0.06272655725479126,0.1260000467300415,0.01399993896484375,8,2.851732015609741,3,0.06121309846639633,0.09406250715255737,0.028437495231628418,8,2.127236843109131,3,0.056648753583431244,0.11375004053115845,0.008749961853027344,0.14
4,4,2,2,0.7129838466644287,4,0.06258388608694077,0.1260000467300415,0.01399993896484375,2,2.1556789875030518,2,0.03595476225018501,0.04812502861022949,0.021874964237213135,2,2.141921043395996,2,0.03189801424741745,0.04812502861022949,0.013124942779541016,0.14
4,4,6,6,0.8777217864990234,5,0.056272558867931366,0.13066673278808594,0.0,6,3.357203245162964,3,0.02899211458861828,0.053867220878601074,0.0035545825958251953,6,2.8573801517486572,3,0.041003867983818054,0.08093750476837158,0.01093745231628418,0.14
7,7,3,3,0.5194809436798096,3,0.08015798777341843,0.13333338499069214,0.026666641235351562,3,2.1447882652282715,2,0.03492928668856621,0.05500000715255737,0.014999955892562866,3,1.9872980117797852,2,0.03989394009113312,0.0700000524520874,0.009999960660934448,0.16
2,2,8,8,0.5364282131195068,3,0.079564169049263,0.13333338499069214,0.026666641235351562,8,1.4242382049560547,2,0.059436071664094925,0.10000002384185791,0.019999980926513672,8,1.4023890495300293,2,0.059718016535043716,0.08000004291534424,0.039999961853027344,0.16
1,1,3,3,0.8992860317230225,5,0.06374472379684448,0.1493334174156189,0.0,3,6.194060802459717,7,0.06028701364994049,0.15046387910842896,0.0008935034275054932,3,7.467065095901489,8,0.042577605694532394,0.10000002384185791,0.0006248950958251953,0.16
0,0,3,3,1.5714209079742432,9,0.04997437819838524,0.15644454956054688,0.0,3,5.344121932983398,6,0.06379057466983795,0.13990235328674316,0.0036522746086120605,3,5.370254039764404,6,0.05484316125512123,0.11500006914138794,0.010937422513961792,0.16
4,4,9,9,0.3505260944366455,2,0.10666663944721222,0.1066666841506958,0.10666656494140625,9,1.0480318069458008,1,0.039999961853027344,0.04000002145767212,0.039999961853027344,9,1.0731091499328613,1,0.039999961853027344,0.04000002145767212,0.039999961853027344,0.16
1,1,4,4,0.877758264541626,5,0.06441294401884079,0.1493334174156189,0.0,4,3.7147488594055176,7,0.07975078374147415,0.15875005722045898,0.0012499690055847168,4,2.6399288177490234,4,0.058961622416973114,0.12500005960464478,0.02499985694885254,0.16
4,4,2,2,0.7073290348052979,4,0.07203719764947891,0.1440001130104065,0.015999913215637207,2,2.470531702041626,3,0.05293797329068184,0.10750007629394531,0.0024999380111694336,2,2.13533091545105,3,0.04962529242038727,0.10000002384185791,0.019999921321868896,0.16
9,9,4,4,0.5316531658172607,3,0.07943590730428696,0.13333338499069214,0.026666641235351562,4,2.1113431453704834,2,0.03468135744333267,0.05500000715255737,0.014999955892562866,4,2.1287128925323486,2,0.039761003106832504,0.05500003695487976,0.02499997615814209,0.16
5,5,9,9,0.8888771533966064,5,0.0645575076341629,0.1493334174156189,0.0,9,2.5277669429779053,3,0.054160960018634796,0.10750001668930054,0.0024999380111694336,9,1.5669450759887695,3,0.08053780347108841,0.14000001549720764,0.019999951124191284,0.16
9,9,5,5,0.8850631713867188,5,0.06389821320772171,0.1493334174156189,0.0,5,4.855252981185913,5,0.07829532772302628,0.1303320825099945,0.024667948484420776,5,3.358340263366699,4,0.05291352793574333,0.09000003337860107,0.014999955892562866,0.16
0,0,1,1,0.7078111171722412,4,0.07154718786478043,0.1440001130104065,0.015999913215637207,1,2.7315890789031982,3,0.06034830957651138,0.0987500548362732,0.023749947547912598,1,2.3148820400238037,3,0.05920569226145744,0.10000002384185791,0.019999951124191284,0.16
6,6,5,5,0.5280811786651611,3,0.08058670908212662,0.13333338499069214,0.026666641235351562,5,1.0639841556549072,1,0.039999961853027344,0.04000002145767212,0.039999961853027344,5,1.056236982345581,1,0.039999961853027344,0.04000002145767212,0.039999961853027344,0.16
9,9,1,1,1.0887320041656494,6,0.05963313952088356,0.1523810625076294,0.0,1,3.7247562408447266,4,0.0757870078086853,0.12246096134185791,0.02769523859024048,1,1.7761359214782715,3,0.0809401199221611,0.1300000101327896,0.029999971389770508,0.16
0,0,9,9,0.541085958480835,3,0.07897742837667465,0.13333338499069214,0.026666641235351562,9,2.1392009258270264,2,0.034784190356731415,0.05500000715255737,0.014999955892562866,9,1.963310956954956,2,0.039676301181316376,0.0700000524520874,0.009999960660934448,0.16
1,1,6,6,1.0558910369873047,6,0.05957634747028351,0.1523810625076294,0.0,6,3.9393060207366943,4,0.07629898190498352,0.1072656512260437,0.04273432493209839,6,3.223468065261841,3,0.04029963165521622,0.06812506914138794,0.011874973773956299,0.16
5,5,2,2,0.8839840888977051,5,0.06521652638912201,0.1493334174156189,0.0,2,6.337502956390381,5,0.02718333527445793,0.05940711498260498,0.00218045711517334,2,4.480745315551758,4,0.03632243350148201,0.07386723160743713,0.0011327862739562988,0.16
9,9,0,0,0.9195652008056641,5,0.06365105509757996,0.1493334174156189,0.0,0,3.7393338680267334,4,0.05116682127118111,0.11406254768371582,0.01281246542930603,0,3.3707351684570312,4,0.044321298599243164,0.09000003337860107,0.0,0.16
7,7,3,3,0.5358247756958008,3,0.07971227914094925,0.13333338499069214,0.026666641235351562,3,2.122363328933716,2,0.03493406996130943,0.05500000715255737,0.014999955892562866,3,2.139125108718872,2,0.03995053842663765,0.05500003695487976,0.02499997615814209,0.16
3,3,2,2,0.5328898429870605,3,0.08020830154418945,0.13333338499069214,0.026666641235351562,2,1.240447998046875,1,0.019999980926513672,0.02000001072883606,0.019999980926513672,2,1.2645578384399414,1,0.019999980926513672,0.02000001072883606,0.019999980926513672,0.16
4,4,8,8,0.7109830379486084,4,0.07145194709300995,0.1440001130104065,0.015999913215637207,8,2.470003843307495,3,0.07332593202590942,0.12250006198883057,0.027499914169311523,8,2.123425245285034,3,0.058565542101860046,0.12000000476837158,0.0,0.16
9,9,2,2,0.8887081146240234,5,0.064228855073452,0.1493334174156189,0.0,2,2.320441246032715,2,0.03730359300971031,0.047500014305114746,0.027499914169311523,2,2.3298749923706055,2,0.03985268622636795,0.047500014305114746,0.03249990940093994,0.16
6,6,3,3,1.2292602062225342,7,0.05629721283912659,0.15428584814071655,0.0057141780853271484,3,5.169336795806885,6,0.06668056547641754,0.1435767412185669,0.0021898746490478516,3,4.963104009628296,7,0.06136951968073845,0.14000001549720764,0.0,0.16
6,6,1,1,1.41935396194458,8,0.05254936218261719,0.15555566549301147,0.0044443607330322266,1,7.4983930587768555,7,0.05629996955394745,0.1352550983428955,0.0005142092704772949,1,9.106427192687988,10,0.06038711965084076,0.125,0.0,0.16
5,5,0,0,0.8891940116882324,5,0.06484194844961166,0.1493334174156189,0.0,0,3.9160587787628174,4,0.06780260801315308,0.10914066433906555,0.026484251022338867,0,3.446776866912842,4,0.0525689423084259,0.10000002384185791,0.004999995231628418,0.16
4,4,5,5,0.5345621109008789,3,0.07912908494472504,0.13333338499069214,0.026666641235351562,5,3.275908946990967,3,0.08180946856737137,0.09437501430511475,0.06562495231628418,5,2.995872974395752,3,0.0719316303730011,0.09000003337860107,0.04999995231628418,0.16
0,0,9,9,1.0645761489868164,6,0.05956520512700081,0.1523810625076294,0.0,9,2.8803470134735107,3,0.06559653580188751,0.09437501430511475,0.03687494993209839,9,2.3443949222564697,3,0.0799117460846901,0.11500003933906555,0.04499995708465576,0.16
7,7,6,6,1.0722079277038574,6,0.06036938726902008,0.1523810625076294,0.0,6,9.290201187133789,7,0.052661437541246414,0.10718417167663574,0.0015520453453063965,6,3.5110480785369873,4,0.05966562032699585,0.10375005006790161,0.01624995470046997,0.16
4,4,1,1,1.054508924484253,6,0.05805595591664314,0.1523810625076294,0.0,1,3.0456509590148926,3,0.08138460665941238,0.10375005006790161,0.05624997615814209,1,2.694340944290161,3,0.056135307997465134,0.10000002384185791,0.01249992847442627,0.16
0,0,4,4,1.0751001834869385,6,0.05928085744380951,0.1523810625076294,0.0,4,4.818634033203125,4,0.023502064868807793,0.0523340106010437,0.001572251319885254,4,4.843928098678589,4,0.024812303483486176,0.0523340106010437,0.0020214319229125977,0.16
1,1,4,4,0.8852779865264893,5,0.0639948695898056,0.1493334174156189,0.0,4,5.996817111968994,6,0.0555376261472702,0.12832647562026978,0.005482137203216553,4,3.4047110080718994,5,0.06136715039610863,0.1300000548362732,0.00999993085861206,0.16
3,3,0,0,1.2325446605682373,7,0.05589648708701134,0.15428584814071655,0.0057141780853271484,0,5.945348262786865,7,0.07007018476724625,0.15354007482528687,0.0015673637390136719,0,3.808847188949585,5,0.06422865390777588,0.14000001549720764,0.01249992847442627,0.16
1,1,5,5,0.542125940322876,3,0.08025931566953659,0.13333338499069214,0.026666641235351562,5,1.2037689685821533,2,0.07983361929655075,0.12000000476837158,0.039999961853027344,5,2.1356523036956787,3,0.049939919263124466,0.10000002384185791,0.019999921321868896,0.16
3,3,9,9,0.7114019393920898,4,0.07162031531333923,0.1440001130104065,0.015999913215637207,9,4.316240072250366,4,0.039661988615989685,0.07960939407348633,0.009609341621398926,9,3.2150988578796387,4,0.05333651602268219,0.10750001668930054,0.0024999380111694336,0.16
4,4,1,1,1.0752241611480713,6,0.059321239590644836,0.1523810625076294,0.0,1,2.68349289894104,3,0.0561695359647274,0.10375005006790161,0.008749961853027344,1,1.9529681205749512,3,0.07983062416315079,0.12500005960464478,0.034999966621398926,0.16
7,7,2,2,0.538654088973999,3,0.07995603233575821,0.13333338499069214,0.026666641235351562,2,1.9345920085906982,2,0.04077523574233055,0.07000002264976501,0.009999990463256836,2,1.9255380630493164,2,0.04077523574233055,0.0700000524520874,0.009999960660934448,0.16
2,2,7,7,0.538128137588501,3,0.07998012006282806,0.13333338499069214,0.026666641235351562,7,2.3132591247558594,2,0.03772132098674774,0.047500014305114746,0.027499914169311523,7,2.1081411838531494,2,0.040331996977329254,0.05500003695487976,0.02499997615814209,0.16
7,7,8,8,0.7177138328552246,4,0.07148914784193039,0.1440001130104065,0.015999913215637207,8,2.4780232906341553,3,0.052828650921583176,0.10750001668930054,0.0024999380111694336,8,1.924504041671753,3,0.059734780341386795,0.12000000476837158,0.03999990224838257,0.16
1,1,9,9,1.236320972442627,7,0.05626334622502327,0.15428584814071655,0.0057141780853271484,9,6.367117643356323,6,0.05730706825852394,0.13536500930786133,0.00317499041557312,9,3.382633924484253,4,0.06268014758825302,0.1300000101327896,0.009999871253967285,0.16
2,2,8,8,0.7168319225311279,4,0.07213902473449707,0.1440001130104065,0.015999913215637207,8,3.342005968093872,4,0.07031440734863281,0.12937504053115845,0.010624945163726807,8,2.0931200981140137,3,0.05935744196176529,0.12000000476837158,0.0,0.16
1,1,3,3,0.8938260078430176,5,0.06380169093608856,0.1493334174156189,0.0,3,5.129711866378784,5,0.06578712165355682,0.11231935024261475,0.01893061399459839,3,3.049278974533081,3,0.04029983654618263,0.08125007152557373,0.001249939203262329,0.16
1,1,9,9,0.7218120098114014,4,0.07169429212808609,0.1440001130104065,0.015999913215637207,9,2.301553964614868,3,0.05801939219236374,0.11500000953674316,0.024999916553497314,9,1.5985140800476074,3,0.08019871264696121,0.14000001549720764,0.019999951124191284,0.16
7,7,2,2,0.35715723037719727,2,0.10666663944721222,0.1066666841506958,0.10666656494140625,2,1.0449340343475342,1,0.039999961853027344,0.04000002145767212,0.039999961853027344,2,1.0771358013153076,1,0.039999961853027344,0.04000002145767212,0.039999961853027344,0.16
4,4,0,0,1.23524808883667,7,0.05590422451496124,0.15428584814071655,0.0057141780853271484,0,3.7427520751953125,4,0.05156978964805603,0.11078125238418579,0.007656216621398926,0,3.206434965133667,4,0.04465213418006897,0.08000004291534424,0.00999993085861206,0.16
2,2,1,1,0.7157130241394043,4,0.07139264047145844,0.1440001130104065,0.015999913215637207,1,1.9597339630126953,3,0.06909297406673431,0.125,0.014999955892562866,1,3.072237730026245,3,0.0749058946967125,0.08500003814697266,0.06499993801116943,0.16
3,3,6,6,1.0498969554901123,6,0.06002611666917801,0.1523810625076294,0.0,6,3.5749120712280273,4,0.056718237698078156,0.11781251430511475,0.005312442779541016,6,3.548137903213501,4,0.053689081221818924,0.11500006914138794,0.00999993085861206,0.16
5,5,8,8,0.5182578563690186,3,0.07906388491392136,0.13333338499069214,0.026666641235351562,8,1.2077319622039795,2,0.07922296971082687,0.12000000476837158,0.039999961853027344,8,1.2311899662017822,2,0.039222996681928635,0.08000004291534424,0.0,0.16
1,1,0,0,0.5348937511444092,3,0.08019270747900009,0.13333338499069214,0.026666641235351562,0,2.1182079315185547,2,0.04150008037686348,0.05500000715255737,0.02499997615814209,0,2.107975959777832,2,0.03700012341141701,0.05500000715255737,0.014999985694885254,0.16
2,2,8,8,0.7041089534759521,4,0.07162350416183472,0.1440001130104065,0.015999913215637207,8,1.787081003189087,2,0.0794602632522583,0.10000002384185791,0.059999942779541016,8,2.3054659366607666,3,0.059272401034832,0.10000002384185791,0.019999980926513672,0.16
4,4,2,2,0.714379072189331,4,0.07151104509830475,0.1440001130104065,0.015999913215637207,2,2.3523120880126953,2,0.02072521671652794,0.03750002384185791,0.002499997615814209,2,2.1276228427886963,2,0.03582878038287163,0.05500000715255737,0.014999985694885254,0.16
4,4,6,6,0.888962984085083,5,0.06428144127130508,0.1493334174156189,0.0,6,3.4486207962036133,3,0.03288448601961136,0.06156250834465027,0.004062473773956299,6,2.3103790283203125,3,0.05999133735895157,0.11500003933906555,0.00499996542930603,0.16
7,7,6,6,0.8740129470825195,5,0.07225384563207626,0.1680002212524414,0.0,6,4.038663864135742,4,0.07751423865556717,0.14093267917633057,0.015336811542510986,6,2.4880270957946777,3,0.07852385938167572,0.11250007152557373,0.04499995708465576,0.18
2,2,0,0,0.7145867347717285,4,0.08171963691711426,0.16200017929077148,0.017999887466430664,0,2.696758985519409,3,0.06290202587842941,0.1167188286781311,0.009843707084655762,0,2.5142099857330322,3,0.06725967675447464,0.1012500524520874,0.033749938011169434,0.18
1,1,0,0,0.8852348327636719,5,0.0727238804101944,0.1680002212524414,0.0,0,4.781093120574951,5,0.08422762900590897,0.14423954486846924,0.02451038360595703,0,3.4154298305511475,4,0.07938074320554733,0.1012500524520874,0.05624997615814209,0.18
0,0,1,1,0.892052173614502,5,0.07282431423664093,0.1680002212524414,0.0,1,4.018127918243408,4,0.06414250284433365,0.11540043354034424,0.013798803091049194,1,3.347789764404297,4,0.0504731610417366,0.1012500524520874,0.0,0.18
4,4,6,6,0.8854730129241943,5,0.07175607979297638,0.1680002212524414,0.0,6,4.01308798789978,4,0.0871548280119896,0.12278330326080322,0.05159175395965576,6,3.0582730770111084,3,0.03881031647324562,0.0787501335144043,0.0,0.18
1,1,3,3,1.2506160736083984,7,0.062167901545763016,0.17357158660888672,0.00642848014831543,3,3.8292479515075684,6,0.08993099629878998,0.1750781536102295,0.004921853542327881,3,9.892385959625244,9,0.043164778500795364,0.1012500524520874,0.0,0.18
4,4,3,3,1.0762228965759277,5,0.0727752149105072,0.1680002212524414,0.0,3,4.854276895523071,5,0.0634123757481575,0.15231454372406006,0.0034276843070983887,3,4.176343679428101,4,0.05872764810919762,0.1012500524520874,0.01687493920326233,0.18
9,9,7,7,0.8314881324768066,4,0.08059725165367126,0.16200017929077148,0.017999887466430664,7,2.686440944671631,3,0.07851316779851913,0.14062505960464478,0.01687490940093994,7,2.1611359119415283,3,0.044714074581861496,0.09000003337860107,0.0,0.18
5,5,0,0,0.5358808040618896,3,0.08993303030729294,0.15000009536743164,0.029999971389770508,0,2.696263074874878,3,0.06297538429498672,0.11671876907348633,0.009843707084655762,0,1.7946510314941406,3,0.09020421653985977,0.1350000500679016,0.04499995708465576,0.18
9,9,6,6,1.1891798973083496,6,0.06670579314231873,0.17142879962921143,0.0,6,9.015795946121216,7,0.07668469101190567,0.11286234855651855,0.04059523344039917,6,4.355639219284058,5,0.0526203028857708,0.1012500524520874,0.0021092891693115234,0.18
0,0,6,6,0.5532121658325195,3,0.08880260586738586,0.15000009536743164,0.029999971389770508,6,1.4160561561584473,2,0.06618526577949524,0.11250007152557373,0.02249997854232788,6,1.4091708660125732,2,0.06684265285730362,0.09000003337860107,0.04499995708465576,0.18
6,6,3,3,0.8845880031585693,5,0.07195442169904709,0.1680002212524414,0.0,3,2.936918020248413,3,0.06472484022378922,0.1146094799041748,0.01617184281349182,3,4.06037712097168,4,0.06710220873355865,0.10371100902557373,0.03128901124000549,0.18
9,9,8,8,0.8930139541625977,4,0.08129751682281494,0.16200017929077148,0.017999887466430664,8,1.8147380352020264,3,0.08972319960594177,0.1575000286102295,0.022499918937683105,8,2.7756030559539795,3,0.06800690293312073,0.1012500524520874,0.033749938011169434,0.18
0,0,5,5,1.3254902362823486,7,0.06237434968352318,0.17357158660888672,0.00642848014831543,5,5.8325560092926025,5,0.05805971845984459,0.1225278377532959,0.0036666393280029297,5,4.258114814758301,5,0.06698749214410782,0.1357032060623169,0.0007030367851257324,0.18
1,1,4,4,0.7288501262664795,4,0.08132118731737137,0.16200017929077148,0.017999887466430664,4,3.5675578117370605,4,0.08468956500291824,0.15890628099441528,0.009843707084655762,4,1.5947120189666748,3,0.08967985957860947,0.15750005841255188,0.022499948740005493,0.18
5,5,4,4,0.7105710506439209,4,0.08230101317167282,0.16200017929077148,0.017999887466430664,4,4.611939907073975,4,0.02994738705456257,0.06695079803466797,0.0022631287574768066,4,3.34847092628479,3,0.04076191410422325,0.07664072513580322,0.0077342987060546875,0.18
9,9,6,6,0.7233350276947021,4,0.08040425926446915,0.16200017929077148,0.017999887466430664,6,3.0834121704101562,3,0.04521996155381203,0.09140634536743164,0.012656211853027344,6,2.6719889640808105,3,0.06671586632728577,0.11250007152557373,0.022499918937683105,0.18
7,7,3,3,0.5230858325958252,3,0.09012994170188904,0.15000009536743164,0.029999971389770508,3,2.096755027770996,2,0.03941090404987335,0.061875104904174805,0.01687490940093994,3,2.113859176635742,2,0.04502694308757782,0.061875104904174805,0.02812492847442627,0.18
3,3,5,5,0.3807101249694824,2,0.12000003457069397,0.12000012397766113,0.1199999749660492,5,1.083280086517334,1,0.04500002786517143,0.04500007629394531,0.04499995708465576,5,1.0886750221252441,1,0.04500002786517143,0.04500007629394531,0.04499995708465576,0.18
4,4,2,2,0.5362751483917236,3,0.0887659415602684,0.15000009536743164,0.029999971389770508,2,1.4686188697814941,2,0.06680169701576233,0.11250007152557373,0.02249997854232788,2,0.9055640697479248,2,0.0893016830086708,0.1350000500679016,0.04499995708465576,0.18
9,9,0,0,0.5464620590209961,3,0.09086973965167999,0.15000009536743164,0.029999971389770508,0,0.9321079254150391,2,0.09038025885820389,0.1350000500679016,0.04499995708465576,0,1.5471000671386719,2,0.0676901713013649,0.09000003337860107,0.04499995708465576,0.18
6,6,4,4,0.9584057331085205,5,0.07275352627038956,0.1680002212524414,0.0,4,4.768662929534912,6,0.08464699238538742,0.16385018825531006,0.004899859428405762,4,2.566021203994751,4,0.07340274006128311,0.15750005841255188,0.022499918937683105,0.18
6,6,8,8,0.37400078773498535,2,0.12000004947185516,0.12000012397766113,0.1199999749660492,8,1.109201192855835,1,0.04500003904104233,0.04500007629394531,0.04499995708465576,8,1.1238141059875488,1,0.04500003904104233,0.04500007629394531,0.04499995708465576,0.18
5,5,6,6,0.5536298751831055,3,0.0894961729645729,0.15000009536743164,0.029999971389770508,6,1.6332921981811523,2,0.078423872590065,0.1012500524520874,0.05624997615814209,6,1.473733901977539,2,0.06717388331890106,0.09000003337860107,0.04499995708465576,0.18
4,4,7,7,0.5559999942779541,3,0.08905293792486191,0.15000009536743164,0.029999971389770508,7,1.7700352668762207,2,0.09032199531793594,0.11250007152557373,0.06749999523162842,7,1.4353468418121338,2,0.06814394891262054,0.11250007152557373,0.022499918937683105,0.18
0,0,5,5,0.7491309642791748,4,0.0806611105799675,0.16200017929077148,0.017999887466430664,5,1.7754101753234863,2,0.06762678921222687,0.11250007152557373,0.02249997854232788,5,1.6150109767913818,2,0.09012678265571594,0.1350000500679016,0.04499995708465576,0.18
7,7,5,5,0.5201971530914307,3,0.0884733721613884,0.15000009536743164,0.029999971389770508,5,2.2016310691833496,2,0.0391346774995327,0.061875104904174805,0.01687490940093994,5,1.9568166732788086,2,0.04463951289653778,0.0787501335144043,0.011249899864196777,0.18
4,4,7,7,0.5340197086334229,3,0.08872050046920776,0.15000009536743164,0.029999971389770508,7,1.404768943786621,2,0.0890786424279213,0.1350000500679016,0.04499995708465576,7,1.3308651447296143,2,0.044078659266233444,0.09000003337860107,0.0,0.18
0,0,5,5,0.8888928890228271,5,0.07187693566083908,0.1680002212524414,0.0,5,3.493896961212158,4,0.0782509297132492,0.12832045555114746,0.029179662466049194,5,3.6682679653167725,4,0.05006612464785576,0.1012500524520874,0.01687490940093994,0.18
1,1,9,9,0.8668181896209717,5,0.07260237634181976,0.1680002212524414,0.0,9,11.206138849258423,11,0.06983475387096405,0.1746518611907959,0.00012731552124023438,9,5.419469833374023,6,0.05215873569250107,0.11250007152557373,0.0007030963897705078,0.18
3,3,8,8,0.5294699668884277,3,0.08858417719602585,0.15000009536743164,0.029999971389770508,8,2.118569850921631,2,0.03877713531255722,0.061875104904174805,0.01687490940093994,8,1.9194591045379639,2,0.04410319775342941,0.0787501335144043,0.011249899864196777,0.18
1,1,5,5,0.5180759429931641,3,0.09039541333913803,0.15000009536743164,0.029999971389770508,5,1.5893769264221191,2,0.07871953397989273,0.1012500524520874,0.05624997615814209,5,1.4041039943695068,2,0.06746954470872879,0.09000003337860107,0.04499995708465576,0.18
3,3,8,8,0.5293841361999512,3,0.08879543840885162,0.15000009536743164,0.029999971389770508,8,2.081232786178589,2,0.03905724361538887,0.061875104904174805,0.01687490940093994,8,2.098863124847412,2,0.04476169869303703,0.061875104904174805,0.02812492847442627,0.18
4,4,2,2,0.3442981243133545,2,0.12000004947185516,0.12000012397766113,0.1199999749660492,2,1.0470430850982666,1,0.04500003904104233,0.04500007629394531,0.04499995708465576,2,1.072868824005127,1,0.04500003904104233,0.04500007629394531,0.04499995708465576,0.18
7,7,5,5,0.5301320552825928,3,0.08960379660129547,0.15000009536743164,0.029999971389770508,5,1.5617802143096924,2,0.07842536270618439,0.1012500524520874,0.05624997615814209,5,1.2299847602844238,2,0.04435070604085922,0.09000003337860107,0.0,0.18
2,2,4,4,0.7080841064453125,4,0.08025215566158295,0.16200017929077148,0.017999887466430664,4,2.463214874267578,3,0.07840877026319504,0.12093758583068848,0.036562442779541016,4,2.273685932159424,3,0.06729552894830704,0.12937510013580322,0.005624890327453613,0.18
7,7,9,9,0.7072038650512695,4,0.08003237098455429,0.16200017929077148,0.017999887466430664,9,2.4510509967803955,3,0.06001214310526848,0.12093758583068848,0.0028124451637268066,9,2.085631847381592,3,0.05621863529086113,0.11250007152557373,0.022499918937683105,0.18
1,1,8,8,0.7008118629455566,4,0.0808911845088005,0.16200017929077148,0.017999887466430664,8,2.4551942348480225,3,0.08386498689651489,0.1378125548362732,0.03093743324279785,8,2.2743899822235107,3,0.06726296246051788,0.11250007152557373,0.022499948740005493,0.18
2,2,3,3,0.5254578590393066,3,0.08963887393474579,0.15000009536743164,0.029999971389770508,3,1.573638916015625,2,0.0786702036857605,0.1012500524520874,0.05624997615814209,3,0.8605120182037354,2,0.08984038978815079,0.1350000500679016,0.04499995708465576,0.18
1,1,8,8,0.34853196144104004,2,0.12000004947185516,0.12000012397766113,0.1199999749660492,8,1.0547938346862793,1,0.04500003904104233,0.04500007629394531,0.04499995708465576,8,1.0417120456695557,1,0.04500003904104233,0.04500007629394531,0.04499995708465576,0.18
1,1,3,3,1.0414130687713623,6,0.06607920676469803,0.17142879962921143,0.0,3,4.461112976074219,5,0.09016985446214676,0.14985358715057373,0.030146479606628418,3,4.189013957977295,5,0.04370395466685295,0.11109387874603271,0.0028124451637268066,0.18
7,7,9,9,0.6979842185974121,4,0.08053962886333466,0.16200017929077148,0.017999887466430664,9,2.950214147567749,4,0.0649535283446312,0.15468758344650269,0.002812497317790985,8,10.918577909469604,24,0.047579504549503326,0.1012500524520874,0.0022851228713989258,0.18
4,4,2,2,0.7052361965179443,4,0.081060029566288,0.16200017929077148,0.017999887466430664,2,2.2821011543273926,2,0.023125167936086655,0.04218757152557373,0.0028124451637268066,2,2.2873411178588867,2,0.023125167936086655,0.04218757152557373,0.0028124451637268066,0.18
2,2,9,9,0.892805814743042,5,0.07196494191884995,0.1680002212524414,0.0,9,2.6430280208587646,4,0.07935692369937897,0.16031253337860107,0.0028124451637268066,9,3.620187997817993,4,0.07354673743247986,0.09000003337860107,0.05765619874000549,0.18
3,3,7,7,0.7011051177978516,4,0.0816127210855484,0.16200017929077148,0.017999887466430664,7,2.4497427940368652,3,0.0834849551320076,0.1378125548362732,0.03093743324279785,7,2.118959903717041,3,0.05579112842679024,0.11250007152557373,0.022499918937683105,0.18
5,5,7,7,0.7083849906921387,4,0.08121859282255173,0.16200017929077148,0.017999887466430664,7,3.1519980430603027,3,0.03889571130275726,0.07664072513580322,0.0077342987060546875,7,4.358627080917358,4,0.03402964398264885,0.0655665397644043,0.0019335150718688965,0.18
1,1,9,9,0.8829140663146973,5,0.07202266156673431,0.1680002212524414,0.0,9,2.80108380317688,4,0.06744610518217087,0.1504688262939453,0.012656211853027344,9,3.2366819381713867,4,0.06728082150220871,0.12937510013580322,0.005624949932098389,0.18
2,2,1,1,1.0877330303192139,6,0.06691670417785645,0.17142879962921143,0.0,1,4.02327299118042,5,0.06766003370285034,0.1578516960144043,0.005273401737213135,1,3.195030927658081,4,0.05369722098112106,0.11250007152557373,0.011249899864196777,0.18
4,4,8,8,0.3713340759277344,2,0.12000004947185516,0.12000012397766113,0.1199999749660492,8,2.4084060192108154,2,0.08424677699804306,0.09562504291534424,0.0731249451637268,8,2.085792064666748,2,0.08987178653478622,0.1012500524520874,0.07874995470046997,0.18
4,4,7,7,0.5722582340240479,3,0.0895974189043045,0.15000009536743164,0.029999971389770508,7,2.4872217178344727,2,0.021878788247704506,0.03234380483627319,0.009843707084655762,7,2.4581291675567627,2,0.02318691462278366,0.03234380483627319,0.012656211853027344,0.18
7,7,5,5,0.8688030242919922,5,0.07867296785116196,0.1866668462753296,0.0,5,5.816904783248901,6,0.08179591596126556,0.1717376708984375,0.002090446650981903,5,3.338592052459717,4,0.06004386767745018,0.13437509536743164,0.0031249523162841797,0.2
2,2,3,3,0.5257179737091064,3,0.09945259243249893,0.16666674613952637,0.03333330154418945,3,2.3063879013061523,2,0.026768289506435394,0.0468750074505806,0.0031249821186065674,3,2.128923177719116,2,0.04577089846134186,0.06875002384185791,0.018749982118606567,0.2
1,1,3,3,1.2121798992156982,7,0.06932997703552246,0.1928572654724121,0.0071427226066589355,3,5.596681118011475,7,0.08364925533533096,0.19102799892425537,0.0005980134010314941,3,8.47830605506897,8,0.08004278689622879,0.12343752384185791,0.03549802303314209,0.2
0,0,8,8,0.6972541809082031,4,0.08981557935476303,0.1800001859664917,0.019999921321868896,8,4.581676006317139,5,0.08182067424058914,0.16411149501800537,4.875659942626953e-05,8,3.1848011016845703,4,0.0511915497481823,0.11250001192092896,0.0031249523162841797,0.2
4,4,7,7,1.1281192302703857,6,0.07449689507484436,0.1904764175415039,0.0,7,3.144611120223999,3,0.08183757215738297,0.11796879768371582,0.04609370231628418,7,3.0489909648895264,4,0.04813706874847412,0.10000002384185791,0.0,0.2
1,1,2,2,0.8830969333648682,5,0.08006822317838669,0.1866668462753296,0.0,2,3.542142868041992,5,0.08826511353254318,0.18359386920928955,0.00859367847442627,2,2.674919843673706,4,0.08775963634252548,0.17500007152557373,0.0,0.2
4,4,0,0,0.8855941295623779,5,0.07966981083154678,0.1866668462753296,0.0,0,4.766669750213623,4,0.04353758320212364,0.08874523639678955,0.005004763603210449,0,4.253591775894165,5,0.049833666533231735,0.09101569652557373,0.008984267711639404,0.2
9,9,1,1,0.8841841220855713,5,0.0796310156583786,0.1866668462753296,0.0,1,4.345802068710327,4,0.07912886142730713,0.12053227424621582,0.03840327262878418,1,3.8260302543640137,4,0.07471463084220886,0.11796879768371582,0.03203120827674866,0.2
5,5,0,0,0.5269770622253418,3,0.09978032857179642,0.16666674613952637,0.03333330154418945,0,1.2169208526611328,2,0.10017737001180649,0.15000009536743164,0.04999995231628418,0,1.7489290237426758,3,0.10013756901025772,0.15000009536743164,0.04999995231628418,0.2
9,9,1,1,1.232192039489746,7,0.06872913986444473,0.1928572654724121,0.0071427226066589355,1,4.010363817214966,4,0.07388291507959366,0.12583011388778687,0.022509723901748657,1,3.5447399616241455,4,0.07016419619321823,0.1250000298023224,0.015624940395355225,0.2
0,0,9,9,0.521049976348877,3,0.099087655544281,0.16666674613952637,0.03333330154418945,9,1.5711281299591064,2,0.08723926544189453,0.11250007152557373,0.062499940395355225,9,1.416287899017334,2,0.07473927736282349,0.10000002384185791,0.04999995231628418,0.2
6,6,8,8,0.7213318347930908,4,0.0904700756072998,0.1800001859664917,0.019999921321868896,8,2.352180004119873,3,0.07248037308454514,0.14375007152557373,0.031249970197677612,8,1.8098039627075195,3,0.07521827518939972,0.15000009536743164,0.0,0.2
9,9,7,7,0.5467369556427002,3,0.09979361295700073,0.16666674613952637,0.03333330154418945,7,1.415316104888916,2,0.07515610009431839,0.125,0.02499997615814209,7,1.4325478076934814,2,0.075078085064888,0.10000002384185791,0.04999995231628418,0.2
0,0,6,6,1.0558340549468994,6,0.07348457723855972,0.1904764175415039,0.0,6,3.268562078475952,4,0.08872617036104202,0.16718757152557373,0.007812440395355225,6,3.3739750385284424,4,0.0552799329161644,0.11250007152557373,0.0,0.2
1,1,9,9,1.0529332160949707,6,0.07464785128831863,0.1904764175415039,0.0,9,6.380916118621826,6,0.0886424258351326,0.14206433296203613,0.03371691703796387,9,3.8477370738983154,5,0.049474865198135376,0.09453129768371582,0.00546872615814209,0.2
5,5,0,0,0.5257821083068848,3,0.09930112212896347,0.16666674613952637,0.03333330154418945,0,1.3941562175750732,2,0.07421209663152695,0.125,0.02499997615814209,0,1.419908046722412,2,0.07460608333349228,0.10000002384185791,0.04999995231628418,0.2
9,9,8,8,0.5290122032165527,3,0.09940563887357712,0.16666674613952637,0.03333330154418945,8,1.4118218421936035,2,0.07456021010875702,0.125,0.02499997615814209,8,1.2258968353271484,2,0.04956023022532463,0.10000002384185791,0.0,0.2
7,7,2,2,0.5284268856048584,3,0.10012046992778778,0.16666674613952637,0.03333330154418945,2,2.1236701011657715,2,0.043644018471241,0.06875002384185791,0.01874995231628418,2,2.1069068908691406,2,0.049920517951250076,0.06875002384185791,0.031249940395355225,0.2
3,3,6,6,0.6917877197265625,4,0.0897836908698082,0.1800001859664917,0.019999921321868896,6,14.017678260803223,17,0.1006142869591713,0.1999683380126953,3.170967102050781e-05,6,3.207014799118042,4,0.09387368708848953,0.15000009536743164,0.037499964237213135,0.2
4,4,7,7,0.5396978855133057,3,0.09910093992948532,0.16666674613952637,0.03333330154418945,7,2.1029739379882812,2,0.0508076548576355,0.06875002384185791,0.03125,7,2.1169726848602295,2,0.04482688754796982,0.06875002384185791,0.018749982118606567,0.2
9,9,7,7,0.3498690128326416,2,0.13333337008953094,0.13333344459533691,0.13333329558372498,7,1.0642390251159668,1,0.04999999329447746,0.05000007152557373,0.04999995231628418,7,1.073718786239624,1,0.04999999329447746,0.05000007152557373,0.04999995231628418,0.2
6,6,4,4,0.8916370868682861,5,0.08020995557308197,0.1866668462753296,0.0,4,4.275298833847046,5,0.07433676719665527,0.16411137580871582,0.0044432878494262695,4,3.888573169708252,5,0.08145280927419662,0.17500007152557373,0.01874983310699463,0.2
6,6,8,8,0.3425631523132324,2,0.13333337008953094,0.13333344459533691,0.13333329558372498,8,1.2228600978851318,1,0.02499997988343239,0.025000005960464478,0.02499997615814209,8,1.23152494430542,1,0.02499997988343239,0.025000005960464478,0.02499997615814209,0.2
5,5,3,3,0.7059957981109619,4,0.09119100868701935,0.1800001859664917,0.019999921321868896,3,2.4517838954925537,3,0.06759374588727951,0.13437509536743164,0.0031249523162841797,3,2.4703190326690674,3,0.07521642744541168,0.11250007152557373,0.037499964237213135,0.2
4,4,5,5,0.7047293186187744,4,0.08971381932497025,0.1800001859664917,0.019999921321868896,5,3.5823769569396973,3,0.030669141560792923,0.05644536018371582,0.0064452290534973145,5,3.053680181503296,3,0.044862762093544006,0.06875002384185791,0.018749982118606567,0.2
0,0,4,4,0.8706629276275635,5,0.08042766898870468,0.1866668462753296,0.0,4,3.715045213699341,4,0.08487482368946075,0.15761733055114746,0.01191401481628418,4,3.5169708728790283,4,0.10021531581878662,0.1507812738418579,0.049218714237213135,0.2
7,7,8,8,0.878267765045166,5,0.08013146370649338,0.1866668462753296,0.0,8,3.520097017288208,4,0.06450700014829636,0.142578125,0.016015589237213135,8,5.17092490196228,5,0.07411199808120728,0.15156257152557373,0.001562356948852539,0.2
4,4,5,5,0.5213699340820312,3,0.09982550144195557,0.16666674613952637,0.03333330154418945,5,2.29709792137146,2,0.026774397119879723,0.0468750074505806,0.0031249821186065674,5,2.3110978603363037,2,0.026774361729621887,0.0468750074505806,0.0031249523162841797,0.2
0,0,5,5,0.8860571384429932,5,0.08035822957754135,0.1866668462753296,0.0,5,3.5075910091400146,4,0.08644135296344757,0.14257824420928955,0.03242182731628418,5,3.0014638900756836,3,0.08818303048610687,0.11250001192092896,0.062499985098838806,0.2
1,1,7,7,1.0817759037017822,6,0.07371576875448227,0.1904764175415039,0.0,7,6.729948997497559,8,0.09081525355577469,0.1913083791732788,0.0016849040985107422,7,4.3856401443481445,6,0.049629732966423035,0.11250001192092896,0.0,0.2
3,3,8,8,0.5276892185211182,3,0.09855707734823227,0.16666674613952637,0.03333330154418945,8,2.107215166091919,2,0.04291525483131409,0.06875002384185791,0.01874995231628418,8,2.106516122817993,2,0.049373943358659744,0.06875002384185791,0.031249940395355225,0.2
1,1,5,5,0.5297772884368896,3,0.1004747748374939,0.16666674613952637,0.03333330154418945,5,1.5651910305023193,2,0.08742129057645798,0.11250007152557373,0.062499940395355225,5,1.2357580661773682,2,0.04984256625175476,0.10000002384185791,0.0,0.2
3,3,5,5,0.7074811458587646,4,0.09033243358135223,0.1800001859664917,0.019999921321868896,5,4.6230690479278564,4,0.035768307745456696,0.07438969612121582,0.0025146007537841797,5,4.194908857345581,4,0.04567496478557587,0.09951174259185791,0.005761682987213135,0.2
4,4,9,9,0.7045559883117676,4,0.09097550064325333,0.1800001859664917,0.019999921321868896,9,2.2807421684265137,3,0.07302851974964142,0.14375007152557373,0.031249970197677612,9,1.2350029945373535,3,0.09997711330652237,0.17500007152557373,0.024999946355819702,0.2
7,7,5,5,0.5367369651794434,3,0.09907348453998566,0.16666674613952637,0.03333330154418945,5,1.3946349620819092,2,0.07459209114313126,0.125,0.02499997615814209,5,1.2362570762634277,2,0.049592114984989166,0.10000002384185791,0.0,0.2
2,2,4,4,0.5252950191497803,3,0.09944727271795273,0.16666674613952637,0.03333330154418945,4,2.4355242252349854,3,0.08709929883480072,0.13437509536743164,0.040624916553497314,4,2.2918429374694824,3,0.07437245547771454,0.14375007152557373,0.006249904632568359,0.2
7,7,5,5,1.0607080459594727,6,0.07401363551616669,0.1904764175415039,0.0,5,8.619152784347534,7,0.09065786749124527,0.15842068195343018,0.023220032453536987,5,3.2540171146392822,4,0.060963112860918045,0.1250000298023224,0.018749892711639404,0.2
1,1,9,9,0.8804812431335449,5,0.08038179576396942,0.1866668462753296,0.0,9,4.9838480949401855,6,0.08776717633008957,0.18325203657150269,0.008251845836639404,9,3.530496835708618,4,0.07593035697937012,0.15625011920928955,0.006249964237213135,0.2
2,2,3,3,0.5258321762084961,3,0.10011602938175201,0.16666674613952637,0.03333330154418945,3,2.0925068855285645,2,0.04396622255444527,0.06875002384185791,0.01874995231628418,3,2.1244590282440186,2,0.050162170082330704,0.06875002384185791,0.031249940395355225,0.2
1,1,3,3,0.8977668285369873,5,0.08054547756910324,0.1866668462753296,0.0,3,5.138495922088623,5,0.08196549117565155,0.14039921760559082,0.023663222789764404,3,2.3013060092926025,3,0.061772383749485016,0.12500011920928955,0.01249992847442627,0.2
1,1,8,8,0.5348742008209229,3,0.09931175410747528,0.16666674613952637,0.03333330154418945,8,1.393738031387329,2,0.07426324486732483,0.125,0.02499997615814209,8,1.2286579608917236,2,0.04926327243447304,0.10000002384185791,0.0,0.2
7,7,6,6,1.4035027027130127,8,0.06481335312128067,0.1944446563720703,0.005555391311645508,6,4.781270980834961,5,0.08582303673028946,0.16291511058807373,0.006616115570068359,6,3.512299060821533,5,0.0641387403011322,0.1625000238418579,0.01249992847442627,0.2
4,4,6,6,0.8864667415618896,5,0.07966184616088867,0.1866668462753296,0.0,6,2.452183723449707,2,0.02382858470082283,0.03593751788139343,0.01093745231628418,6,2.2718560695648193,2,0.02568444237112999,0.0468750074505806,0.0031249523162841797,0.2
2,2,6,6,0.530933141708374,3,0.0997927263379097,0.16666674613952637,0.03333330154418945,6,1.2413837909698486,1,0.02499997988343239,0.025000005960464478,0.02499997615814209,6,1.2232940196990967,1,0.02499997988343239,0.025000005960464478,0.02499997615814209,0.2
3,3,7,7,0.6956701278686523,4,0.09078284353017807,0.1800001859664917,0.019999921321868896,7,2.6043272018432617,3,0.06958828121423721,0.12968754768371582,0.01093745231628418,7,2.2671689987182617,3,0.055568914860486984,0.11250007152557373,0.012499958276748657,0.2
5,5,2,2,0.8752608299255371,5,0.080245740711689,0.1866668462753296,0.0,2,3.483804941177368,3,0.02935238927602768,0.05644536018371582,0.00957024097442627,2,3.2877860069274902,3,0.03427228704094887,0.06601563096046448,0.016015589237213135,0.2
1,1,7,7,1.0509729385375977,6,0.07335474342107773,0.1904764175415039,0.0,7,2.265226125717163,3,0.07190355658531189,0.14375007152557373,0.031249970197677612,7,1.7628028392791748,3,0.07491003721952438,0.15000009536743164,0.0,0.2
2,2,0,0,0.887070894241333,5,0.07936881482601166,0.1866668462753296,0.0,0,2.9986391067504883,3,0.09322348237037659,0.12968766689300537,0.05781245231628418,0,2.2731263637542725,3,0.07406412810087204,0.14375007152557373,0.006249904632568359,0.2
4,4,9,9,0.35455989837646484,2,0.13333337008953094,0.13333344459533691,0.13333329558372498,9,1.2324488162994385,1,0.02499997988343239,0.025000005960464478,0.02499997615814209,9,1.2424688339233398,1,0.02499997988343239,0.025000005960464478,0.02499997615814209,0.2
4,4,3,3,0.5278189182281494,3,0.10029584914445877,0.16666674613952637,0.03333330154418945,3,2.278826951980591,2,0.026026861742138863,0.0468750074505806,0.0031249821186065674,3,2.28568696975708,2,0.026026824489235878,0.0468750074505806,0.0031249523162841797,0.2
7,7,3,3,0.5317649841308594,3,0.1102299615740776,0.1833333969116211,0.0366666316986084,3,2.281085252761841,2,0.028374094516038895,0.05156254768371582,0.0034374594688415527,3,2.2789061069488525,2,0.028374111279845238,0.05156254768371582,0.0034374594688415527,0.22
2,2,5,5,0.5495140552520752,3,0.10825105011463165,0.1833333969116211,0.0366666316986084,5,3.3346471786499023,3,0.03790470212697983,0.0726172924041748,0.01761716604232788,5,3.335494041442871,3,0.037889234721660614,0.0726172924041748,0.01761716604232788,0.22
1,1,6,6,0.5310530662536621,3,0.10971257835626602,0.1833333969116211,0.0366666316986084,6,2.226898193359375,2,0.055702365934848785,0.07562506198883057,0.03437495231628418,6,2.409914255142212,2,0.02831944264471531,0.05156254768371582,0.0034374594688415527,0.22
0,0,5,5,0.7570538520812988,4,0.09935370087623596,0.19800007343292236,0.02199995517730713,5,6.627438068389893,5,0.033541686832904816,0.07180511951446533,0.004773736000061035,5,4.43371319770813,4,0.04953824728727341,0.10156744718551636,0.011332988739013672,0.22
4,4,7,7,1.1192240715026855,6,0.0801585242152214,0.20952391624450684,0.0,7,4.484471082687378,5,0.08598285913467407,0.1844702959060669,0.0017455816268920898,7,2.557451009750366,3,0.055582109838724136,0.11000001430511475,0.006874978542327881,0.22
1,1,5,5,0.6964199542999268,4,0.09863871335983276,0.19800007343292236,0.02199995517730713,5,1.5799190998077393,2,0.09606476873159409,0.12375003099441528,0.06874996423721313,5,1.3968241214752197,2,0.08231478184461594,0.11000001430511475,0.0549999475479126,0.22
4,4,5,5,0.6836929321289062,4,0.09948552399873734,0.19800007343292236,0.02199995517730713,5,2.471404790878296,2,0.025942038744688034,0.03953129053115845,0.012031197547912598,5,2.4798829555511475,2,0.027640700340270996,0.03953129053115845,0.015468716621398926,0.22
9,9,7,7,0.705773115158081,4,0.09897252917289734,0.19800007343292236,0.02199995517730713,7,1.5652189254760742,3,0.10957324504852295,0.1925000250339508,0.0274999737739563,7,2.43428897857666,3,0.05898787081241608,0.1168750524520874,0.0068749189376831055,0.22
5,5,7,7,0.8760561943054199,5,0.08741383999586105,0.20533347129821777,0.0,7,2.972490072250366,4,0.10336677730083466,0.1813281774520874,0.02492186427116394,7,1.7517549991607666,3,0.10968048870563507,0.17875003814697266,0.04124993085861206,0.22
9,9,2,2,0.3474388122558594,2,0.1466667205095291,0.1466667652130127,0.14666664600372314,2,1.0548338890075684,1,0.05500001832842827,0.05500006675720215,0.0549999475479126,2,1.0474450588226318,1,0.05500001832842827,0.05500006675720215,0.0549999475479126,0.22
0,0,5,5,0.717540979385376,4,0.09943437576293945,0.19800007343292236,0.02199995517730713,5,3.699655055999756,4,0.07354381680488586,0.14630866050720215,0.0010741651058197021,5,1.611196756362915,3,0.10942051559686661,0.19250011444091797,0.027499914169311523,0.22
6,6,7,7,0.8785190582275391,5,0.0876854881644249,0.20533347129821777,0.0,7,5.673259019851685,5,0.07216370850801468,0.15061479806900024,9.310245513916016e-05,7,2.9940388202667236,5,0.07081759721040726,0.17187511920928955,0.0068749189376831055,0.22
9,9,8,8,0.703010082244873,4,0.09877229481935501,0.19800007343292236,0.02199995517730713,8,1.5712499618530273,3,0.1098695620894432,0.1925000250339508,0.0274999737739563,8,1.7877309322357178,3,0.11077827960252762,0.17875003814697266,0.04124993085861206,0.22
0,0,9,9,0.517380952835083,3,0.1089116707444191,0.1833333969116211,0.0366666316986084,9,1.4155168533325195,2,0.08160704374313354,0.13750004768371582,0.0274999737739563,9,1.3954520225524902,2,0.0820535272359848,0.11000001430511475,0.0549999475479126,0.22
1,1,4,4,0.6897637844085693,4,0.09884128719568253,0.19800007343292236,0.02199995517730713,4,2.105107307434082,3,0.08903025835752487,0.17875003814697266,0.013749957084655762,4,1.2428030967712402,3,0.1091899648308754,0.19250011444091797,0.027499914169311523,0.22
5,5,1,1,1.0451819896697998,6,0.08103933930397034,0.20952391624450684,0.0,1,6.030807971954346,6,0.0895518884062767,0.16448476910591125,0.015983939170837402,1,4.236485004425049,4,0.046014465391635895,0.09367191791534424,0.0025781095027923584,0.22
9,9,5,5,0.5316178798675537,3,0.1100233942270279,0.1833333969116211,0.0366666316986084,5,3.158452033996582,3,0.10360775887966156,0.12976574897766113,0.0764843225479126,5,3.1872479915618896,3,0.0493931844830513,0.09367191791534424,0.0025780797004699707,0.22
7,7,4,4,0.714540958404541,4,0.09825463593006134,0.19800007343292236,0.02199995517730713,4,3.8744091987609863,4,0.07882411777973175,0.15909183025360107,0.03211909532546997,4,3.7079460620880127,4,0.06919954717159271,0.13750004768371582,0.025781214237213135,0.22
3,3,5,5,0.3492929935455322,2,0.14666670560836792,0.1466667652130127,0.14666664600372314,5,1.232469081878662,1,0.027500033378601074,0.027500033378601074,0.0274999737739563,5,1.2305629253387451,1,0.027500033378601074,0.027500033378601074,0.0274999737739563,0.22
4,4,7,7,0.539478063583374,3,0.10948261618614197,0.1833333969116211,0.0366666316986084,7,2.0764319896698,2,0.05560014769434929,0.07562506198883057,0.03437495231628418,7,2.0822770595550537,2,0.048925209790468216,0.07562506198883057,0.02062496542930603,0.22
9,9,5,5,0.7029082775115967,4,0.09844375401735306,0.19800007343292236,0.02199995517730713,5,1.4103341102600098,2,0.08286980539560318,0.13750004768371582,0.0274999737739563,5,2.2723519802093506,3,0.061846163123846054,0.11000001430511475,0.013749957084655762,0.22
6,6,5,5,0.3585669994354248,2,0.14666670560836792,0.1466667652130127,0.14666664600372314,5,1.254680871963501,1,0.027500033378601074,0.027500033378601074,0.0274999737739563,5,1.2360382080078125,1,0.027500033378601074,0.027500033378601074,0.0274999737739563,0.22
6,6,8,8,0.3601562976837158,2,0.1466667205095291,0.1466667652130127,0.14666664600372314,8,1.2198858261108398,1,0.027500029653310776,0.027500033378601074,0.0274999737739563,8,1.242548942565918,1,0.027500029653310776,0.027500033378601074,0.0274999737739563,0.22
5,5,1,1,1.0490052700042725,6,0.08177190274000168,0.20952391624450684,0.0,1,7.187416076660156,8,0.0832972377538681,0.20565861463546753,5.960464477539062e-07,1,6.316012144088745,7,0.058492083102464676,0.13578128814697266,0.0018260478973388672,0.22
4,4,9,9,0.5254981517791748,3,0.10905878245830536,0.1833333969116211,0.0366666316986084,9,1.0586481094360352,1,0.05500003322958946,0.05500006675720215,0.0549999475479126,9,1.0413072109222412,1,0.05500003322958946,0.05500006675720215,0.0549999475479126,0.22
0,0,2,2,0.3513500690460205,2,0.14666670560836792,0.1466667652130127,0.14666664600372314,2,1.2490088939666748,1,0.027500033378601074,0.027500033378601074,0.0274999737739563,2,1.2532379627227783,1,0.027500033378601074,0.027500033378601074,0.0274999737739563,0.22
7,7,8,8,0.7457840442657471,4,0.098691925406456,0.19800007343292236,0.02199995517730713,8,4.9355199337005615,5,0.0715954601764679,0.16473150253295898,0.009721636772155762,8,3.184274911880493,4,0.07994537800550461,0.17187511920928955,0.020624935626983643,0.22
4,4,6,6,1.0693459510803223,6,0.0815703496336937,0.20952391624450684,0.0,6,3.9300529956817627,3,0.02541910484433174,0.04517096281051636,0.004780232906341553,6,2.4161500930786133,2,0.02775515988469124,0.05156254768371582,0.0034374594688415527,0.22
0,0,1,1,1.079495906829834,6,0.08127804845571518,0.20952391624450684,0.0,1,6.742404222488403,6,0.08668525516986847,0.1482928991317749,0.026536285877227783,1,5.186491966247559,4,0.024381738156080246,0.04517096281051636,0.0029540657997131348,0.22
1,1,7,7,1.0739679336547852,6,0.08106870949268341,0.20952391624450684,0.0,7,9.090278148651123,11,0.10290182381868362,0.21871960163116455,1.8656253814697266e-05,7,4.985827207565308,6,0.07200121879577637,0.12375009059906006,0.020624935626983643,0.22
3,3,8,8,0.5436558723449707,3,0.10851314663887024,0.1833333969116211,0.0366666316986084,8,2.138190746307373,2,0.048109691590070724,0.07562506198883057,0.020624935626983643,8,2.227908134460449,2,0.054988518357276917,0.07562506198883057,0.03437495231628418,0.22
1,1,5,5,0.5441970825195312,3,0.1104520931839943,0.1833333969116211,0.0366666316986084,5,1.6541759967803955,2,0.09647983312606812,0.12375003099441528,0.06874996423721313,5,1.5439691543579102,2,0.11022982746362686,0.13750004768371582,0.08249995112419128,0.22
3,3,4,4,1.2480807304382324,7,0.07684286683797836,0.2121429443359375,0.007856965065002441,4,8.40503978729248,7,0.08424923568964005,0.1786888837814331,0.005554556846618652,8,14.078578233718872,24,0.053995281457901,0.11000001430511475,0.0,0.22
4,4,1,1,1.0896658897399902,6,0.08173780143260956,0.20952391624450684,0.0,1,2.9502532482147217,3,0.09000097960233688,0.12976565957069397,0.050703078508377075,1,2.4587149620056152,3,0.08229921758174896,0.12375003099441528,0.04124993085861206,0.22
7,7,1,1,0.5465493202209473,3,0.10953816026449203,0.1833333969116211,0.0366666316986084,1,2.7131271362304688,4,0.1093706414103508,0.19593751430511475,0.02406245470046997,1,2.32063889503479,3,0.09668884426355362,0.12375009059906006,0.06874996423721313,0.22
2,2,7,7,0.5347058773040771,3,0.11032445728778839,0.1833333969116211,0.0366666316986084,7,1.6115057468414307,2,0.11005774140357971,0.1650000810623169,0.0549999475479126,7,1.947159767150879,2,0.11001443862915039,0.12375003099441528,0.09624993801116943,0.22
7,7,6,6,0.902184247970581,5,0.08800701797008514,0.20533347129821777,0.0,6,3.929144859313965,4,0.10689890384674072,0.17004895210266113,0.043076157569885254,6,4.225942134857178,4,0.09317351132631302,0.12375003099441528,0.06273430585861206,0.22
1,1,4,4,0.737921953201294,4,0.09926629066467285,0.19800007343292236,0.02199995517730713,4,4.7235188484191895,5,0.10914188623428345,0.1963135004043579,0.02024894952774048,4,1.6254467964172363,3,0.11030986160039902,0.19250011444091797,0.027499914169311523,0.22
2,2,0,0,0.7117171287536621,4,0.09907044470310211,0.19800007343292236,0.02199995517730713,0,2.273324728012085,3,0.07919049263000488,0.15812504291534424,0.03437495231628418,0,2.492121696472168,3,0.082341268658638,0.12375003099441528,0.04124993085861206,0.22
1,1,2,2,0.9550671577453613,5,0.08825529366731644,0.20533347129821777,0.0,2,2.329483985900879,3,0.09604346752166748,0.17187511920928955,0.020624935626983643,2,2.9132368564605713,4,0.0896030068397522,0.19250011444091797,0.027499914169311523,0.22
1,1,7,7,1.0786149501800537,6,0.08133010566234589,0.20952391624450684,0.0,7,4.487462282180786,6,0.09815803170204163,0.20947277545928955,0.0040819644927978516,7,4.664485931396484,4,0.08738908171653748,0.11000001430511475,0.064829021692276,0.22
7,7,6,6,1.6118526458740234,9,0.06739584356546402,0.21511125564575195,0.0,6,6.016546964645386,6,0.07964707911014557,0.18175625801086426,0.0012805461883544922,6,5.730381965637207,6,0.08939755707979202,0.15812504291534424,0.022343695163726807,0.22
4,4,7,7,0.7181308269500732,4,0.09929816424846649,0.19800007343292236,0.02199995517730713,7,3.0618181228637695,3,0.08357400447130203,0.13578128814697266,0.032656192779541016,7,2.697751045227051,3,0.08195594698190689,0.13750004768371582,0.027499914169311523,0.22
2,2,8,8,0.7132809162139893,4,0.0987851694226265,0.19800007343292236,0.02199995517730713,8,1.799691915512085,3,0.08873192220926285,0.17875003814697266,0.013749957084655762,8,1.840367078781128,2,0.10996713489294052,0.1168750524520874,0.1031249463558197,0.22
3,3,8,8,0.702970027923584,4,0.09801144152879715,0.19800007343292236,0.02199995517730713,8,2.7336578369140625,3,0.1027885377407074,0.1426563262939453,0.06359373033046722,8,3.0480692386627197,3,0.05569063499569893,0.11171877384185791,0.0017186999320983887,0.22
5,5,4,4,0.899587869644165,5,0.0876246839761734,0.20533347129821777,0.0,4,2.5137059688568115,3,0.07346675544977188,0.14781254529953003,0.0034374594688415527,4,2.125667095184326,3,0.0827389806509018,0.1650000810623169,0.0,0.22
1,1,2,2,0.7040560245513916,4,0.09945249557495117,0.19800007343292236,0.02199995517730713,2,2.135512113571167,3,0.08941610902547836,0.17875003814697266,0.013749957084655762,2,1.615525245666504,3,0.10998283326625824,0.19250011444091797,0.027499914169311523,0.22
2,2,4,4,0.7130420207977295,4,0.09863784909248352,0.19800007343292236,0.02199995517730713,4,2.3380050659179688,3,0.0965009331703186,0.17187511920928955,0.020624935626983643,4,2.1395797729492188,3,0.06904049962759018,0.13750004768371582,0.0274999737739563,0.22
4,4,7,7,0.544644832611084,3,0.10886196047067642,0.1833333969116211,0.0366666316986084,7,2.2041196823120117,2,0.0551975853741169,0.07562506198883057,0.03437495231628418,7,2.1654889583587646,2,0.09651346504688263,0.12375009059906006,0.06874996423721313,0.22
4,4,1,1,0.9264609813690186,5,0.08803411573171616,0.20533347129821777,0.0,1,4.878081798553467,4,0.05038820207118988,0.08887827396392822,0.011024117469787598,1,3.926593065261841,4,0.07298607379198074,0.13578128814697266,0.00859367847442627,0.22
7,7,6,6,1.0845608711242676,6,0.08968432247638702,0.22857153415679932,0.0,6,3.6729390621185303,3,0.03481808304786682,0.06773442029953003,0.011484265327453613,6,3.631648063659668,3,0.034798648208379745,0.06773442029953003,0.007734358310699463,0.24
2,2,4,4,0.7138910293579102,4,0.10758356004953384,0.21600008010864258,0.023999929428100586,4,3.4791979789733887,3,0.04103986918926239,0.0792188048362732,0.01921868324279785,4,3.48299503326416,3,0.0412735641002655,0.0792188048362732,0.01921871304512024,0.24
1,1,8,8,0.5297579765319824,3,0.11925807595252991,0.20000004768371582,0.039999961853027344,8,2.1434741020202637,2,0.060747068375349045,0.08250004053115845,0.037499964237213135,8,2.1135239601135254,2,0.0534961000084877,0.08250004053115845,0.02249997854232788,0.24
0,0,6,6,0.5385568141937256,3,0.1182270422577858,0.20000004768371582,0.039999961853027344,6,2.199164867401123,2,0.06066546216607094,0.08250004053115845,0.037499964237213135,6,1.9434378147125244,2,0.10588729381561279,0.1350000500679016,0.07499995827674866,0.24
4,4,2,2,0.7122080326080322,4,0.10765945166349411,0.21600008010864258,0.023999929428100586,2,2.725904941558838,3,0.09152855724096298,0.1481250524520874,0.03562498092651367,2,2.726761817932129,3,0.08988093584775925,0.12750005722045898,0.05249989032745361,0.24
1,1,8,8,0.5446360111236572,3,0.11903592944145203,0.20000004768371582,0.039999961853027344,8,1.2438750267028809,2,0.11889269202947617,0.18000006675720215,0.059999942779541016,8,1.2320208549499512,2,0.05889269709587097,0.12000000476837158,0.0,0.24
4,4,7,7,0.8875389099121094,5,0.0954832211136818,0.22400009632110596,0.0,7,3.2528061866760254,4,0.11163458228111267,0.2118750810623169,0.013124942779541016,7,2.8783578872680664,3,0.06353795528411865,0.12750005722045898,0.0074999332427978516,0.24
9,9,5,5,0.5270159244537354,3,0.1203688383102417,0.20000004768371582,0.039999961853027344,5,2.3940911293029785,2,0.031533561646938324,0.056250035762786865,0.0037499666213989258,5,2.362445116043091,2,0.03153352811932564,0.056250035762786865,0.0037499666213989258,0.24
5,5,9,9,0.7178549766540527,4,0.10853859037160873,0.21600008010864258,0.023999929428100586,9,2.1605329513549805,3,0.12140604853630066,0.1950000524520874,0.04499995708465576,9,2.1512629985809326,3,0.12146146595478058,0.1950000524520874,0.04499995708465576,0.24
9,9,5,5,0.9061510562896729,5,0.09575895220041275,0.22400009632110596,0.0,5,5.1073899269104,5,0.08584742993116379,0.1646338701248169,0.007631808519363403,5,3.43013596534729,4,0.0787157341837883,0.1350000500679016,0.022499948740005493,0.24
0,0,6,6,0.7071490287780762,4,0.10820568352937698,0.21600008010864258,0.023999929428100586,6,1.609246015548706,2,0.10440132021903992,0.13500000536441803,0.07499998807907104,6,1.4612929821014404,2,0.08940129727125168,0.12000000476837158,0.059999942779541016,0.24
6,6,3,3,0.8860158920288086,5,0.09706612676382065,0.22400009632110596,0.0,3,4.897392272949219,6,0.09502235800027847,0.2199023962020874,0.004042923450469971,3,2.1733407974243164,3,0.08947465568780899,0.18000006675720215,0.0,0.24
9,9,4,4,0.35643506050109863,2,0.1600000262260437,0.16000008583068848,0.15999996662139893,4,0.5403001308441162,1,0.12000001221895218,0.12000000476837158,0.11999999731779099,4,0.5484442710876465,1,0.12000001221895218,0.12000000476837158,0.11999999731779099,0.24
0,0,6,6,0.8898980617523193,5,0.09604338556528091,0.22400009632110596,0.0,6,3.145901918411255,4,0.10574571043252945,0.20062506198883057,0.00937497615814209,6,3.3989410400390625,4,0.0605362206697464,0.12750005722045898,0.022499918937683105,0.24
1,1,5,5,0.5368907451629639,3,0.1201498731970787,0.20000004768371582,0.039999961853027344,5,2.140618085861206,2,0.05295636132359505,0.08250010013580322,0.022499918937683105,5,2.1533031463623047,2,0.060342270880937576,0.08250010013580322,0.03749990463256836,0.24
5,5,6,6,1.4316143989562988,8,0.07730620354413986,0.23333346843719482,0.0066664814949035645,6,3.2258307933807373,3,0.11264672875404358,0.14156252145767212,0.0834374874830246,6,3.610365152359009,4,0.06669046729803085,0.1350000500679016,0.02624988555908203,0.24
9,9,7,7,0.8810269832611084,5,0.09569920599460602,0.22400009632110596,0.0,7,2.9158008098602295,3,0.09799247235059738,0.14156252145767212,0.05531248450279236,7,1.9612939357757568,3,0.11921287328004837,0.18000006675720215,0.059999942779541016,0.24
7,7,1,1,1.0693631172180176,6,0.08906584978103638,0.22857153415679932,0.0,1,2.4871108531951904,3,0.07920324802398682,0.1612500548362732,0.0037499666213989258,1,2.7074670791625977,4,0.0890607014298439,0.18000006675720215,0.0,0.24
3,3,6,6,1.0619068145751953,6,0.08851935714483261,0.22857153415679932,0.0,6,2.8588707447052,3,0.08088254928588867,0.1612500548362732,0.0037499666213989258,6,4.030756950378418,5,0.09029906243085861,0.18000006675720215,0.0,0.24
4,4,9,9,0.6066551208496094,3,0.11921025067567825,0.20000004768371582,0.039999961853027344,9,2.2892379760742188,2,0.05165334790945053,0.08250010013580322,0.022499918937683105,9,2.032097816467285,2,0.05873005464673042,0.10500001907348633,0.014999926090240479,0.24
9,9,7,7,0.35430121421813965,2,0.1600000262260437,0.16000008583068848,0.15999996662139893,7,0.8952310085296631,1,0.12000001221895218,0.12000000476837158,0.11999999731779099,7,0.8797199726104736,1,0.12000001221895218,0.12000000476837158,0.11999999731779099,0.24
6,6,8,8,0.5494251251220703,3,0.11957376450300217,0.20000004768371582,0.039999961853027344,8,2.145191192626953,2,0.1123148575425148,0.12750005722045898,0.09749996662139893,8,1.9427850246429443,2,0.11981485038995743,0.13500000536441803,0.10499998927116394,0.24
6,6,7,7,1.0715341567993164,6,0.08815506845712662,0.22857153415679932,0.0,7,4.1532580852508545,4,0.08906339108943939,0.1509961038827896,0.0270116925239563,7,1.6141338348388672,3,0.1203196793794632,0.21000003814697266,0.029999971389770508,0.24
5,5,7,7,0.535876989364624,3,0.11872661113739014,0.20000004768371582,0.039999961853027344,7,2.5710549354553223,2,0.028430873528122902,0.043125033378601074,0.013124942779541016,7,2.5295372009277344,2,0.030267657712101936,0.043125033378601074,0.016874969005584717,0.24
4,4,1,1,1.0842297077178955,6,0.08832347393035889,0.22857153415679932,0.0,1,5.816578149795532,7,0.11928506195545197,0.227483868598938,0.012516140937805176,1,3.3631160259246826,4,0.07887392491102219,0.1350000500679016,0.022499948740005493,0.24
0,0,8,8,1.180068016052246,6,0.08861001580953598,0.22857153415679932,0.0,8,3.4921658039093018,4,0.1165144145488739,0.21093755960464478,0.02156245708465576,8,3.3825058937072754,4,0.12085848301649094,0.21000003814697266,0.029999971389770508,0.24
7,7,2,2,0.531804084777832,3,0.12031462043523788,0.20000004768371582,0.039999961853027344,2,2.134169816970825,2,0.052230119705200195,0.08250010013580322,0.022499918937683105,2,2.1607449054718018,2,0.059797585010528564,0.08250010013580322,0.03749990463256836,0.24
4,4,3,3,0.722343921661377,4,0.10854433476924896,0.21600008010864258,0.023999929428100586,3,3.647218942642212,5,0.09942459315061569,0.22312510013580322,0.00937497615814209,3,2.8556909561157227,4,0.08240654319524765,0.18000006675720215,0.029999971389770508,0.24
0,0,8,8,0.543658971786499,3,0.12007653713226318,0.20000004768371582,0.039999961853027344,8,2.3253581523895264,2,0.030714644119143486,0.056250035762786865,0.0037499666213989258,8,2.3150956630706787,2,0.03071460872888565,0.056250035762786865,0.0037499666213989258,0.24
1,1,5,5,0.5400481224060059,3,0.1198820099234581,0.20000004768371582,0.039999961853027344,5,3.7649779319763184,4,0.07947861403226852,0.1809375286102295,0.015937447547912598,5,2.6424660682678223,4,0.0910387635231018,0.21000003814697266,0.029999971389770508,0.24
3,3,1,1,1.4763751029968262,8,0.07752959430217743,0.23333346843719482,0.0066664814949035645,1,3.447075843811035,6,0.12028788775205612,0.23437511920928955,0.005624949932098389,1,5.662659168243408,6,0.05966733396053314,0.13500000536441803,0.0037499666213989258,0.24
1,1,3,3,0.7125661373138428,4,0.10785747319459915,0.21600008010864258,0.023999929428100586,3,2.5385663509368896,3,0.1131066307425499,0.18375003337860107,0.04124993085861206,3,2.328822612762451,3,0.06050123646855354,0.12000000476837158,0.0,0.24
3,3,8,8,0.5320122241973877,3,0.11882227659225464,0.20000004768371582,0.039999961853027344,8,2.309587001800537,2,0.05589783564209938,0.0712500810623169,0.04124993085861206,8,2.117685079574585,2,0.0594717413187027,0.08250010013580322,0.03749990463256836,0.24
4,4,9,9,0.7164819240570068,4,0.10897737741470337,0.21600008010864258,0.023999929428100586,9,2.5383429527282715,3,0.08096300810575485,0.1612500548362732,0.0037499666213989258,9,1.8139910697937012,3,0.09018655866384506,0.18000006675720215,0.0,0.24
7,7,3,3,0.5360069274902344,3,0.1196768656373024,0.20000004768371582,0.039999961853027344,3,1.7811930179595947,2,0.11978276818990707,0.15000003576278687,0.0899999737739563,3,1.4106550216674805,2,0.08956552296876907,0.15000009536743164,0.029999971389770508,0.24
2,2,5,5,1.0758650302886963,6,0.08848275989294052,0.22857153415679932,0.0,5,3.0209531784057617,5,0.10703796148300171,0.22687506675720215,0.00937497615814209,5,3.582987070083618,5,0.08101033419370651,0.18000006675720215,0.0,0.24
7,7,4,4,0.550260066986084,3,0.1199723556637764,0.20000004768371582,0.039999961853027344,4,1.4163458347320557,2,0.08948338776826859,0.15000003576278687,0.029999971389770508,4,1.2526988983154297,2,0.11948341876268387,0.18000006675720215,0.059999942779541016,0.24
1,1,5,5,0.7459149360656738,4,0.10829305648803711,0.21600008010864258,0.023999929428100586,5,2.903721809387207,4,0.11955671012401581,0.20062506198883057,0.0393749475479126,5,2.169321060180664,4,0.11984914541244507,0.21000003814697266,0.029999971389770508,0.24
2,2,5,5,0.5471467971801758,3,0.1195153072476387,0.20000004768371582,0.039999961853027344,5,1.4397380352020264,2,0.08957746624946594,0.15000003576278687,0.029999971389770508,5,1.2627499103546143,2,0.11957748234272003,0.18000006675720215,0.059999942779541016,0.24
1,1,5,5,0.9058268070220947,5,0.09643305093050003,0.22400009632110596,0.0,5,3.115367889404297,4,0.10354210436344147,0.19406253099441528,0.015937447547912598,5,2.3666279315948486,3,0.06743182986974716,0.12000000476837158,0.014999926090240479,0.24
1,1,4,4,0.8979029655456543,5,0.0964692011475563,0.22400009632110596,0.0,4,3.098212242126465,5,0.12064710259437561,0.22687506675720215,0.013124942779541016,4,3.397420883178711,4,0.07828756421804428,0.15000003576278687,0.0074999332427978516,0.24
7,7,9,9,0.7198688983917236,4,0.10791072994470596,0.21600008010864258,0.023999929428100586,9,2.155093193054199,3,0.09694039076566696,0.1950000524520874,0.014999985694885254,9,3.3547921180725098,5,0.06540299206972122,0.13500000536441803,0.014999985694885254,0.24
4,4,3,3,0.7201993465423584,4,0.1082044169306755,0.21600008010864258,0.023999929428100586,3,2.9355859756469727,3,0.10600221157073975,0.1415625810623169,0.06843745708465576,3,2.1940948963165283,3,0.11332827061414719,0.1274999976158142,0.09749996662139893,0.24
2,2,4,4,0.355118989944458,2,0.1600000262260437,0.16000008583068848,0.15999996662139893,4,1.2459158897399902,1,0.029999973252415657,0.030000030994415283,0.029999971389770508,4,1.230544090270996,1,0.029999973252415657,0.030000030994415283,0.029999971389770508,0.24
3,3,7,7,0.7192490100860596,4,0.10893113166093826,0.21600008010864258,0.023999929428100586,7,2.1317811012268066,3,0.12060926109552383,0.1950000524520874,0.04499995708465576,7,2.5778560638427734,3,0.08972933888435364,0.13500000536441803,0.04499995708465576,0.24
5,5,3,3,0.737097978591919,4,0.10927359759807587,0.21600008010864258,0.023999929428100586,3,4.34935998916626,4,0.11684834212064743,0.1509961038827896,0.08150386810302734,3,4.031328916549683,4,0.07583452016115189,0.1809375286102295,0.0028124749660491943,0.24
1,1,7,7,0.9627761840820312,5,0.09601978212594986,0.22400009632110596,0.0,7,6.188896179199219,5,0.06117910146713257,0.11887580156326294,0.0011242032051086426,7,5.8272340297698975,6,0.03952128067612648,0.10218751430511475,0.001992166042327881,0.24
2,2,7,7,0.7635421752929688,4,0.10615722090005875,0.21600008010864258,0.023999929428100586,7,2.9899790287017822,3,0.09049056470394135,0.1612500548362732,0.01874995231628418,7,2.8863329887390137,3,0.1056319922208786,0.1350000500679016,0.07499995827674866,0.24
4,4,1,1,1.0607421398162842,6,0.08929240703582764,0.22857153415679932,0.0,1,4.862916946411133,6,0.08636562526226044,0.21416020393371582,0.0024023056030273438,1,4.541123867034912,6,0.04982680454850197,0.1350000500679016,0.0037499666213989258,0.24
4,4,5,5,0.5241329669952393,3,0.12006696313619614,0.20000004768371582,0.039999961853027344,5,2.3513381481170654,2,0.03069058246910572,0.056250035762786865,0.0037499666213989258,5,2.163137912750244,2,0.05328923091292381,0.08250004053115845,0.02249997854232788,0.24
7,7,9,9,0.5337851047515869,3,0.12740910053253174,0.21666669845581055,0.04333329200744629,9,2.3353569507598877,2,0.033710576593875885,0.06093752384185791,0.0040624141693115234,9,2.3578851222991943,2,0.03371061384677887,0.06093752384185791,0.004062473773956299,0.26
2,2,0,0,0.9055078029632568,5,0.10376463085412979,0.2426668405532837,0.0,0,1.4379079341888428,2,0.09635485708713531,0.1625000238418579,0.03249996900558472,0,1.2420449256896973,2,0.12885482609272003,0.1950000524520874,0.06499993801116943,0.26
1,1,8,8,0.5450417995452881,3,0.1292584091424942,0.21666669845581055,0.04333329200744629,8,2.1923460960388184,2,0.06558617949485779,0.08937501907348633,0.04062497615814209,8,1.613663911819458,2,0.11453156173229218,0.14625000953674316,0.08124995231628418,0.26
0,0,4,4,0.5321989059448242,3,0.12919509410858154,0.21666669845581055,0.04333329200744629,4,1.443530797958374,2,0.09676076471805573,0.1625000238418579,0.03249996900558472,4,1.260948896408081,2,0.12926073372364044,0.1950000524520874,0.06499993801116943,0.26
4,4,0,0,0.7107598781585693,4,0.11719586700201035,0.2340000867843628,0.025999903678894043,0,4.1798200607299805,4,0.11774299293756485,0.17145025730133057,0.06468257308006287,0,3.021894693374634,3,0.06573864817619324,0.13203132152557373,0.0020311474800109863,0.26
1,1,9,9,0.8948397636413574,5,0.10394427180290222,0.2426668405532837,0.0,9,3.2271087169647217,4,0.12966883182525635,0.22953128814697266,0.03046870231628418,9,1.6273679733276367,3,0.13041366636753082,0.2275000810623169,0.03249990940093994,0.26
4,4,0,0,0.8974993228912354,5,0.10314559936523438,0.2426668405532837,0.0,0,1.9674930572509766,4,0.12912212312221527,0.24375003576278687,0.01624995470046997,0,3.7619221210479736,4,0.09153831750154495,0.14625000953674316,0.036562442779541016,0.26
9,9,8,8,0.5335202217102051,3,0.1297650784254074,0.21666669845581055,0.04333329200744629,8,1.5991618633270264,2,0.11348659545183182,0.14625000953674316,0.08124995231628418,8,1.4211242198944092,2,0.09723661094903946,0.12999999523162842,0.06499993801116943,0.26
5,5,8,8,0.359238862991333,2,0.17333336174488068,0.17333340644836426,0.1733332872390747,8,1.072559118270874,1,0.065000019967556,0.06500005722045898,0.06499993801116943,8,1.0925068855285645,1,0.065000019967556,0.06500005722045898,0.06499993801116943,0.26
9,9,2,2,0.3530740737915039,2,0.17333336174488068,0.17333340644836426,0.1733332872390747,2,1.037642002105713,1,0.065000019967556,0.06500005722045898,0.06499993801116943,2,1.0973987579345703,1,0.065000019967556,0.06500005722045898,0.06499993801116943,0.26
0,0,6,6,0.8980038166046143,5,0.10323747992515564,0.2426668405532837,0.0,6,1.6021718978881836,2,0.11330782622098923,0.14625000953674316,0.08124995231628418,6,1.2792620658874512,2,0.06411564350128174,0.12999999523162842,0.0,0.26
6,6,2,2,0.7179908752441406,4,0.11758380383253098,0.2340000867843628,0.025999903678894043,2,2.503568172454834,3,0.08811535686254501,0.17468750476837158,0.0040624141693115234,2,1.6508910655975342,3,0.1308126598596573,0.2275000810623169,0.03249990940093994,0.26
9,9,5,5,0.7090520858764648,4,0.11658821254968643,0.2340000867843628,0.025999903678894043,5,1.4232847690582275,2,0.09825310856103897,0.1625000238418579,0.03249996900558472,5,2.5080041885375977,3,0.09804213792085648,0.14625000953674316,0.04874992370605469,0.26
0,0,3,3,1.7893240451812744,10,0.07452281564474106,0.25527286529541016,0.0,3,6.804232835769653,12,0.13039623200893402,0.2597084045410156,0.00029158592224121094,3,9.485630989074707,10,0.08322787284851074,0.1950000524520874,0.0,0.26
1,1,9,9,1.0800120830535889,6,0.09720801562070847,0.24761927127838135,0.0,9,3.4689600467681885,3,0.04368191584944725,0.08582031726837158,0.020820260047912598,9,4.7826409339904785,4,0.04384373128414154,0.0967065691947937,0.009934008121490479,0.26
5,5,4,4,0.9081699848175049,5,0.10416628420352936,0.2426668405532837,0.0,4,3.6614153385162354,3,0.039088040590286255,0.0733790397644043,0.008378863334655762,4,3.5413613319396973,3,0.04340415447950363,0.08582034707069397,0.020820260047912598,0.26
9,9,2,2,0.542839765548706,3,0.12925152480602264,0.21666669845581055,0.04333329200744629,2,1.6273150444030762,2,0.11363469064235687,0.14625000953674316,0.08124995231628418,2,1.454679012298584,2,0.09738472104072571,0.12999999523162842,0.06499993801116943,0.26
7,7,9,9,0.5356998443603516,3,0.12863430380821228,0.21666669845581055,0.04333329200744629,9,2.530325174331665,2,0.06291230022907257,0.07109379768371582,0.05484366416931152,9,2.496156930923462,2,0.06495767831802368,0.07109379768371582,0.0589061975479126,0.26
3,3,6,6,1.4581098556518555,8,0.08440770953893661,0.25277793407440186,0.0072220563888549805,6,6.8726348876953125,9,0.13150395452976227,0.2582296133041382,0.0017703771591186523,6,4.320336103439331,4,0.06531030684709549,0.13101565837860107,0.0010156035423278809,0.26
4,4,3,3,1.080833911895752,6,0.09664509445428848,0.24761927127838135,0.0,3,4.553663969039917,4,0.08788622915744781,0.17145025730133057,0.005649387836456299,3,3.552341938018799,4,0.12908637523651123,0.21734380722045898,0.04265618324279785,0.26
9,9,0,0,0.5458521842956543,3,0.13020148873329163,0.21666669845581055,0.04333329200744629,0,1.2736687660217285,2,0.13117624819278717,0.1950000524520874,0.06499993801116943,0,1.643249273300171,2,0.13117624819278717,0.1950000524520874,0.06499993801116943,0.26
6,6,3,3,1.0864231586456299,6,0.09696324914693832,0.24761927127838135,0.0,3,2.68912672996521,5,0.11640957742929459,0.2457813024520874,0.01015615463256836,3,8.605794668197632,12,0.12131969630718231,0.2275000810623169,0.016249895095825195,0.26
6,6,4,4,0.7150750160217285,4,0.116978220641613,0.2340000867843628,0.025999903678894043,4,2.135145902633667,3,0.10559302568435669,0.21125006675720215,0.01624995470046997,4,1.6072897911071777,3,0.13032472133636475,0.2275000810623169,0.03249990940093994,0.26
5,5,4,4,0.7219419479370117,4,0.11923954635858536,0.2340000867843628,0.025999903678894043,4,2.337319850921631,3,0.1135977953672409,0.203125,0.024374961853027344,4,2.589738130569458,3,0.0655091181397438,0.12999999523162842,0.008124947547912598,0.26
4,4,6,6,1.2573587894439697,7,0.08942163735628128,0.25071442127227783,0.009285569190979004,6,4.098827123641968,4,0.09298624098300934,0.16668951511383057,0.019931554794311523,6,2.179774761199951,3,0.12947037816047668,0.21125006675720215,0.04874992370605469,0.26
0,0,1,1,1.2639329433441162,7,0.09011179208755493,0.25071442127227783,0.009285569190979004,1,7.2712860107421875,9,0.12612654268741608,0.2570475935935974,0.0007956027984619141,1,4.518748760223389,6,0.09412018209695816,0.2275000810623169,0.016249895095825195,0.26
7,7,1,1,0.9038569927215576,5,0.10443641245365143,0.2426668405532837,0.0,1,5.837472915649414,5,0.09756321460008621,0.16158658266067505,0.035240352153778076,1,5.0635387897491455,5,0.08223265409469604,0.14625000953674316,0.01904284954071045,0.26
4,4,6,6,0.920921802520752,5,0.10305899381637573,0.2426668405532837,0.0,6,2.5805351734161377,2,0.030364731326699257,0.04671883583068848,0.014218717813491821,6,2.5358030796051025,2,0.03240897133946419,0.04671883583068848,0.018281221389770508,0.26
0,0,7,7,0.5584371089935303,3,0.1287897527217865,0.21666669845581055,0.04333329200744629,7,2.376694917678833,2,0.03215804323554039,0.06093752384185791,0.0040624141693115234,7,2.3994979858398438,2,0.032158080488443375,0.06093752384185791,0.004062473773956299,0.26
1,1,8,8,0.5469686985015869,3,0.12967871129512787,0.21666669845581055,0.04333329200744629,8,2.1423230171203613,2,0.05701321363449097,0.08937501907348633,0.024374961853027344,8,2.006598949432373,2,0.06520729511976242,0.11375010013580322,0.016249895095825195,0.26
3,3,6,6,1.2716801166534424,7,0.08951034396886826,0.25071442127227783,0.009285569190979004,6,5.48511815071106,5,0.08392149209976196,0.18126928806304932,0.008184462785720825,6,5.065463066101074,7,0.08315064013004303,0.2275000810623169,0.0,0.26
1,1,8,8,0.545015811920166,3,0.13003337383270264,0.21666669845581055,0.04333329200744629,8,1.6115682125091553,2,0.11408896744251251,0.14625000953674316,0.08124995231628418,8,0.9211831092834473,2,0.1306779533624649,0.1950000524520874,0.06499993801116943,0.26
3,3,5,5,0.7313699722290039,4,0.1169336661696434,0.2340000867843628,0.025999903678894043,5,4.804825782775879,4,0.04480767250061035,0.09670662879943848,0.006823688745498657,5,3.519529104232788,3,0.04429798200726509,0.08582034707069397,0.020820260047912598,0.26
4,4,8,8,0.7627389430999756,4,0.11775895208120346,0.2340000867843628,0.025999903678894043,8,1.9971592426300049,3,0.11313769221305847,0.203125,0.024374961853027344,8,2.030496835708618,3,0.12967872619628906,0.2275000810623169,0.03249990940093994,0.26
7,7,9,9,0.5427651405334473,3,0.129618838429451,0.21666669845581055,0.04333329200744629,9,2.6021077632904053,2,0.031106585636734962,0.04671883583068848,0.014218717813491821,9,3.0101890563964844,3,0.11489337682723999,0.14625000953674316,0.08124995231628418,0.26
2,2,4,4,0.538748025894165,3,0.12901775538921356,0.21666669845581055,0.04333329200744629,4,2.86641001701355,3,0.1129179447889328,0.17468750476837158,0.05281245708465576,4,2.185911178588867,3,0.10486675053834915,0.21125006675720215,0.01624995470046997,0.26
7,7,9,9,0.7254669666290283,4,0.11696130037307739,0.2340000867843628,0.025999903678894043,9,2.3513951301574707,3,0.1289437711238861,0.203125,0.056874990463256836,9,1.9713890552520752,3,0.09742572903633118,0.1950000524520874,0.06499993801116943,0.26
1,1,2,2,0.8987157344818115,5,0.10310552269220352,0.2426668405532837,0.0,2,2.906749963760376,5,0.13006487488746643,0.24781250953674316,0.012187480926513672,2,3.3020920753479004,4,0.09675836563110352,0.18687504529953003,0.008124947547912598,0.26
2,2,7,7,0.8875629901885986,5,0.103727325797081,0.2426668405532837,0.0,7,2.8979408740997314,4,0.12138715386390686,0.22953128814697266,0.014218717813491821,7,1.8185060024261475,3,0.12994234263896942,0.1950000524520874,0.06499993801116943,0.26
1,1,4,4,0.9102756977081299,5,0.10495413839817047,0.2426668405532837,0.0,4,4.182465076446533,5,0.1150544062256813,0.23511719703674316,0.0005077719688415527,4,3.646879196166992,5,0.08508583903312683,0.14625000953674316,0.024374961853027344,0.26
1,1,9,9,0.7271568775177002,4,0.116329126060009,0.2340000867843628,0.025999903678894043,9,3.0350029468536377,3,0.09131204336881638,0.16859376430511475,0.014218717813491821,9,2.356062889099121,3,0.097298763692379,0.1950000524520874,0.06499993801116943,0.26
7,7,6,6,1.2843132019042969,7,0.0902726799249649,0.25071442127227783,0.009285569190979004,6,9.016278982162476,8,0.10282590240240097,0.22424829006195068,0.0010734796524047852,6,7.835853099822998,8,0.09080492705106735,0.17468750476837158,0.008124947547912598,0.26
4,4,5,5,0.903994083404541,5,0.1038542240858078,0.2426668405532837,0.0,5,2.3662447929382324,4,0.12858235836029053,0.23156249523162842,0.028437495231628418,5,2.6415858268737793,3,0.0999055877327919,0.14625000953674316,0.05281245708465576,0.26
2,2,5,5,0.5466010570526123,3,0.1311238557100296,0.21666669845581055,0.04333329200744629,5,2.5623109340667725,2,0.0331413634121418,0.0467187762260437,0.018281221389770508,5,2.3924849033355713,2,0.06167052313685417,0.07718753814697266,0.044687479734420776,0.26
3,3,1,1,0.9072709083557129,5,0.10365846753120422,0.2426668405532837,0.0,1,4.038326025009155,4,0.11007692664861679,0.17735353112220764,0.0430370569229126,1,2.6998353004455566,3,0.09750096499919891,0.16859376430511475,0.026406168937683105,0.26
5,5,6,6,0.7143149375915527,4,0.11639752238988876,0.2340000867843628,0.025999903678894043,6,1.5901808738708496,2,0.12912341952323914,0.1950000524520874,0.06499993801116943,6,2.1877639293670654,2,0.12989041209220886,0.1381250023841858,0.12187498807907104,0.26
1,1,6,6,1.07452392578125,6,0.09643042087554932,0.24761927127838135,0.0,6,3.7701451778411865,4,0.10641016066074371,0.1800195574760437,0.033261656761169434,6,3.037209987640381,4,0.07716333121061325,0.1625000238418579,0.01624995470046997,0.26
2,2,5,5,0.8980982303619385,5,0.10422039777040482,0.2426668405532837,0.0,5,5.393154859542847,5,0.11114323884248734,0.16960543394088745,0.0507851243019104,5,3.050494909286499,4,0.11598366498947144,0.23156249523162842,0.004062473773956299,0.26
4,4,6,6,0.8963148593902588,5,0.10323356091976166,0.2426668405532837,0.0,6,3.880689859390259,3,0.06398360431194305,0.08290040493011475,0.0430370569229126,6,5.238434076309204,5,0.0767853856086731,0.16859379410743713,0.0010155439376831055,0.26
4,4,6,6,0.8987488746643066,5,0.10312394052743912,0.2426668405532837,0.0,6,3.7848639488220215,3,0.03028302639722824,0.06004893779754639,0.0029198527336120605,6,3.4097092151641846,3,0.043503422290086746,0.08582034707069397,0.020820260047912598,0.26
7,7,9,9,0.5341660976409912,3,0.13992683589458466,0.23333340883255005,0.046666622161865234,9,2.533825159072876,2,0.03346468508243561,0.05031251907348633,0.015312433242797852,9,2.5188629627227783,2,0.035570647567510605,0.05031251907348633,0.019687414169311523,0.28
2,2,8,8,0.5338971614837646,3,0.13936010003089905,0.23333340883255005,0.046666622161865234,8,1.7736382484436035,2,0.10410431772470474,0.17500001192092896,0.034999966621398926,8,1.5625321865081787,2,0.13910433650016785,0.21000003814697266,0.06999993324279785,0.28
1,1,9,9,1.767225980758667,10,0.08225493878126144,0.27490919828414917,0.0,9,4.948289155960083,5,0.1370183676481247,0.2354980707168579,0.035751938819885254,9,5.483760833740234,6,0.07168867439031601,0.1575000286102295,0.008066296577453613,0.28
0,0,6,6,0.5383963584899902,3,0.13797740638256073,0.23333340883255005,0.046666622161865234,6,2.1900839805603027,2,0.0704924613237381,0.0962500274181366,0.043749988079071045,6,1.9557414054870605,2,0.1231566071510315,0.1575000286102295,0.08749997615814209,0.28
4,4,0,0,0.7129161357879639,4,0.12658894062042236,0.252000093460083,0.027999937534332275,0,4.073699951171875,4,0.12695276737213135,0.18463873863220215,0.06965816020965576,0,3.0648059844970703,3,0.07061706483364105,0.14218759536743164,0.0021874308586120605,0.28
1,1,9,9,0.8927628993988037,5,0.11228127032518387,0.2613334655761719,0.0,9,3.2886102199554443,4,0.14032472670078278,0.2471875548362732,0.03281247615814209,9,1.6194829940795898,3,0.1406412571668625,0.24500006437301636,0.034999966621398926,0.28
4,4,9,9,0.3596501350402832,2,0.18666668236255646,0.18666672706604004,0.1866666078567505,9,1.0836296081542969,1,0.06999997049570084,0.0700000524520874,0.06999993324279785,9,1.1109089851379395,1,0.06999997049570084,0.0700000524520874,0.06999993324279785,0.28
9,9,5,5,0.5355420112609863,3,0.13974204659461975,0.23333340883255005,0.046666622161865234,5,2.51778507232666,2,0.03348444774746895,0.05031251907348633,0.015312433242797852,5,2.5142741203308105,2,0.035587940365076065,0.05031251907348633,0.019687414169311523,0.28
5,5,0,0,0.7021129131317139,4,0.12524667382240295,0.252000093460083,0.027999937534332275,0,1.7504770755767822,2,0.13115908205509186,0.14875006675720215,0.11374998092651367,0,0.8919250965118408,2,0.1396363377571106,0.21000003814697266,0.06999993324279785,0.28
9,9,4,4,0.5195789337158203,3,0.13989830017089844,0.23333340883255005,0.046666622161865234,4,2.1178438663482666,2,0.06142342463135719,0.09625005722045898,0.02624988555908203,4,2.160036087036133,2,0.07013007253408432,0.09625005722045898,0.04374992847442627,0.28
0,0,3,3,0.9011819362640381,5,0.1121021956205368,0.2613334655761719,0.0,3,4.2189881801605225,6,0.10230753570795059,0.26523441076278687,0.0005468130111694336,3,6.25600004196167,7,0.06302930414676666,0.14000004529953003,0.00536617636680603,0.28
6,6,1,1,1.5761489868164062,9,0.08590790629386902,0.27377796173095703,0.0,1,14.7618248462677,12,0.10654109716415405,0.26057004928588867,0.0001608133316040039,1,6.640032052993774,7,0.11790940165519714,0.21000003814697266,0.027343690395355225,0.28
9,9,2,2,0.704246997833252,4,0.1276484578847885,0.252000093460083,0.027999937534332275,2,2.312391996383667,3,0.12339738756418228,0.21875005960464478,0.02624988555908203,2,2.4812612533569336,3,0.09217304736375809,0.14000004529953003,0.043749988079071045,0.28
0,0,6,6,1.075171947479248,6,0.10267610847949982,0.26666682958602905,0.0,6,5.185050010681152,7,0.1400914043188095,0.2725830674171448,0.007416963577270508,6,2.4350039958953857,4,0.10393459349870682,0.21000003814697266,0.0,0.28
1,1,3,3,0.7103402614593506,4,0.1252518743276596,0.252000093460083,0.027999937534332275,3,1.9654231071472168,2,0.06991979479789734,0.12250006198883057,0.017499923706054688,3,1.7485971450805664,2,0.1048930436372757,0.17500007152557373,0.034999966621398926,0.28
5,5,2,2,0.9018251895904541,5,0.11184748262166977,0.2613334655761719,0.0,2,7.013662815093994,6,0.12450069934129715,0.17523300647735596,0.07086074352264404,2,5.554834842681885,5,0.05580390244722366,0.09542977809906006,0.012236237525939941,0.28
9,9,8,8,0.5481281280517578,3,0.1387437880039215,0.23333340883255005,0.046666622161865234,8,1.9760169982910156,2,0.14003022015094757,0.1575000286102295,0.12249994277954102,8,1.953681230545044,2,0.12256043404340744,0.1575000286102295,0.08749997615814209,0.28
7,7,4,4,0.7102820873260498,4,0.12548550963401794,0.252000093460083,0.027999937534332275,4,4.251977920532227,4,0.09946373850107193,0.2024804949760437,0.040878862142562866,4,3.945140838623047,5,0.10313928127288818,0.21000003814697266,0.0021874308586120605,0.28
3,3,9,9,1.0574262142181396,6,0.10371262580156326,0.26666682958602905,0.0,9,2.338796615600586,4,0.13992254436016083,0.2625000476837158,0.017499923706054688,9,1.9480621814727783,3,0.1407231241464615,0.21000003814697266,0.06999993324279785,0.28
4,4,8,8,0.7153100967407227,4,0.12667709589004517,0.252000093460083,0.027999937534332275,8,2.710474967956543,3,0.10568171739578247,0.1728125810623169,0.041562438011169434,8,1.6348772048950195,3,0.13756044209003448,0.24500006437301636,0.034999966621398926,0.28
9,9,8,8,0.5293781757354736,3,0.1385267674922943,0.23333340883255005,0.046666622161865234,8,1.2511858940124512,2,0.1396019160747528,0.21000003814697266,0.06999993324279785,8,0.8996291160583496,2,0.1396019160747528,0.21000003814697266,0.06999993324279785,0.28
6,6,0,0,0.7071070671081543,4,0.12544384598731995,0.252000093460083,0.027999937534332275,0,2.1205620765686035,3,0.13125450909137726,0.21437504887580872,0.04812490940093994,0,1.9087460041046143,3,0.10540737211704254,0.21000003814697266,0.06999993324279785,0.28
6,6,8,8,0.5401651859283447,3,0.13953866064548492,0.23333340883255005,0.046666622161865234,8,1.2415399551391602,1,0.034999966621398926,0.0350000262260437,0.034999966621398926,8,1.2783758640289307,1,0.034999966621398926,0.0350000262260437,0.034999966621398926,0.28
5,5,4,4,0.6987569332122803,4,0.1277317851781845,0.252000093460083,0.027999937534332275,4,1.9490151405334473,3,0.12245441973209381,0.21875005960464478,0.02624988555908203,4,2.5584611892700195,3,0.07035631686449051,0.14000004529953003,0.008749961853027344,0.28
4,4,5,5,0.5214452743530273,3,0.1393650770187378,0.23333340883255005,0.046666622161865234,5,1.4292371273040771,2,0.10377693176269531,0.17500001192092896,0.034999966621398926,5,1.2694661617279053,2,0.06877696514129639,0.14000004529953003,0.0,0.28
0,0,1,1,1.486767053604126,8,0.09031394124031067,0.2722223401069641,0.0077776312828063965,1,6.230945110321045,7,0.13218429684638977,0.2728223204612732,0.004033148288726807,1,3.7704918384552,5,0.1404789537191391,0.24500006437301636,0.034999966621398926,0.28
7,7,4,4,0.7216041088104248,4,0.1261722594499588,0.252000093460083,0.027999937534332275,4,8.139216184616089,9,0.13749435544013977,0.27337610721588135,0.0022489428520202637,5,12.543530941009521,24,0.07499275356531143,0.1575000286102295,0.017499923706054688,0.28
4,4,3,3,0.6987290382385254,4,0.12672732770442963,0.252000093460083,0.027999937534332275,3,3.7831947803497314,4,0.12374531477689743,0.2264062762260437,0.018593668937683105,3,4.090471982955933,4,0.1015300378203392,0.17500007152557373,0.028437435626983643,0.28
0,0,7,7,0.5284349918365479,3,0.139001727104187,0.23333340883255005,0.046666622161865234,7,2.5328621864318848,2,0.0335511788725853,0.05031251907348633,0.015312433242797852,7,2.3266289234161377,2,0.03629269450902939,0.06562501192092896,0.004374980926513672,0.28
1,1,0,0,0.7167418003082275,4,0.12825819849967957,0.252000093460083,0.027999937534332275,0,2.363435983657837,2,0.03553465008735657,0.06562501192092896,0.004374980926513672,0,2.3466460704803467,2,0.03553463891148567,0.06562501192092896,0.004374980926513672,0.28
3,3,6,6,1.28810715675354,7,0.09623710811138153,0.2700001001358032,0.009999871253967285,6,5.285353899002075,8,0.14016477763652802,0.27629154920578003,0.003708481788635254,6,4.358159780502319,6,0.0830691009759903,0.21000003814697266,0.0,0.28
1,1,8,8,0.5319638252258301,3,0.13963912427425385,0.23333340883255005,0.046666622161865234,8,1.441202163696289,2,0.1059914082288742,0.17500001192092896,0.034999966621398926,8,0.9118850231170654,2,0.1409914195537567,0.21000003814697266,0.06999993324279785,0.28
3,3,8,8,0.5420300960540771,3,0.1382489949464798,0.23333340883255005,0.046666622161865234,8,2.360898017883301,2,0.03499428927898407,0.06562501192092896,0.004374980926513672,8,2.3401718139648438,2,0.034994274377822876,0.06562501192092896,0.004374980926513672,0.28
4,4,7,7,0.5409650802612305,3,0.13929066061973572,0.23333340883255005,0.046666622161865234,7,1.2807209491729736,2,0.13890624046325684,0.21000003814697266,0.06999993324279785,7,1.8051540851593018,2,0.1398632824420929,0.14875006675720215,0.13124996423721313,0.28
7,7,3,3,0.5518112182617188,3,0.13909348845481873,0.23333340883255005,0.046666622161865234,3,2.7363147735595703,2,0.03398306667804718,0.0426563024520874,0.02515619993209839,3,2.5780892372131348,2,0.0351344496011734,0.05031251907348633,0.019687414169311523,0.28
2,2,3,3,0.7329027652740479,4,0.12683260440826416,0.252000093460083,0.027999937534332275,3,2.56268310546875,2,0.0330863855779171,0.05031251907348633,0.015312433242797852,3,2.522063970565796,2,0.03523963317275047,0.05031251907348633,0.019687414169311523,0.28
7,7,9,9,0.7337868213653564,4,0.1249784454703331,0.252000093460083,0.027999937534332275,9,2.359081983566284,3,0.1384572684764862,0.21875005960464478,0.06124997138977051,9,2.130523204803467,3,0.08648388832807541,0.17500007152557373,0.034999966621398926,0.28
1,1,7,7,1.0803871154785156,6,0.10348924994468689,0.26666682958602905,0.0,7,2.5423381328582764,3,0.1313081532716751,0.21437504887580872,0.04812490940093994,7,2.54813289642334,4,0.13987885415554047,0.24500006437301636,0.034999966621398926,0.28
2,2,8,8,0.7334437370300293,4,0.12597770988941193,0.252000093460083,0.027999937534332275,8,2.4556667804718018,3,0.09373072534799576,0.18812501430511475,0.004374980926513672,8,2.022961139678955,3,0.13933497667312622,0.24500006437301636,0.034999966621398926,0.28
1,1,0,0,0.7304089069366455,4,0.1259278506040573,0.252000093460083,0.027999937534332275,0,2.3912010192871094,4,0.14087539911270142,0.2625000476837158,0.017499923706054688,0,2.1607558727264404,3,0.06980817019939423,0.14000004529953003,0.0,0.28
1,1,4,4,0.8870599269866943,5,0.11238593608140945,0.2613334655761719,0.0,4,2.5050220489501953,4,0.14015309512615204,0.2537500262260437,0.026249974966049194,4,2.142906904220581,3,0.10427548736333847,0.21000003814697266,0.0,0.28
7,7,0,0,1.6070740222930908,9,0.08637913316488266,0.27377796173095703,0.0,0,10.972806215286255,14,0.12361804395914078,0.2791407108306885,7.12275505065918e-05,0,5.577377080917358,6,0.12082458287477493,0.24500006437301636,0.0010937154293060303,0.28
4,4,9,9,0.3730580806732178,2,0.18666669726371765,0.18666672706604004,0.1866666078567505,9,1.3445489406585693,1,0.034999966621398926,0.0350000262260437,0.034999966621398926,9,1.3162400722503662,1,0.034999966621398926,0.0350000262260437,0.034999966621398926,0.28
2,2,0,0,1.3972442150115967,7,0.09694436937570572,0.2700001001358032,0.009999871253967285,0,2.9611740112304688,4,0.10480906814336777,0.23406252264976501,0.019687414169311523,0,6.987401962280273,7,0.09445074945688248,0.1443750262260437,0.046347618103027344,0.28
3,3,2,2,0.5480048656463623,3,0.13854287564754486,0.23333340883255005,0.046666622161865234,2,1.2550547122955322,1,0.034999966621398926,0.0350000262260437,0.034999966621398926,2,1.2634501457214355,1,0.034999966621398926,0.0350000262260437,0.034999966621398926,0.28
5,5,0,0,0.5391993522644043,3,0.1397172510623932,0.23333340883255005,0.046666622161865234,0,1.806325912475586,2,0.1041312962770462,0.17500001192092896,0.034999966621398926,0,1.255882978439331,2,0.1391313076019287,0.21000003814697266,0.06999993324279785,0.28
1,1,0,0,0.5171411037445068,3,0.1382911503314972,0.23333340883255005,0.046666622161865234,0,2.310676097869873,2,0.035355620086193085,0.06562501192092896,0.004374980926513672,0,2.3418118953704834,2,0.03535560145974159,0.06562501192092896,0.004374980926513672,0.28
2,2,9,9,0.5385448932647705,3,0.13859371840953827,0.23333340883255005,0.046666622161865234,9,2.2098379135131836,2,0.07015030831098557,0.0962500274181366,0.043749988079071045,9,2.2272000312805176,2,0.06145040690898895,0.09625005722045898,0.026249945163726807,0.28
4,4,0,0,1.2668180465698242,7,0.09703710675239563,0.2700001001358032,0.009999871253967285,0,7.168395042419434,6,0.12631100416183472,0.2203371524810791,0.034224629402160645,0,7.23373818397522,6,0.11075399816036224,0.1651563048362732,0.05735337734222412,0.28
4,4,1,1,0.8938188552856445,5,0.11253423243761063,0.2613334655761719,0.0,1,4.803307771682739,4,0.06347312778234482,0.11311769485473633,0.014030754566192627,1,4.617700815200806,4,0.04914475232362747,0.10199224948883057,0.0013671517372131348,0.28
7,7,3,3,0.5384969711303711,3,0.14923334121704102,0.25000011920928955,0.04999995231628418,3,2.5264408588409424,2,0.03516824543476105,0.05390632152557373,0.016406238079071045,3,2.3480429649353027,2,0.03752094879746437,0.07031252980232239,0.004687488079071045,0.3
2,2,7,7,0.5270891189575195,3,0.14952963590621948,0.25000011920928955,0.04999995231628418,7,1.43961501121521,2,0.11185528337955475,0.18750005960464478,0.037499964237213135,7,0.9216411113739014,2,0.1493552178144455,0.2250000238418579,0.07499992847442627,0.3
1,1,5,5,0.7454979419708252,4,0.13462571799755096,0.2700001001358032,0.029999911785125732,5,3.064804792404175,3,0.13173751533031464,0.18515634536743164,0.0773436427116394,5,2.7039599418640137,3,0.1318603754043579,0.16875004768371582,0.09374994039535522,0.3
0,0,1,1,0.7143621444702148,4,0.13454918563365936,0.2700001001358032,0.029999911785125732,1,4.158489942550659,4,0.11460933834314346,0.18464362621307373,0.04606929421424866,1,2.2252399921417236,3,0.14899374544620514,0.24375003576278687,0.056249916553497314,0.3
4,4,9,9,0.35805702209472656,2,0.20000003278255463,0.20000004768371582,0.19999998807907104,9,1.2379388809204102,1,0.03750001639127731,0.03750002384185791,0.03749999403953552,9,1.2499310970306396,1,0.03750001639127731,0.03750002384185791,0.03749999403953552,0.3
1,1,8,8,0.5465190410614014,3,0.14821824431419373,0.25000011920928955,0.04999995231628418,8,1.3221986293792725,2,0.1492307037115097,0.2250000238418579,0.07499998807907104,8,0.9259259700775146,2,0.14923065900802612,0.2250000238418579,0.07499992847442627,0.3
4,4,5,5,0.7243728637695312,4,0.13584700226783752,0.2700001001358032,0.029999911785125732,5,2.8132591247558594,2,0.03631158545613289,0.04570317268371582,0.02695310115814209,5,2.501821756362915,2,0.03747102990746498,0.05390632152557373,0.02109372615814209,0.3
9,9,4,4,0.5241079330444336,3,0.14888525009155273,0.25000011920928955,0.04999995231628418,4,1.6056089401245117,2,0.13096050918102264,0.16875004768371582,0.09374997019767761,4,1.4280242919921875,2,0.11221048980951309,0.15000003576278687,0.07499992847442627,0.3
5,5,9,9,0.7028262615203857,4,0.1356891691684723,0.2700001001358032,0.029999911785125732,9,1.5835702419281006,3,0.15018533170223236,0.2625000476837158,0.03749990463256836,9,1.417658805847168,2,0.1508455127477646,0.18750005960464478,0.11249995231628418,0.3
9,9,8,8,0.3493020534515381,2,0.20000003278255463,0.20000004768371582,0.19999998807907104,8,1.2924978733062744,1,0.03750001639127731,0.03750002384185791,0.03749999403953552,8,1.2972791194915771,1,0.03750001639127731,0.03750002384185791,0.03749999403953552,0.3
0,0,4,4,0.7038619518280029,4,0.1349581480026245,0.2700001001358032,0.029999911785125732,4,3.9013707637786865,4,0.099562868475914,0.19951176643371582,0.0014648139476776123,4,2.417994976043701,3,0.11156526952981949,0.18750005960464478,0.03749990463256836,0.3
6,6,7,7,0.889369010925293,5,0.12010177224874496,0.28000009059906006,0.0,7,5.008074998855591,4,0.10899725556373596,0.1901230812072754,0.029630959033966064,5,9.891818284988403,24,0.11201100796461105,0.22968757152557373,0.07031238079071045,0.3
9,9,3,3,0.7255399227142334,4,0.13540537655353546,0.2700001001358032,0.029999911785125732,3,2.3335700035095215,3,0.15118905901908875,0.23437511920928955,0.06562495231628418,3,2.6447091102600098,3,0.11277898401021957,0.15937501192092896,0.06562495231628418,0.3
0,0,5,5,1.0904712677001953,6,0.11288835853338242,0.28571438789367676,0.0,5,4.562545299530029,5,0.14107106626033783,0.24232184886932373,0.03892818093299866,5,3.0026519298553467,4,0.14890156686306,0.2578125596046448,0.042187392711639404,0.3
1,1,4,4,0.7221300601959229,4,0.13531449437141418,0.2700001001358032,0.029999911785125732,4,2.3165340423583984,3,0.13058198988437653,0.2343750298023224,0.028124988079071045,4,2.001861095428467,3,0.1307404786348343,0.2250000238418579,0.03749990463256836,0.3
5,5,8,8,0.538337230682373,3,0.14882943034172058,0.25000011920928955,0.04999995231628418,8,1.2445580959320068,2,0.14941704273223877,0.2250000238418579,0.07499998807907104,8,0.903853178024292,2,0.14941701292991638,0.2250000238418579,0.07499992847442627,0.3
9,9,5,5,0.5382161140441895,3,0.1499774008989334,0.25000011920928955,0.04999995231628418,5,3.1978540420532227,3,0.14079421758651733,0.17695319652557373,0.10429680347442627,5,2.9885199069976807,3,0.1315222829580307,0.18515634536743164,0.07734370231628418,0.3
7,7,8,8,0.6994349956512451,4,0.13424864411354065,0.2700001001358032,0.029999911785125732,8,3.562560796737671,3,0.0629381313920021,0.10927748680114746,0.017871081829071045,8,2.9925191402435303,3,0.06480179727077484,0.13125008344650269,0.0,0.3
3,3,5,5,0.35585570335388184,2,0.20000003278255463,0.20000004768371582,0.19999998807907104,5,1.252582311630249,1,0.03750001639127731,0.03750002384185791,0.03749999403953552,5,1.2758049964904785,1,0.03750001639127731,0.03750002384185791,0.03749999403953552,0.3
4,4,7,7,0.527907133102417,3,0.14804419875144958,0.25000011920928955,0.04999995231628418,7,2.1422548294067383,2,0.07509641349315643,0.10312503576278687,0.046875,7,2.116976737976074,2,0.06575353443622589,0.10312503576278687,0.02812492847442627,0.3
9,9,7,7,0.34974122047424316,2,0.20000003278255463,0.20000004768371582,0.19999998807907104,7,0.5374281406402588,1,0.1499999761581421,0.15000003576278687,0.1499999761581421,7,0.5371472835540771,1,0.1499999761581421,0.15000003576278687,0.1499999761581421,0.3
6,6,7,7,1.2200822830200195,7,0.10508965700864792,0.2892858386039734,0.010714173316955566,7,11.264575958251953,24,0.1730063259601593,0.2999997138977051,7.152557373046875e-07,7,6.0378828048706055,7,0.10250339657068253,0.23437511920928955,0.004687488079071045,0.3
6,6,5,5,0.4037313461303711,2,0.20000003278255463,0.20000004768371582,0.19999998807907104,5,1.3583180904388428,1,0.03750001639127731,0.03750002384185791,0.03749999403953552,5,1.3886220455169678,1,0.03750001639127731,0.03750002384185791,0.03749999403953552,0.3
5,5,8,8,0.7704839706420898,4,0.13397520780563354,0.2700001001358032,0.029999911785125732,8,2.207109212875366,2,0.07517227530479431,0.10312503576278687,0.046875,8,2.151160955429077,2,0.06585467606782913,0.10312503576278687,0.02812492847442627,0.3
4,4,3,3,0.923907995223999,5,0.12066511809825897,0.28000009059906006,0.0,3,3.5005040168762207,4,0.11063019186258316,0.2507812976837158,0.02109372615814209,3,2.6690597534179688,3,0.11168833076953888,0.16875004768371582,0.056249916553497314,0.3
0,0,8,8,0.8097231388092041,4,0.13464564085006714,0.2700001001358032,0.029999911785125732,8,5.309179067611694,4,0.12245431542396545,0.17743384838104248,0.06769859790802002,0,11.376147031784058,24,0.14967156946659088,0.22558605670928955,0.07441401481628418,0.3
7,7,4,4,1.31099271774292,7,0.10454101115465164,0.2892858386039734,0.010714173316955566,4,4.123302936553955,4,0.10198042541742325,0.19782721996307373,0.006518512964248657,4,2.7282826900482178,4,0.14953938126564026,0.26718753576278687,0.03281247615814209,0.3
4,4,5,5,0.5677051544189453,3,0.14863678812980652,0.25000011920928955,0.04999995231628418,5,2.5229239463806152,2,0.03516874462366104,0.05390632152557373,0.016406238079071045,5,2.3020358085632324,2,0.03752181679010391,0.07031252980232239,0.004687488079071045,0.3
0,0,9,9,0.5299201011657715,3,0.14874838292598724,0.25000011920928955,0.04999995231628418,9,1.423759937286377,2,0.11068838834762573,0.18750005960464478,0.037499964237213135,9,1.4660449028015137,2,0.11159417033195496,0.15000003576278687,0.07499992847442627,0.3
1,1,5,5,0.701322078704834,4,0.13484135270118713,0.2700001001358032,0.029999911785125732,5,1.572767972946167,3,0.14959987998008728,0.2625000476837158,0.03749990463256836,5,1.9627530574798584,3,0.1502276510000229,0.2625000476837158,0.03749990463256836,0.3
3,3,7,7,0.5561537742614746,3,0.1500624269247055,0.25000011920928955,0.04999995231628418,7,2.1743569374084473,3,0.1502154916524887,0.24375009536743164,0.05624997615814209,7,1.989820957183838,3,0.14907671511173248,0.2625000476837158,0.03749990463256836,0.3
1,1,9,9,0.6975538730621338,4,0.13529933989048004,0.2700001001358032,0.029999911785125732,9,3.357050895690918,6,0.14641672372817993,0.29296886920928955,0.00703120231628418,9,4.859567880630493,5,0.1224375069141388,0.18750005960464478,0.05859363079071045,0.3
3,3,8,8,0.557304859161377,3,0.14834845066070557,0.25000011920928955,0.04999995231628418,8,2.3835129737854004,2,0.03736134618520737,0.07031252980232239,0.0046874284744262695,8,2.368086814880371,2,0.03736138343811035,0.07031252980232239,0.004687488079071045,0.3
4,4,6,6,1.0794451236724854,6,0.11077826470136642,0.28571438789367676,0.0,6,4.182315826416016,5,0.14516565203666687,0.28183603286743164,0.008789002895355225,6,2.841102123260498,4,0.13178032636642456,0.2250000238418579,0.03749990463256836,0.3
7,7,9,9,0.5348072052001953,3,0.14896230399608612,0.25000011920928955,0.04999995231628418,9,2.504199266433716,2,0.03533366695046425,0.05390632152557373,0.016406238079071045,9,3.0051960945129395,3,0.13153265416622162,0.16875004768371582,0.09374994039535522,0.3
2,2,1,1,1.6128342151641846,9,0.09251250326633453,0.2933335304260254,0.0,1,3.1925058364868164,5,0.14934004843235016,0.28242194652557373,0.017578125,1,3.7055459022521973,5,0.07703980058431625,0.16875004768371582,0.0,0.3
7,7,4,4,0.5607309341430664,3,0.14932236075401306,0.25000011920928955,0.04999995231628418,4,1.7837550640106201,2,0.11264050751924515,0.18750005960464478,0.037499964237213135,4,1.2411270141601562,2,0.1501404494047165,0.2250000238418579,0.07499992847442627,0.3
1,1,8,8,0.707050085067749,4,0.13367027044296265,0.2700001001358032,0.029999911785125732,8,2.603963851928711,3,0.11465632915496826,0.18515634536743164,0.04453122615814209,8,1.6310560703277588,3,0.14952562749385834,0.2625000476837158,0.03749990463256836,0.3
2,2,0,0,0.7457883358001709,4,0.1345013529062271,0.2700001001358032,0.029999911785125732,0,1.8480069637298584,3,0.15040482580661774,0.24375009536743164,0.05624997615814209,0,2.074275016784668,3,0.11250198632478714,0.2250000238418579,0.07499992847442627,0.3
1,1,5,5,0.9033141136169434,5,0.11922086030244827,0.28000009059906006,0.0,5,3.7214038372039795,4,0.1227419301867485,0.23847663402557373,0.007617175579071045,5,2.9842369556427,3,0.10895748436450958,0.15000003576278687,0.06796872615814209,0.3
1,1,2,2,0.7356059551239014,4,0.13529455661773682,0.2700001001358032,0.029999911785125732,2,3.3290929794311523,5,0.15005691349506378,0.2859375476837158,0.01406240463256836,2,3.1046531200408936,4,0.11309365183115005,0.18750011920928955,0.037499964237213135,0.3
7,7,1,1,1.126025915145874,6,0.11057041585445404,0.28571438789367676,0.0,1,1.3072509765625,3,0.1500159353017807,0.2625000476837158,0.03749990463256836,1,4.615066289901733,5,0.14995145797729492,0.20112311840057373,0.09887692332267761,0.3
4,4,3,3,0.7029597759246826,4,0.13427892327308655,0.2700001001358032,0.029999911785125732,3,3.422089099884033,3,0.1409706324338913,0.16816413402557373,0.11308592557907104,3,2.854801893234253,3,0.1411604881286621,0.15937507152557373,0.12187492847442627,0.3
2,2,3,3,1.082948923110962,6,0.11156842857599258,0.28571438789367676,0.0,3,3.784433126449585,4,0.14052143692970276,0.23078620433807373,0.05046379566192627,3,5.142852067947388,5,0.12302946299314499,0.1546875238418579,0.09140616655349731,0.3
3,3,0,0,1.2408571243286133,7,0.10457076877355576,0.2892858386039734,0.010714173316955566,0,2.2774128913879395,3,0.10981570184230804,0.21562504768371582,0.046875,0,2.1550819873809814,3,0.11382829397916794,0.2250000238418579,0.0,0.3
5,5,9,9,0.903588056564331,5,0.1213592067360878,0.28000009059906006,0.0,9,8.472056865692139,14,0.17345508933067322,0.2999279499053955,1.0728836059570312e-06,9,6.883737802505493,6,0.13849890232086182,0.15000003576278687,0.12687259912490845,0.3
1,1,0,0,0.5401878356933594,3,0.14796845614910126,0.25000011920928955,0.04999995231628418,0,2.313727855682373,2,0.03768875449895859,0.07031252980232239,0.0046874284744262695,0,2.3144729137420654,2,0.03768879547715187,0.07031252980232239,0.004687488079071045,0.3
2,2,9,9,0.5374710559844971,3,0.14800965785980225,0.25000011920928955,0.04999995231628418,9,2.3514158725738525,2,0.03749823570251465,0.07031252980232239,0.0046874284744262695,9,2.260672092437744,2,0.06562300026416779,0.10312503576278687,0.02812492847442627,0.3
4,4,5,5,0.36037302017211914,2,0.20000003278255463,0.20000004768371582,0.19999998807907104,5,1.2563798427581787,1,0.03750001639127731,0.03750002384185791,0.03749999403953552,5,1.2693188190460205,1,0.03750001639127731,0.03750002384185791,0.03749999403953552,0.3
4,4,0,0,0.5437140464782715,3,0.14832985401153564,0.25000011920928955,0.04999995231628418,0,3.627187967300415,3,0.07296396046876907,0.10927736759185791,0.03603515028953552,0,3.6442110538482666,3,0.06611455231904984,0.10927736759185791,0.02197253704071045,0.3
7,7,4,4,0.9093921184539795,5,0.12752041220664978,0.2986668348312378,0.0,4,1.2588000297546387,2,0.15871278941631317,0.24000000953674316,0.07999992370605469,4,1.9495348930358887,3,0.1387677639722824,0.24000000953674316,0.03999990224838257,0.32
2,2,3,3,0.5328490734100342,3,0.159301295876503,0.2666667699813843,0.053333282470703125,3,2.497976064682007,2,0.03794005140662193,0.05750000476837158,0.017499923706054688,3,2.464700222015381,2,0.040385037660598755,0.05750003457069397,0.022499918937683105,0.32
1,1,0,0,0.7624578475952148,4,0.1447049379348755,0.288000226020813,0.031999945640563965,0,3.8683390617370605,5,0.1409386843442917,0.28937506675720215,0.0006249547004699707,0,3.8933398723602295,4,0.13985082507133484,0.18000006675720215,0.09999990463256836,0.32
0,0,5,5,0.9314560890197754,5,0.12863406538963318,0.2986668348312378,0.0,5,7.23858904838562,5,0.04348205029964447,0.0774991512298584,0.002500861883163452,5,7.004942178726196,5,0.024105805903673172,0.0517963171005249,0.0007818341255187988,0.32
4,4,3,3,0.7765331268310547,4,0.14377807080745697,0.288000226020813,0.031999945640563965,3,2.9181079864501953,3,0.10702066868543625,0.21500003337860107,0.004999995231628418,3,2.376426935195923,3,0.11956100910902023,0.24000000953674316,0.07999992370605469,0.32
1,1,0,0,1.1196260452270508,6,0.1179962307214737,0.3047621250152588,0.0,0,4.075440883636475,7,0.1759844422340393,0.3153125047683716,0.0046874284744262695,0,3.16631817817688,4,0.1474447250366211,0.24000000953674316,0.059999942779541016,0.32
4,4,6,6,0.8930377960205078,5,0.12404109537601471,0.2986668348312378,0.0,6,5.577764987945557,4,0.037449128925800323,0.0777515172958374,0.00025141239166259766,6,7.032678842544556,6,0.030856424942612648,0.06160157918930054,3.902614116668701e-05,0.32
9,9,7,7,0.7498619556427002,4,0.14329209923744202,0.288000226020813,0.031999945640563965,7,2.8565449714660645,3,0.14073766767978668,0.25,0.029999911785125732,7,2.968446969985962,3,0.13997605443000793,0.1700000762939453,0.10999995470046997,0.32
5,5,3,3,0.715703010559082,4,0.14530782401561737,0.288000226020813,0.031999945640563965,3,4.2414960861206055,7,0.16051508486270905,0.3150390684604645,0.004960894584655762,3,5.570274114608765,5,0.15023738145828247,0.24250006675720215,0.05749988555908203,0.32
9,9,8,8,0.369067907333374,2,0.2133333683013916,0.2133333683013916,0.21333330869674683,8,1.3071098327636719,1,0.03999999538064003,0.04000002145767212,0.039999961853027344,8,1.3257579803466797,1,0.03999999538064003,0.04000002145767212,0.039999961853027344,0.32
0,0,5,5,0.7572240829467773,4,0.14539116621017456,0.288000226020813,0.031999945640563965,5,1.6954638957977295,4,0.1595134139060974,0.30000007152557373,0.019999980926513672,5,2.391252040863037,3,0.11899710446596146,0.20000004768371582,0.03999990224838257,0.32
6,6,9,9,0.7370030879974365,4,0.1444757729768753,0.288000226020813,0.031999945640563965,9,1.875079870223999,3,0.12819169461727142,0.25999999046325684,0.019999980926513672,9,2.150683879852295,3,0.11811968684196472,0.24000000953674316,0.0,0.32
9,9,1,1,0.9066228866577148,5,0.13293592631816864,0.2986668348312378,0.0,1,2.3506522178649902,3,0.15556778013706207,0.24250006675720215,0.06749987602233887,1,2.4626381397247314,3,0.1200324073433876,0.20000004768371582,0.039999961853027344,0.32
0,0,2,2,1.0880389213562012,6,0.11830113083124161,0.3047621250152588,0.0,2,3.359860897064209,5,0.15927061438560486,0.2937500476837158,0.026249989867210388,2,2.9599668979644775,4,0.1289471536874771,0.2800000309944153,0.03999984264373779,0.32
1,1,7,7,1.075226068496704,6,0.11693613231182098,0.3047621250152588,0.0,7,3.778825044631958,8,0.16048085689544678,0.3187500238418579,0.0012499690055847168,7,3.2782137393951416,4,0.16035261750221252,0.25000011920928955,0.06999993324279785,0.32
5,5,3,3,0.5605199337005615,3,0.15953794121742249,0.2666667699813843,0.053333282470703125,3,2.4890570640563965,2,0.04003814235329628,0.07500004768371582,0.004999995231628418,3,2.3431429862976074,2,0.04003814235329628,0.07500004768371582,0.004999935626983643,0.32
9,9,3,3,0.8061161041259766,4,0.14320750534534454,0.288000226020813,0.031999945640563965,3,1.2755520343780518,3,0.15976187586784363,0.28000009059906006,0.039999961853027344,3,2.574907064437866,3,0.11997365951538086,0.18000006675720215,0.059999942779541016,0.32
7,7,2,2,0.5414750576019287,3,0.15977180004119873,0.2666667699813843,0.053333282470703125,2,2.5133469104766846,2,0.03755154833197594,0.05750000476837158,0.017499923706054688,2,2.5233380794525146,2,0.04004510119557381,0.05750003457069397,0.022499918937683105,0.32
3,3,8,8,0.3623208999633789,2,0.2133333683013916,0.2133333683013916,0.21333330869674683,8,1.2896440029144287,1,0.03999999165534973,0.04000002145767212,0.039999961853027344,8,1.3291099071502686,1,0.03999999165534973,0.04000002145767212,0.039999961853027344,0.32
4,4,5,5,0.5262007713317871,3,0.1587684005498886,0.2666667699813843,0.053333282470703125,5,2.5511300563812256,2,0.03701317682862282,0.05750000476837158,0.017499923706054688,5,2.6038708686828613,2,0.0395740270614624,0.05750003457069397,0.022499918937683105,0.32
9,9,7,7,0.37975502014160156,2,0.2133333683013916,0.2133333683013916,0.21333330869674683,7,0.5407779216766357,1,0.15999996662139893,0.1600000262260437,0.15999996662139893,7,0.5444281101226807,1,0.15999996662139893,0.1600000262260437,0.15999996662139893,0.32
6,6,4,4,0.7257249355316162,4,0.1445574015378952,0.288000226020813,0.031999945640563965,4,2.5359108448028564,4,0.1502227783203125,0.28250014781951904,0.017499923706054688,4,2.131511926651001,4,0.15918684005737305,0.2800000309944153,0.03999990224838257,0.32
6,6,8,8,0.5357508659362793,3,0.16004249453544617,0.2666667699813843,0.053333282470703125,8,1.2726531028747559,1,0.03999999538064003,0.04000002145767212,0.039999961853027344,8,1.2465338706970215,1,0.03999999538064003,0.04000002145767212,0.039999961853027344,0.32
5,5,7,7,0.5590519905090332,3,0.1595010906457901,0.2666667699813843,0.053333282470703125,7,2.7695722579956055,4,0.15917973220348358,0.2850000858306885,0.034999966621398926,7,2.927907943725586,3,0.14004527032375336,0.18875008821487427,0.09124988317489624,0.32
4,4,5,5,0.7217779159545898,4,0.1429944783449173,0.288000226020813,0.031999945640563965,5,3.8712079524993896,3,0.08265382051467896,0.10203129053115845,0.057968735694885254,5,3.7939541339874268,3,0.07607109099626541,0.10203129053115845,0.043281227350234985,0.32
0,0,4,4,0.9061198234558105,5,0.12880867719650269,0.2986668348312378,0.0,4,2.894714117050171,5,0.16107572615146637,0.30500006675720215,0.014999985694885254,4,2.7645082473754883,3,0.15999917685985565,0.25,0.06999993324279785,0.32
7,7,8,8,0.9008378982543945,5,0.1279061734676361,0.2986668348312378,0.0,8,2.6967177391052246,3,0.12116580456495285,0.1975001096725464,0.04749995470046997,8,1.7310030460357666,3,0.15913793444633484,0.2800000309944153,0.03999990224838257,0.32
4,4,8,8,0.5686910152435303,3,0.1581278145313263,0.2666667699813843,0.053333282470703125,8,1.8420076370239258,2,0.11838644742965698,0.20000004768371582,0.039999961853027344,8,1.2899878025054932,2,0.1583864390850067,0.24000000953674316,0.07999992370605469,0.32
0,0,6,6,0.9261798858642578,5,0.12728911638259888,0.2986668348312378,0.0,6,4.551232099533081,5,0.15074539184570312,0.2707812786102295,0.029218673706054688,6,3.9987599849700928,4,0.05353156104683876,0.11000001430511475,0.029999911785125732,0.32
1,1,5,5,0.7331061363220215,4,0.1432623267173767,0.288000226020813,0.031999945640563965,5,2.2096309661865234,2,0.14997075498104095,0.1700000762939453,0.12999996542930603,5,1.2749111652374268,2,0.159883052110672,0.24000000953674316,0.07999992370605469,0.32
3,3,5,5,0.5443878173828125,3,0.15876555442810059,0.2666667699813843,0.053333282470703125,5,3.726102113723755,3,0.04609498754143715,0.09031251072883606,0.010312497615814209,5,3.400866985321045,3,0.066510871052742,0.12312501668930054,0.008124947547912598,0.32
1,1,2,2,1.1965577602386475,6,0.11823411285877228,0.3047621250152588,0.0,2,1.890312910079956,3,0.13069461286067963,0.25999999046325684,0.019999980926513672,2,1.8289639949798584,3,0.12010203301906586,0.24000000953674316,0.0,0.32
3,3,8,8,0.5439150333404541,3,0.1582610160112381,0.2666667699813843,0.053333282470703125,8,2.488280773162842,2,0.03731398656964302,0.05750000476837158,0.017499923706054688,8,2.35196590423584,2,0.039674483239650726,0.07500004768371582,0.004999935626983643,0.32
4,4,0,0,0.5308549404144287,3,0.16002830862998962,0.2666667699813843,0.053333282470703125,0,1.2529349327087402,2,0.1596279740333557,0.24000000953674316,0.07999992370605469,0,0.8913071155548096,2,0.15962794423103333,0.24000000953674316,0.07999992370605469,0.32
7,7,3,3,0.535228967666626,3,0.15994328260421753,0.2666667699813843,0.053333282470703125,3,2.678619861602783,2,0.03876420110464096,0.04875004291534424,0.028749942779541016,3,2.4967150688171387,2,0.04002486914396286,0.05750003457069397,0.022499918937683105,0.32
2,2,1,1,0.9117951393127441,5,0.13342176377773285,0.2986668348312378,0.0,1,7.1686928272247314,13,0.1439523994922638,0.3198719024658203,5.003809928894043e-05,1,5.631509065628052,5,0.08396359533071518,0.18000006675720215,0.0,0.32
7,7,1,1,1.2339591979980469,7,0.10938151180744171,0.3085716962814331,0.011428415775299072,1,4.566312074661255,4,0.10546981543302536,0.21664071083068848,7.808208465576172e-05,1,3.643264055252075,4,0.11905556917190552,0.24000000953674316,0.0,0.32
1,1,4,4,0.7177507877349854,4,0.14324064552783966,0.288000226020813,0.031999945640563965,4,3.120471954345703,4,0.1406089961528778,0.2587500810623169,0.021249890327453613,4,1.965898036956787,3,0.16041183471679688,0.2800000309944153,0.03999990224838257,0.32
2,2,6,6,1.4834330081939697,5,0.12770889699459076,0.2986668348312378,0.0,6,4.809401988983154,6,0.15748770534992218,0.30468761920928955,0.015312433242797852,6,3.460354804992676,4,0.09769290685653687,0.20000004768371582,0.029999911785125732,0.32
1,1,7,7,1.6275279521942139,9,0.09716571122407913,0.31288909912109375,0.0,7,7.465430021286011,12,0.18126946687698364,0.3198486566543579,0.0001513361930847168,7,4.067835092544556,5,0.07703619450330734,0.1600000262260437,0.0,0.32
1,1,4,4,0.9316596984863281,5,0.12824006378650665,0.2986668348312378,0.0,4,3.821686029434204,4,0.1606762707233429,0.2900000810623169,0.029999971389770508,4,1.5859038829803467,3,0.15994682908058167,0.2800000309944153,0.03999990224838257,0.32
7,7,0,0,1.4222910404205322,8,0.10462547838687897,0.31111133098602295,0.008888721466064453,0,7.236449956893921,7,0.13151617348194122,0.2876666188240051,7.325410842895508e-05,0,7.7440409660339355,7,0.14160986244678497,0.2600000202655792,0.021542906761169434,0.32
4,4,8,8,0.7143497467041016,4,0.14242136478424072,0.288000226020813,0.031999945640563965,8,4.551897048950195,3,0.15547142922878265,0.17468750476837158,0.13531243801116943,8,2.5246169567108154,3,0.15050196647644043,0.17000001668930054,0.12999998033046722,0.32
2,2,5,5,0.5367343425750732,3,0.16066749393939972,0.2666667699813843,0.053333282470703125,5,2.164952039718628,2,0.1501142531633377,0.1700000762939453,0.12999996542930603,5,2.061462879180908,2,0.16011422872543335,0.18000006675720215,0.13999995589256287,0.32
3,3,0,0,1.0942018032073975,6,0.11847323179244995,0.3047621250152588,0.0,0,4.3776609897613525,9,0.15355336666107178,0.3188282251358032,0.0011718273162841797,0,1.9605050086975098,3,0.16148169338703156,0.2800000309944153,0.03999990224838257,0.32
5,5,6,6,0.7307882308959961,4,0.14432397484779358,0.288000226020813,0.031999945640563965,6,2.574496030807495,2,0.03743330389261246,0.05750000476837158,0.017499923706054688,6,2.5263540744781494,2,0.03994163125753403,0.05750003457069397,0.022499918937683105,0.32
1,1,4,4,0.8966760635375977,5,0.12879592180252075,0.2986668348312378,0.0,4,3.759294033050537,5,0.16077350080013275,0.28937506675720215,0.030624985694885254,4,3.234187126159668,4,0.14079777896404266,0.2675001621246338,0.012499809265136719,0.32
2,2,0,0,1.7269008159637451,5,0.12658873200416565,0.2986668348312378,0.0,0,2.345708131790161,4,0.16004489362239838,0.30000007152557373,0.019999980926513672,0,2.918233633041382,3,0.11621466279029846,0.1600000262260437,0.07249999046325684,0.32
4,4,2,2,0.5430500507354736,3,0.1593863070011139,0.2666667699813843,0.053333282470703125,2,2.6620688438415527,2,0.02077726274728775,0.038750022649765015,0.0012499690055847168,2,2.5250980854034424,2,0.0383291058242321,0.05750000476837158,0.017499983310699463,0.32
4,4,9,9,0.5445089340209961,3,0.15990784764289856,0.2666667699813843,0.053333282470703125,9,2.1217641830444336,2,0.0801837295293808,0.11000001430511475,0.04999995231628418,9,2.677750825881958,2,0.07024498283863068,0.11000001430511475,0.029999971389770508,0.32
7,7,5,5,1.403273105621338,5,0.13404670357704163,0.317333459854126,0.0,5,3.199532985687256,4,0.14021673798561096,0.3081251382827759,0.010624945163726807,5,2.6096057891845703,3,0.0825459212064743,0.1700000762939453,0.0,0.34
2,2,9,9,0.573523998260498,3,0.1692756712436676,0.283333420753479,0.05666661262512207,9,1.4758148193359375,2,0.1271589696407318,0.21250009536743164,0.04249989986419678,9,0.8812868595123291,2,0.16965897381305695,0.25500011444091797,0.0849999189376831,0.34
1,1,0,0,0.8613660335540771,5,0.13544227182865143,0.317333459854126,0.0,0,4.617936849594116,7,0.17024976015090942,0.3318653106689453,0.008134722709655762,0,3.6970810890197754,4,0.14817623794078827,0.19125008583068848,0.10624992847442627,0.34
0,0,7,7,0.7085011005401611,4,0.15368396043777466,0.30600011348724365,0.03399991989135742,7,1.7544078826904297,3,0.13754397630691528,0.27625012397766113,0.02124994993209839,7,2.1019623279571533,3,0.08480209857225418,0.1700000762939453,0.0,0.34
4,4,5,5,0.5211539268493652,3,0.16963858902454376,0.283333420753479,0.05666661262512207,5,1.203503131866455,1,0.04250002279877663,0.04250001907348633,0.04249998927116394,5,1.2373778820037842,1,0.04250002279877663,0.04250001907348633,0.04249998927116394,0.34
1,1,2,2,1.7897138595581055,10,0.09658648818731308,0.3338184356689453,0.0,5,16.311015844345093,24,0.1695936620235443,0.33999961614608765,3.4570693969726562e-06,2,3.465555191040039,4,0.1694926768541336,0.25500011444091797,0.0849999189376831,0.34
4,4,5,5,0.7936158180236816,4,0.15076342225074768,0.30600011348724365,0.03399991989135742,5,2.646353006362915,2,0.02173784002661705,0.041171908378601074,0.001328110694885254,5,2.7103700637817383,2,0.0217378418892622,0.041171908378601074,0.001328110694885254,0.34
9,9,5,5,0.5415000915527344,3,0.16870497167110443,0.283333420753479,0.05666661262512207,5,2.4851737022399902,2,0.04025882109999657,0.061093807220458984,0.01859372854232788,5,2.504533052444458,2,0.04286317899823189,0.061093807220458984,0.023906230926513672,0.34
5,5,8,8,0.35614800453186035,2,0.22666668891906738,0.22666671872138977,0.2266666293144226,8,1.0404300689697266,1,0.08500004559755325,0.08500003814697266,0.08499997854232788,8,1.0646779537200928,1,0.08500004559755325,0.08500003814697266,0.08499997854232788,0.34
9,9,5,5,0.9034318923950195,5,0.13601960241794586,0.317333459854126,0.0,5,3.0234358310699463,4,0.14786504209041595,0.27492189407348633,0.02257809042930603,5,2.154397964477539,3,0.1280229240655899,0.25500011444091797,0.0,0.34
0,0,4,4,0.928070068359375,5,0.13549527525901794,0.317333459854126,0.0,4,2.322953939437866,4,0.1486946940422058,0.3028125762939453,0.005312472581863403,4,2.2969300746917725,3,0.12667560577392578,0.21250009536743164,0.04249989986419678,0.34
6,6,0,0,0.5266339778900146,3,0.16823968291282654,0.283333420753479,0.05666661262512207,0,1.2444560527801514,2,0.16825971007347107,0.25500011444091797,0.08499997854232788,0,1.2547132968902588,2,0.0832596942782402,0.1700000762939453,0.0,0.34
9,9,7,7,0.5268428325653076,3,0.16914920508861542,0.283333420753479,0.05666661262512207,7,1.4077539443969727,2,0.1272256225347519,0.21250009536743164,0.04249989986419678,7,1.246385097503662,2,0.16972561180591583,0.25500011444091797,0.0849999189376831,0.34
0,0,7,7,0.8862740993499756,5,0.1386433243751526,0.317333459854126,0.0,7,1.6503121852874756,4,0.17100319266319275,0.31875014305114746,0.02124994993209839,7,2.3332228660583496,3,0.1694401353597641,0.2443751096725464,0.09562492370605469,0.34
1,1,0,0,1.2543840408325195,7,0.11729950457811356,0.32785725593566895,0.012142717838287354,0,3.2212071418762207,6,0.16880452632904053,0.3320312798023224,0.007968723773956299,0,3.4377200603485107,4,0.08302823454141617,0.1700000762939453,0.0345311164855957,0.34
5,5,4,4,0.8876290321350098,5,0.13618043065071106,0.317333459854126,0.0,4,3.892622232437134,5,0.13502250611782074,0.2951759099960327,0.02357420325279236,4,3.7156729698181152,4,0.12010578066110611,0.2005469799041748,0.038515567779541016,0.34
9,9,3,3,0.7274069786071777,4,0.15258711576461792,0.30600011348724365,0.03399991989135742,3,1.9405920505523682,3,0.17100118100643158,0.2656250298023224,0.0743749737739563,3,2.5349700450897217,3,0.1273040920495987,0.19125008583068848,0.06374990940093994,0.34
7,7,0,0,0.569983959197998,3,0.16957232356071472,0.283333420753479,0.05666661262512207,0,0.8833959102630615,2,0.16843700408935547,0.25500011444091797,0.08499997854232788,0,1.427067756652832,2,0.12671852111816406,0.1700000762939453,0.0849999189376831,0.34
3,3,8,8,0.3550732135772705,2,0.22666668891906738,0.22666671872138977,0.2266666293144226,8,1.2563529014587402,1,0.04250002279877663,0.04250001907348633,0.04249998927116394,8,1.2455811500549316,1,0.04250002279877663,0.04250001907348633,0.04249998927116394,0.34
4,4,3,3,1.7542526721954346,10,0.0981043353676796,0.3338184356689453,0.0,3,3.7304587364196777,5,0.14727357029914856,0.29816412925720215,0.0006640404462814331,3,3.732434034347534,4,0.11090686172246933,0.1806250810623169,0.04249989986419678,0.34
9,9,7,7,0.34698987007141113,2,0.22666668891906738,0.22666671872138977,0.2266666293144226,7,0.5323410034179688,1,0.1700000762939453,0.1700000762939453,0.16999995708465576,7,0.5328447818756104,1,0.1700000762939453,0.1700000762939453,0.16999995708465576,0.34
6,6,4,4,0.9100821018218994,5,0.13780909776687622,0.317333459854126,0.0,4,1.6291651725769043,4,0.170509934425354,0.31875014305114746,0.02124994993209839,4,2.153658151626587,4,0.1695762425661087,0.2975001335144043,0.04249989986419678,0.34
6,6,9,9,0.5284700393676758,3,0.17056918144226074,0.283333420753479,0.05666661262512207,9,3.590632915496826,4,0.1217573806643486,0.2503516674041748,0.011289000511169434,9,3.8771109580993652,3,0.07976633310317993,0.09296882152557373,0.06640622019767761,0.34
5,5,7,7,0.5279836654663086,3,0.16988100111484528,0.283333420753479,0.05666661262512207,7,2.6734938621520996,2,0.022962840273976326,0.041171908378601074,0.001328110694885254,7,2.687908172607422,2,0.022962840273976326,0.041171908378601074,0.001328110694885254,0.34
4,4,9,9,0.5386629104614258,3,0.16936300694942474,0.283333420753479,0.05666661262512207,9,2.651315927505493,2,0.04130389913916588,0.051796913146972656,0.030546844005584717,9,2.120666980743408,2,0.07490301132202148,0.1168750524520874,0.03187498450279236,0.34
0,0,5,5,1.0597598552703857,6,0.12558764219284058,0.3238096237182617,0.0,5,2.145698070526123,2,0.07445578277111053,0.1168750524520874,0.03187495470046997,5,2.10530686378479,2,0.08506059646606445,0.1168750524520874,0.053124964237213135,0.34
7,7,5,5,0.5316479206085205,3,0.16855742037296295,0.283333420753479,0.05666661262512207,5,1.6220958232879639,2,0.1478533297777176,0.19125008583068848,0.10624992847442627,5,1.4057369232177734,2,0.12660333514213562,0.1700000762939453,0.0849999189376831,0.34
4,4,9,9,0.5330548286437988,3,0.16923804581165314,0.283333420753479,0.05666661262512207,9,2.4453508853912354,2,0.042307298630476,0.07968753576278687,0.005312442779541016,9,2.342703104019165,2,0.04230732098221779,0.07968753576278687,0.005312487483024597,0.34
0,0,4,4,1.6257688999176025,9,0.10287317633628845,0.3324446678161621,0.0,4,6.354748964309692,8,0.17111597955226898,0.3309534788131714,0.0090465247631073,4,5.53077507019043,4,0.027087869122624397,0.05955684185028076,0.0010362863540649414,0.34
1,1,5,5,0.690709114074707,4,0.15283015370368958,0.30600011348724365,0.03399991989135742,5,1.97127103805542,2,0.14900809526443481,0.19125008583068848,0.10624992847442627,5,1.2553391456604004,2,0.17051616311073303,0.25500011444091797,0.0849999189376831,0.34
3,3,5,5,0.5751070976257324,3,0.16957683861255646,0.283333420753479,0.05666661262512207,5,1.2475509643554688,2,0.16974593698978424,0.25500011444091797,0.08499997854232788,5,1.2675089836120605,2,0.16974593698978424,0.25500011444091797,0.0849999189376831,0.34
1,1,8,8,0.5499043464660645,3,0.17029963433742523,0.283333420753479,0.05666661262512207,8,0.9947609901428223,2,0.1699187308549881,0.25500011444091797,0.08499997854232788,8,1.2421340942382812,2,0.1699187308549881,0.25500011444091797,0.0849999189376831,0.34
3,3,5,5,0.7152671813964844,4,0.15199938416481018,0.30600011348724365,0.03399991989135742,5,3.528949022293091,4,0.16989730298519135,0.2652930021286011,0.07470697164535522,5,4.9457337856292725,4,0.04535964876413345,0.09486758708953857,0.012523770332336426,0.34
4,4,2,2,0.400040864944458,2,0.22666668891906738,0.22666671872138977,0.2266666293144226,2,1.3221759796142578,1,0.04250002279877663,0.04250001907348633,0.04249998927116394,2,1.2562732696533203,1,0.04250002279877663,0.04250001907348633,0.04249998927116394,0.34
7,7,9,9,0.5145411491394043,3,0.16804994642734528,0.283333420753479,0.05666661262512207,9,4.010395050048828,3,0.08422400057315826,0.11861824989318848,0.05005365610122681,9,3.19917893409729,3,0.1486036330461502,0.19125008583068848,0.10624992847442627,0.34
2,2,7,7,0.5615010261535645,3,0.17031921446323395,0.283333420753479,0.05666661262512207,7,0.9625458717346191,2,0.16999439895153046,0.25500011444091797,0.08499997854232788,7,1.3644521236419678,2,0.084994375705719,0.1700000762939453,0.0,0.34
7,7,0,0,0.963839054107666,5,0.13817952573299408,0.317333459854126,0.0,0,4.792028903961182,5,0.12748868763446808,0.28210222721099854,0.00801020860671997,0,2.7139649391174316,4,0.14894457161426544,0.2975001335144043,0.0,0.34
1,1,8,8,0.722592830657959,4,0.15190768241882324,0.30600011348724365,0.03399991989135742,8,1.9685249328613281,3,0.17019030451774597,0.2656250298023224,0.0743749737739563,8,2.3413538932800293,3,0.12769824266433716,0.21250009536743164,0.04249989986419678,0.34
2,2,3,3,0.52557373046875,3,0.17066404223442078,0.283333420753479,0.05666661262512207,3,1.6114299297332764,2,0.17033208906650543,0.25500011444091797,0.08499997854232788,3,1.262420892715454,2,0.17033208906650543,0.25500011444091797,0.0849999189376831,0.34
1,1,7,7,1.2525091171264648,7,0.11619256436824799,0.32785725593566895,0.012142717838287354,7,3.3248379230499268,6,0.17005182802677155,0.3307032585144043,0.009296834468841553,7,3.0551950931549072,4,0.08279396593570709,0.1700000762939453,0.0,0.34
1,1,0,0,0.5412847995758057,3,0.1696566492319107,0.283333420753479,0.05666661262512207,0,2.506343126296997,2,0.08225896209478378,0.09296882152557373,0.0717187225818634,0,1.841601848602295,2,0.12682129442691803,0.21250009536743164,0.04249995946884155,0.34
7,7,4,4,0.9542560577392578,5,0.13577806949615479,0.317333459854126,0.0,4,3.591980218887329,7,0.18215227127075195,0.3360157012939453,0.003984361886978149,4,2.322934865951538,4,0.10638893395662308,0.25500011444091797,0.0,0.34
4,4,9,9,0.35308289527893066,2,0.22666668891906738,0.22666671872138977,0.2266666293144226,9,1.2434961795806885,1,0.04250002279877663,0.04250001907348633,0.04249998927116394,9,1.3442881107330322,1,0.04250002279877663,0.04250001907348633,0.04249998927116394,0.34
2,2,6,6,0.9186849594116211,5,0.13563232123851776,0.317333459854126,0.0,6,1.4203686714172363,1,0.021250011399388313,0.021250009536743164,0.02124999463558197,6,1.4335060119628906,1,0.021250011399388313,0.021250009536743164,0.02124999463558197,0.34
3,3,1,1,0.9041540622711182,5,0.13490410149097443,0.317333459854126,0.0,1,3.23534893989563,5,0.13895587623119354,0.31210947036743164,0.006640598177909851,1,3.183583974838257,4,0.12184187024831772,0.26562511920928955,0.031874895095825195,0.34
5,5,1,1,1.4001469612121582,8,0.11113124340772629,0.33055567741394043,0.00944429636001587,1,5.796643018722534,8,0.17040209472179413,0.3350584805011749,0.00494152307510376,1,9.335723876953125,9,0.06849813461303711,0.1806250810623169,0.00018924474716186523,0.34
1,1,0,0,0.5676448345184326,3,0.16790691018104553,0.283333420753479,0.05666661262512207,0,2.7218177318573,2,0.04414978623390198,0.061093807220458984,0.023906230926513672,0,2.6969351768493652,2,0.04172923043370247,0.061093807220458984,0.01859372854232788,0.34
2,2,9,9,0.5106921195983887,3,0.16852277517318726,0.283333420753479,0.05666661262512207,9,2.4778389930725098,2,0.04233447089791298,0.07968753576278687,0.005312442779541016,9,2.133078098297119,2,0.07418587058782578,0.1168750524520874,0.03187498450279236,0.34
4,4,7,7,0.5224268436431885,3,0.16883748769760132,0.283333420753479,0.05666661262512207,7,1.8355588912963867,2,0.15911723673343658,0.1806250810623169,0.13812494277954102,7,1.6439621448516846,2,0.1484922617673874,0.1700000762939453,0.12749993801116943,0.34
4,4,8,8,0.9226150512695312,5,0.13521790504455566,0.317333459854126,0.0,8,3.9809517860412598,3,0.04146156087517738,0.08375492691993713,8.296966552734375e-05,8,3.354327917098999,3,0.14820195734500885,0.2005469799041748,0.09695303440093994,0.34
7,7,0,0,0.9123609066009521,5,0.14449556171894073,0.33600008487701416,0.0,0,2.5304222106933594,3,0.14625567197799683,0.29250001907348633,0.022499918937683105,0,2.2092549800872803,3,0.17974111437797546,0.2700001001358032,0.08999991416931152,0.36
2,2,7,7,0.5321600437164307,3,0.17796392738819122,0.30000007152557373,0.059999942779541016,7,0.8980870246887207,2,0.18025588989257812,0.27000004053115845,0.0899999737739563,7,0.8901288509368896,2,0.1802559345960617,0.2700001001358032,0.08999991416931152,0.36
1,1,7,7,1.4474859237670898,8,0.11589179933071136,0.35000014305114746,0.009999871253967285,7,4.378036022186279,6,0.16848139464855194,0.3494532108306885,0.009140551090240479,7,3.0366642475128174,4,0.1343788057565689,0.2700001001358032,0.0,0.36
0,0,4,4,0.5367429256439209,3,0.1781807690858841,0.30000007152557373,0.059999942779541016,4,1.4437849521636963,2,0.13437820971012115,0.2250000238418579,0.04499995708465576,4,0.897803783416748,2,0.1793782263994217,0.2700001001358032,0.08999991416931152,0.36
4,4,7,7,0.7171001434326172,4,0.16196365654468536,0.32400012016296387,0.035999953746795654,7,2.360389232635498,4,0.18009762465953827,0.32062506675720215,0.0393749475479126,7,2.54072904586792,3,0.1798190176486969,0.2418750524520874,0.11812490224838257,0.36
1,1,6,6,2.573647975921631,14,0.09797224402427673,0.3565715551376343,0.0,6,1.975836992263794,4,0.18067143857479095,0.33750009536743164,0.02249997854232788,6,1.8149199485778809,3,0.1786942183971405,0.2700001001358032,0.08999991416931152,0.36
4,4,8,8,0.5341830253601074,3,0.18025347590446472,0.30000007152557373,0.059999942779541016,8,0.9033510684967041,2,0.1798505187034607,0.27000004053115845,0.0899999737739563,8,0.8889930248260498,2,0.17985057830810547,0.2700001001358032,0.08999991416931152,0.36
9,9,8,8,0.7190797328948975,4,0.16030152142047882,0.32400012016296387,0.035999953746795654,8,1.6337389945983887,2,0.1573571264743805,0.2025001049041748,0.11249995231628418,8,1.4752840995788574,2,0.17985713481903076,0.2250000238418579,0.13499993085861206,0.36
5,5,4,4,0.5326509475708008,3,0.17898434400558472,0.30000007152557373,0.059999942779541016,4,1.433974027633667,2,0.13400153815746307,0.2250000238418579,0.04499995708465576,4,0.9093739986419678,2,0.1790015548467636,0.2700001001358032,0.08999991416931152,0.36
9,9,0,0,1.1147990226745605,6,0.13511502742767334,0.3428572416305542,0.0,0,5.380935907363892,6,0.17944251000881195,0.33776307106018066,0.022236943244934082,8,11.98359203338623,24,0.08859553188085556,0.18000006675720215,0.0014281868934631348,0.36
0,0,7,7,0.707927942276001,4,0.16274236142635345,0.32400012016296387,0.035999953746795654,7,2.7046849727630615,3,0.13718481361865997,0.22218763828277588,0.05343747138977051,7,1.2477178573608398,2,0.17920485138893127,0.2700001001358032,0.08999991416931152,0.36
6,6,4,4,0.9141721725463867,5,0.1422819048166275,0.33600008487701416,0.0,4,1.9984760284423828,5,0.17753593623638153,0.34875011444091797,0.011249959468841553,4,3.9742472171783447,4,0.1316198706626892,0.2250000238418579,0.04078114032745361,0.36
9,9,8,8,0.7195582389831543,4,0.16160063445568085,0.32400012016296387,0.035999953746795654,8,1.2675330638885498,3,0.17918330430984497,0.315000057220459,0.04499995708465576,8,1.693277359008789,3,0.13475488126277924,0.2700001001358032,0.08999991416931152,0.36
0,0,8,8,0.7189109325408936,4,0.16238601505756378,0.32400012016296387,0.035999953746795654,8,1.8656442165374756,3,0.18059732019901276,0.29250001907348633,0.06749999523162842,8,1.6642329692840576,3,0.1791061908006668,0.315000057220459,0.044999897480010986,0.36
1,1,0,0,1.101938009262085,6,0.13314664363861084,0.3428572416305542,0.0,0,5.6215291023254395,12,0.17604537308216095,0.35984623432159424,0.0001537799835205078,0,3.791747808456421,4,0.1566646695137024,0.23343753814697266,0.08156239986419678,0.36
5,5,8,8,0.5934751033782959,3,0.1786016821861267,0.30000007152557373,0.059999942779541016,8,0.9514517784118652,2,0.17984454333782196,0.27000004053115845,0.0899999737739563,8,1.609462022781372,2,0.1799611747264862,0.2025001049041748,0.15749990940093994,0.36
9,9,3,3,0.5417110919952393,3,0.17775028944015503,0.30000007152557373,0.059999942779541016,3,1.6065070629119873,4,0.17815788090229034,0.33750009536743164,0.02249997854232788,3,2.488854169845581,3,0.13467805087566376,0.2025001049041748,0.06749987602233887,0.36
7,7,3,3,0.5259430408477783,3,0.17957106232643127,0.30000007152557373,0.059999942779541016,3,3.139817953109741,4,0.17961983382701874,0.32062506675720215,0.0393749475479126,3,2.5319700241088867,2,0.045031383633613586,0.06468752026557922,0.025312423706054688,0.36
3,3,7,7,0.91156005859375,5,0.14791329205036163,0.33600008487701416,0.0,7,1.9389898777008057,5,0.17907042801380157,0.34875011444091797,0.011249959468841553,7,5.2008631229400635,4,0.133157879114151,0.18000006675720215,0.08684414625167847,0.36
4,4,5,5,0.5316758155822754,3,0.17658478021621704,0.30000007152557373,0.059999942779541016,5,2.5051608085632324,2,0.04131694883108139,0.06468752026557922,0.019687414169311523,5,2.4833920001983643,2,0.04423827305436134,0.06468752026557922,0.025312423706054688,0.36
9,9,6,6,2.1417059898376465,12,0.09708282351493835,0.3553847074508667,0.004615187644958496,5,13.811309099197388,24,0.1833963394165039,0.35999977588653564,4.76837158203125e-07,6,3.020936965942383,4,0.07896078377962112,0.18000006675720215,0.0,0.36
6,6,9,9,0.8947927951812744,5,0.1458233743906021,0.33600008487701416,0.0,9,3.2325351238250732,6,0.1824670284986496,0.3515625596046448,0.00843745470046997,9,4.757946252822876,6,0.16833531856536865,0.32625019550323486,0.011249780654907227,0.36
6,6,8,8,0.5564377307891846,3,0.1800190955400467,0.30000007152557373,0.059999942779541016,8,1.2984192371368408,1,0.04499999061226845,0.04500001668930054,0.04499995708465576,8,1.263110876083374,1,0.04499999061226845,0.04500001668930054,0.04499995708465576,0.36
5,5,6,6,1.2409348487854004,7,0.12236836552619934,0.34714293479919434,0.01285707950592041,6,0.9065191745758057,2,0.17865832149982452,0.27000004053115845,0.0899999737739563,6,0.8836221694946289,2,0.1786583662033081,0.2700001001358032,0.08999991416931152,0.36
4,4,6,6,1.0909221172332764,6,0.13416248559951782,0.3428572416305542,0.0,6,5.828188896179199,5,0.12475129216909409,0.2348383665084839,0.015485167503356934,6,2.8395960330963135,4,0.17953084409236908,0.315000057220459,0.044999897480010986,0.36
0,0,5,5,1.275406837463379,7,0.12468698620796204,0.34714293479919434,0.01285707950592041,5,2.178889274597168,2,0.07887677848339081,0.12375009059906006,0.03374996781349182,5,2.214974880218506,2,0.09009509533643723,0.12375009059906006,0.05624997615814209,0.36
7,7,3,3,0.7086019515991211,4,0.1628648340702057,0.32400012016296387,0.035999953746795654,3,2.521684169769287,2,0.046385325491428375,0.06468752026557922,0.025312483310699463,3,2.5399398803710938,2,0.04377072677016258,0.06468752026557922,0.0196874737739563,0.36
4,4,3,3,0.7211852073669434,4,0.1620311141014099,0.32400012016296387,0.035999953746795654,3,2.134286880493164,3,0.14703890681266785,0.29250001907348633,0.022499918937683105,3,2.2686238288879395,3,0.1802278310060501,0.29250001907348633,0.06749993562698364,0.36
0,0,1,1,1.716628074645996,7,0.12728527188301086,0.34714293479919434,0.01285707950592041,1,6.696547031402588,10,0.18771997094154358,0.35947275161743164,0.0005273222923278809,1,6.0614378452301025,6,0.08446168899536133,0.18000006675720215,0.0,0.36
1,1,7,7,1.80385160446167,10,0.10353835672140121,0.35345470905303955,0.0,7,3.1669070720672607,7,0.17810572683811188,0.35718756914138794,0.0028124451637268066,7,2.653007984161377,4,0.1336725652217865,0.2700001001358032,0.0,0.36
3,3,0,0,1.623136043548584,9,0.1307157725095749,0.35200023651123047,0.0,0,2.280974864959717,6,0.1919998675584793,0.35437512397766113,0.005624949932098389,0,4.05462908744812,5,0.09691085666418076,0.2418750524520874,0.01687490940093994,0.36
1,1,9,9,0.8808691501617432,5,0.14433355629444122,0.33600008487701416,0.0,9,1.9631719589233398,4,0.17886041104793549,0.33750009536743164,0.02249997854232788,9,5.18457293510437,6,0.0847412720322609,0.2250000238418579,0.0,0.36
3,3,7,7,1.085082769393921,6,0.1339408904314041,0.3428572416305542,0.0,7,2.6885759830474854,5,0.18021389842033386,0.34031254053115845,0.0196874737739563,7,3.418989896774292,5,0.13768531382083893,0.29250001907348633,0.022499918937683105,0.36
4,4,2,2,0.3592379093170166,2,0.24000002443790436,0.24000003933906555,0.23999999463558197,2,1.2562308311462402,1,0.04499999061226845,0.04500001668930054,0.04499995708465576,2,1.2560029029846191,1,0.04499999061226845,0.04500001668930054,0.04499995708465576,0.36
7,7,2,2,0.5479428768157959,3,0.179217129945755,0.30000007152557373,0.059999942779541016,2,3.672656774520874,2,0.044263385236263275,0.08437502384185791,0.005624979734420776,2,2.2913548946380615,2,0.044263385236263275,0.08437502384185791,0.005624949932098389,0.36
2,2,7,7,0.5452389717102051,3,0.18041609227657318,0.30000007152557373,0.059999942779541016,7,0.8925180435180664,2,0.17984932661056519,0.27000004053115845,0.0899999737739563,7,1.2342979907989502,2,0.08984935283660889,0.18000006675720215,0.0,0.36
7,7,0,0,0.8710708618164062,5,0.14611226320266724,0.33600008487701416,0.0,0,1.5768067836761475,4,0.17994500696659088,0.33750009536743164,0.02249997854232788,0,2.672529935836792,4,0.15745936334133148,0.315000057220459,0.0,0.36
1,1,0,0,0.520392894744873,3,0.1792203187942505,0.30000007152557373,0.059999942779541016,0,2.481795072555542,2,0.04244428128004074,0.06468752026557922,0.019687414169311523,0,2.297329902648926,2,0.045449383556842804,0.08437502384185791,0.005624949932098389,0.36
2,2,4,4,0.5308229923248291,3,0.18171872198581696,0.30000007152557373,0.059999942779541016,4,1.6233441829681396,2,0.15809135138988495,0.2025001049041748,0.11249995231628418,4,0.9043698310852051,2,0.18118268251419067,0.2700001001358032,0.08999991416931152,0.36
1,1,2,2,0.7062010765075684,4,0.16274715960025787,0.32400012016296387,0.035999953746795654,2,4.293992042541504,5,0.15204091370105743,0.3027832508087158,0.0023729801177978516,2,2.334056854248047,3,0.1346360146999359,0.2587500810623169,0.011249899864196777,0.36
1,1,8,8,0.5354268550872803,3,0.1798819750547409,0.30000007152557373,0.059999942779541016,8,1.4155447483062744,2,0.13502036035060883,0.2250000238418579,0.04499995708465576,8,1.4097328186035156,2,0.13501019775867462,0.18000006675720215,0.08999991416931152,0.36
7,7,3,3,0.5325560569763184,3,0.18049901723861694,0.30000007152557373,0.059999942779541016,3,1.789942979812622,2,0.16881999373435974,0.19125008583068848,0.1462498903274536,3,2.838555097579956,2,0.18006998300552368,0.2025001049041748,0.15749990940093994,0.36
4,4,9,9,0.35019993782043457,2,0.24000002443790436,0.24000003933906555,0.23999999463558197,9,1.226499080657959,1,0.04499999061226845,0.04500001668930054,0.04499995708465576,9,1.2529962062835693,1,0.04499999061226845,0.04500001668930054,0.04499995708465576,0.36
2,2,4,4,0.35288310050964355,2,0.24000002443790436,0.24000003933906555,0.23999999463558197,4,0.5395309925079346,1,0.18000005185604095,0.18000006675720215,0.1799999475479126,4,0.5387630462646484,1,0.18000005185604095,0.18000006675720215,0.1799999475479126,0.36
3,3,1,1,0.8841409683227539,5,0.14261481165885925,0.33600008487701416,0.0,1,4.455187797546387,6,0.18069875240325928,0.3409278392791748,0.019072234630584717,1,3.559576988220215,4,0.11832963675260544,0.2812500596046448,0.033749938011169434,0.36
5,5,1,1,1.7807321548461914,10,0.1057448759675026,0.35345470905303955,0.0,1,11.531294107437134,20,0.20077790319919586,0.3599975109100342,8.344650268554688e-06,1,4.382771968841553,6,0.11249767988920212,0.2967188358306885,0.001406162977218628,0.36
1,1,8,8,0.5475349426269531,3,0.17686858773231506,0.30000007152557373,0.059999942779541016,8,2.495508909225464,2,0.04205893725156784,0.06468752026557922,0.019687414169311523,8,2.5430750846862793,2,0.04488751292228699,0.06468752026557922,0.025312423706054688,0.36
2,2,5,5,1.0725252628326416,6,0.13314664363861084,0.3428572416305542,0.0,5,2.1473751068115234,4,0.14587272703647614,0.3262500762939453,0.011249959468841553,5,3.346497058868408,4,0.13567401468753815,0.2700001001358032,0.005624890327453613,0.36
4,4,0,0,1.4049291610717773,8,0.1176893413066864,0.35000014305114746,0.009999871253967285,0,4.03304386138916,4,0.11750105768442154,0.2492579221725464,0.01722654700279236,0,3.5431292057037354,4,0.10770489275455475,0.2250000238418579,0.022499918937683105,0.36
4,4,9,9,1.0694341659545898,6,0.12379807233810425,0.3428572416305542,0.0,9,2.757996082305908,2,0.04353693872690201,0.054843783378601074,0.03234368562698364,9,2.807136058807373,2,0.04490058869123459,0.06468752026557922,0.025312423706054688,0.36
7,7,1,1,1.2574527263641357,7,0.13033504784107208,0.3664287328720093,0.013571321964263916,1,1.3705568313598633,3,0.18960487842559814,0.33250004053115845,0.04749995470046997,1,2.729177951812744,3,0.09452174603939056,0.19000005722045898,0.0,0.38
2,2,6,6,0.5412940979003906,3,0.18834729492664337,0.31666672229766846,0.06333327293395996,6,1.2542200088500977,2,0.1888173222541809,0.2850000858306885,0.09499996900558472,6,1.291705846786499,2,0.0938173159956932,0.19000005722045898,0.0,0.38
1,1,9,9,1.4866461753845215,8,0.12249558418989182,0.3694446086883545,0.010555386543273926,9,2.329110860824585,4,0.19166673719882965,0.3562500476837158,0.023749947547912598,9,4.483175992965698,5,0.09056716412305832,0.19000005722045898,0.0,0.38
0,0,3,3,1.4414489269256592,8,0.12273863703012466,0.3694446086883545,0.010555386543273926,0,16.335075616836548,24,0.19115734100341797,0.3799997568130493,8.344650268554688e-07,3,3.7560598850250244,5,0.142770916223526,0.2850000858306885,0.0,0.38
4,4,9,9,0.35894203186035156,2,0.25333333015441895,0.25333335995674133,0.25333333015441895,9,1.2541170120239258,1,0.047500014305114746,0.047500014305114746,0.04749999940395355,9,1.2469627857208252,1,0.047500014305114746,0.047500014305114746,0.04749999940395355,0.38
1,1,4,4,1.0761258602142334,6,0.14082258939743042,0.36190497875213623,0.0,4,2.502725124359131,4,0.19196289777755737,0.34437501430511475,0.03562498092651367,4,2.3007490634918213,3,0.19053299725055695,0.296875,0.08312493562698364,0.38
4,4,0,0,0.8800849914550781,5,0.15116021037101746,0.3546668291091919,0.0,0,1.9501361846923828,3,0.16565139591693878,0.29687511920928955,0.03562498092651367,0,3.7593610286712646,4,0.1336793452501297,0.21375000476837158,0.05343741178512573,0.38
9,9,7,7,0.9115712642669678,5,0.14464041590690613,0.3546668291091919,0.0,7,10.552008867263794,20,0.21111832559108734,0.37999898195266724,9.5367431640625e-07,7,1.5975069999694824,3,0.1899154633283615,0.2850000858306885,0.09499990940093994,0.38
5,5,4,4,0.5254848003387451,3,0.18925102055072784,0.31666672229766846,0.06333327293395996,4,1.4287889003753662,2,0.14194084703922272,0.23750007152557373,0.04749995470046997,4,0.892158031463623,2,0.18944084644317627,0.2850000858306885,0.09499990940093994,0.38
9,9,3,3,0.9285330772399902,5,0.14944122731685638,0.3546668291091919,0.0,3,2.7559309005737305,4,0.19052982330322266,0.338437557220459,0.041562438011169434,3,3.291275978088379,3,0.04461226984858513,0.08906257152557373,0.005937501788139343,0.38
0,0,2,2,0.7046830654144287,4,0.17140240967273712,0.3420001268386841,0.03799998760223389,2,1.7861652374267578,3,0.15259778499603271,0.3087500333786011,0.023749947547912598,2,1.948829174041748,3,0.1421743631362915,0.2850000858306885,0.09499990940093994,0.38
6,6,5,5,0.532310962677002,3,0.19042575359344482,0.31666672229766846,0.06333327293395996,5,1.285006046295166,2,0.19054529070854187,0.2850000858306885,0.09499996900558472,5,1.2561700344085693,2,0.09554529935121536,0.19000005722045898,0.0,0.38
9,9,3,3,0.7010040283203125,4,0.17136605083942413,0.3420001268386841,0.03799998760223389,3,2.313211679458618,3,0.19103959202766418,0.296875,0.08312499523162842,3,2.426426887512207,3,0.1663961112499237,0.2850000858306885,0.047499895095825195,0.38
0,0,8,8,0.7100231647491455,4,0.17041584849357605,0.3420001268386841,0.03799998760223389,8,1.2374107837677002,3,0.18927106261253357,0.33250004053115845,0.04749995470046997,8,1.6931979656219482,3,0.18932725489139557,0.3325001001358032,0.047499895095825195,0.38
1,1,2,2,0.9080021381378174,5,0.15175698697566986,0.3546668291091919,0.0,2,4.487987041473389,5,0.18361254036426544,0.3196045160293579,0.048520445823669434,2,3.9692108631134033,4,0.12460827827453613,0.21375000476837158,0.03562498092651367,0.38
5,5,2,2,0.7121539115905762,4,0.17014069855213165,0.3420001268386841,0.03799998760223389,2,2.1257829666137695,4,0.19202348589897156,0.34437501430511475,0.03562498092651367,2,2.1691489219665527,3,0.14218194782733917,0.2850000858306885,0.0,0.38
9,9,4,4,0.5289092063903809,3,0.1889767199754715,0.31666672229766846,0.06333327293395996,4,1.6198163032531738,2,0.1659761220216751,0.21375000476837158,0.11874997615814209,4,1.244135856628418,2,0.09445221722126007,0.19000005722045898,0.0,0.38
7,7,6,6,0.5327250957489014,3,0.18878485262393951,0.31666672229766846,0.06333327293395996,6,2.6673669815063477,2,0.025022387504577637,0.04601563513278961,0.0014843642711639404,6,2.7684528827667236,2,0.025022363290190697,0.04601563513278961,0.0014842748641967773,0.38
3,3,8,8,0.353421688079834,2,0.25333333015441895,0.25333335995674133,0.25333333015441895,8,1.2589781284332275,1,0.047500014305114746,0.047500014305114746,0.04749999940395355,8,1.242967128753662,1,0.047500014305114746,0.047500014305114746,0.04749999940395355,0.38
4,4,3,3,1.2644836902618408,7,0.13066306710243225,0.3664287328720093,0.013571321964263916,3,4.130569219589233,6,0.19170397520065308,0.36330080032348633,0.01669919490814209,3,3.7572009563446045,4,0.17600859701633453,0.29093754291534424,0.06531238555908203,0.38
9,9,8,8,0.5320823192596436,3,0.18610557913780212,0.31666672229766846,0.06333327293395996,8,1.4339220523834229,2,0.1408427208662033,0.23750007152557373,0.04749995470046997,8,1.2667407989501953,2,0.18834270536899567,0.2850000858306885,0.09499990940093994,0.38
6,6,3,3,1.0935089588165283,6,0.13994167745113373,0.36190497875213623,0.0,0,13.386425018310547,24,0.17560763657093048,0.3799997568130493,1.3709068298339844e-06,3,2.299842119216919,5,0.13065151870250702,0.3325001001358032,0.047499895095825195,0.38
6,6,5,5,0.3582918643951416,2,0.25333333015441895,0.25333335995674133,0.25333333015441895,5,1.407576084136963,1,0.023749984800815582,0.023750007152557373,0.023749947547912598,5,1.4127779006958008,1,0.023749984800815582,0.023750007152557373,0.023749947547912598,0.38
5,5,2,2,0.8915491104125977,5,0.1532507985830307,0.3546668291091919,0.0,2,5.28447699546814,5,0.14353275299072266,0.2625836133956909,0.022416353225708008,2,4.825061798095703,4,0.03232961520552635,0.06688965857028961,0.010483264923095703,0.38
4,4,6,6,1.5842759609222412,9,0.11407799273729324,0.37155580520629883,0.0,6,5.516388893127441,11,0.19022908806800842,0.37967538833618164,0.00032466650009155273,6,3.297081232070923,4,0.14221744239330292,0.2850000858306885,0.0,0.38
0,0,2,2,0.3526902198791504,2,0.25333333015441895,0.25333335995674133,0.25333333015441895,2,1.4308149814605713,1,0.023749984800815582,0.023750007152557373,0.023749947547912598,2,1.4364991188049316,1,0.023749984800815582,0.023750007152557373,0.023749947547912598,0.38
7,7,2,2,0.5278539657592773,3,0.18899691104888916,0.31666672229766846,0.06333327293395996,2,2.354763984680176,2,0.04714379087090492,0.08906257152557373,0.005937457084655762,2,2.3381669521331787,2,0.047143831849098206,0.08906257152557373,0.005937501788139343,0.38
4,4,1,1,1.0846490859985352,6,0.139831081032753,0.36190497875213623,0.0,1,3.581462860107422,5,0.14142116904258728,0.34882819652557373,0.004453063011169434,1,2.510843276977539,3,0.09277699142694473,0.19000005722045898,0.0,0.38
0,0,6,6,0.7059371471405029,4,0.17094144225120544,0.3420001268386841,0.03799998760223389,6,4.4969642162323,8,0.1898169070482254,0.3754541873931885,0.004545867443084717,6,4.956847667694092,5,0.060345858335494995,0.13062500953674316,0.025234341621398926,0.38
1,1,2,2,1.0583999156951904,6,0.14005683362483978,0.36190497875213623,0.0,2,2.3164820671081543,4,0.16533583402633667,0.338437557220459,0.005937457084655762,2,2.695409059524536,4,0.1364978402853012,0.2850000858306885,0.07124990224838257,0.38
3,3,0,0,1.5855801105499268,9,0.12200115621089935,0.37155580520629883,0.0,0,4.640220880508423,9,0.18481560051441193,0.3792579174041748,0.0007421374320983887,0,3.5293710231781006,4,0.14232541620731354,0.25531256198883057,0.029687464237213135,0.38
1,1,4,4,0.7389349937438965,4,0.1701381504535675,0.3420001268386841,0.03799998760223389,4,1.6738770008087158,4,0.1899312138557434,0.3562500476837158,0.023749947547912598,4,3.052686929702759,4,0.13823938369750977,0.2850000858306885,0.07124996185302734,0.38
3,3,2,2,0.5192811489105225,3,0.18888920545578003,0.31666672229766846,0.06333327293395996,2,0.8932430744171143,2,0.1902802437543869,0.2850000858306885,0.09499996900558472,2,0.8877098560333252,2,0.1902802437543869,0.2850000858306885,0.09499990940093994,0.38
4,4,6,6,0.9375391006469727,5,0.14951764047145844,0.3546668291091919,0.0,6,5.393742084503174,9,0.19430285692214966,0.37791264057159424,0.0007885098457336426,6,3.358191728591919,4,0.17889323830604553,0.2850000858306885,0.07124990224838257,0.38
7,7,8,8,0.5488412380218506,3,0.1880999058485031,0.31666672229766846,0.06333327293395996,8,2.3293697834014893,2,0.04727908596396446,0.08906257152557373,0.005937457084655762,8,2.3556008338928223,2,0.04727912321686745,0.08906257152557373,0.005937501788139343,0.38
2,2,3,3,0.8866240978240967,5,0.15060314536094666,0.3546668291091919,0.0,3,2.1665477752685547,3,0.1778073012828827,0.29093754291534424,0.0653124451637268,3,2.3988778591156006,3,0.14245961606502533,0.23750007152557373,0.047499895095825195,0.38
7,7,0,0,0.9453771114349365,5,0.1552848368883133,0.3546668291091919,0.0,0,2.0115559101104736,4,0.19016031920909882,0.3562500476837158,0.023749947547912598,0,3.9183640480041504,5,0.15326078236103058,0.3325001001358032,0.023749947547912598,0.38
1,1,8,8,0.7097001075744629,4,0.17077481746673584,0.3420001268386841,0.03799998760223389,8,2.892786741256714,4,0.14874403178691864,0.3176562786102295,0.002968728542327881,8,2.130215883255005,3,0.1416606456041336,0.2850000858306885,0.0,0.38
2,2,9,9,0.7168657779693604,4,0.17057590186595917,0.3420001268386841,0.03799998760223389,9,1.9839081764221191,4,0.19099180400371552,0.3562500476837158,0.023749947547912598,9,2.138582944869995,3,0.11946821957826614,0.23750007152557373,0.04749995470046997,0.38
1,1,3,3,0.8911590576171875,5,0.15224134922027588,0.3546668291091919,0.0,3,12.012383937835693,19,0.15854842960834503,0.3799920082092285,4.76837158203125e-07,3,2.337801933288574,3,0.14235170185565948,0.23750007152557373,0.047499895095825195,0.38
1,1,6,6,0.948840856552124,5,0.14997674524784088,0.3546668291091919,0.0,6,3.6341397762298584,4,0.18376046419143677,0.31097662448883057,0.05714839696884155,6,3.8667798042297363,4,0.09122273325920105,0.19000005722045898,0.0,0.38
7,7,4,4,0.9047279357910156,5,0.15195591747760773,0.3546668291091919,0.0,4,3.7390379905700684,10,0.18471455574035645,0.3796289563179016,0.00037103891372680664,4,2.4782679080963135,4,0.13036689162254333,0.2850000858306885,0.047499895095825195,0.38
4,4,2,2,0.7050502300262451,4,0.1711534857749939,0.3420001268386841,0.03799998760223389,2,1.9994797706604004,3,0.16455484926700592,0.29687511920928955,0.03562498092651367,2,2.109337091445923,3,0.09422657638788223,0.19000005722045898,0.0,0.38
2,2,8,8,0.6988029479980469,4,0.17008715867996216,0.3420001268386841,0.03799998760223389,8,2.506279945373535,3,0.17778624594211578,0.29093754291534424,0.0653124451637268,8,2.360020875930786,2,0.19000017642974854,0.19593751430511475,0.18406248092651367,0.38
3,3,1,1,0.8876171112060547,5,0.15068259835243225,0.3546668291091919,0.0,1,4.862631797790527,8,0.18912459909915924,0.374967098236084,0.005032956600189209,1,3.0179550647735596,4,0.12478863447904587,0.296875,0.03562498092651367,0.38
5,5,2,2,0.714818000793457,4,0.1721147894859314,0.3420001268386841,0.03799998760223389,2,2.897012948989868,3,0.1663404405117035,0.22414064407348633,0.10835933685302734,2,2.646872043609619,3,0.13461409509181976,0.20187503099441528,0.0653124451637268,0.38
1,1,9,9,1.06624174118042,6,0.14119738340377808,0.36190497875213623,0.0,9,2.512166976928711,4,0.1901375651359558,0.34437501430511475,0.03562498092651367,9,2.4746387004852295,4,0.14191938936710358,0.2850000858306885,0.0,0.38
2,2,0,0,1.4374239444732666,8,0.12919531762599945,0.3694446086883545,0.010555386543273926,0,2.151397943496704,3,0.17691798508167267,0.29093754291534424,0.0653124451637268,0,2.3030638694763184,3,0.10567493736743927,0.21375000476837158,0.023749947547912598,0.38
4,4,5,5,0.5164170265197754,3,0.18915341794490814,0.31666672229766846,0.06333327293395996,5,1.543172836303711,1,0.023749982938170433,0.023750007152557373,0.023749947547912598,5,1.6014230251312256,1,0.023749982938170433,0.023750007152557373,0.023749947547912598,0.38
4,4,2,2,0.5523099899291992,3,0.1878676563501358,0.31666672229766846,0.06333327293395996,2,0.972355842590332,2,0.1890142261981964,0.2850000858306885,0.09499996900558472,2,1.4817171096801758,2,0.14200714230537415,0.19000005722045898,0.09499990940093994,0.38
7,7,4,4,0.9263412952423096,5,0.15929067134857178,0.3733334243297577,0.0,4,2.7784550189971924,5,0.20320023596286774,0.3875000476837158,0.01249992847442627,4,2.406872034072876,3,0.19916529953479767,0.31250011920928955,0.08749985694885254,0.4
2,2,7,7,0.5583977699279785,3,0.1983400285243988,0.3333333730697632,0.0666666030883789,7,1.7593042850494385,2,0.174765482544899,0.2250000238418579,0.12499988079071045,7,0.9359240531921387,2,0.19953098893165588,0.30000007152557373,0.09999990463256836,0.4
1,1,7,7,1.117501974105835,6,0.14714756608009338,0.38095247745513916,0.0,7,2.7843539714813232,6,0.19967927038669586,0.39375004172325134,0.006249964237213135,7,3.2338929176330566,4,0.09350421279668808,0.20000004768371582,0.0,0.4
0,0,9,9,2.008888006210327,11,0.1132802739739418,0.3939394950866699,0.006060481071472168,9,3.6021480560302734,7,0.23937931656837463,0.3953125476837158,0.004687488079071045,9,2.3276939392089844,3,0.09954991936683655,0.20000004768371582,0.0,0.4
4,4,5,5,0.5494749546051025,3,0.19916732609272003,0.3333333730697632,0.0666666030883789,5,1.5851998329162598,1,0.04999999329447746,0.050000011920928955,0.04999995231628418,5,1.2757518291473389,1,0.04999999329447746,0.050000011920928955,0.04999995231628418,0.4
1,1,0,0,1.103832721710205,6,0.14830386638641357,0.38095247745513916,0.0,0,2.3555760383605957,5,0.19968244433403015,0.3875000476837158,0.01249992847442627,0,2.0700228214263916,3,0.2000584751367569,0.30000007152557373,0.09999990463256836,0.4
4,4,1,1,1.3917040824890137,6,0.14653585851192474,0.38095247745513916,0.0,1,1.7469708919525146,4,0.20047399401664734,0.3750000596046448,0.02499997615814209,1,3.203372001647949,4,0.1255178451538086,0.2875000238418579,0.012499809265136719,0.4
9,9,7,7,0.898216962814331,5,0.15165604650974274,0.3733334243297577,0.0,7,6.004568099975586,11,0.22998373210430145,0.3996582627296448,0.00034177303314208984,7,1.6505887508392334,3,0.19992892444133759,0.30000007152557373,0.09999990463256836,0.4
5,5,1,1,0.540471076965332,3,0.19920100271701813,0.3333333730697632,0.0666666030883789,1,1.9920508861541748,3,0.1756565272808075,0.3125,0.037499964237213135,1,2.1180779933929443,3,0.2011798620223999,0.3500000238418579,0.049999892711639404,0.4
9,9,7,7,0.520766019821167,3,0.20086270570755005,0.3333333730697632,0.0666666030883789,7,1.265489101409912,2,0.20153723657131195,0.30000001192092896,0.09999996423721313,7,1.2519850730895996,2,0.10153727233409882,0.20000004768371582,0.0,0.4
0,0,9,9,0.5309760570526123,3,0.19772706925868988,0.3333333730697632,0.0666666030883789,9,1.9752767086029053,2,0.17473357915878296,0.2250000238418579,0.12499988079071045,9,1.7644002437591553,2,0.19973361492156982,0.2500000298023224,0.14999991655349731,0.4
6,6,4,4,1.0905508995056152,6,0.1471123844385147,0.38095247745513916,0.0,4,4.135004997253418,8,0.19349871575832367,0.3972656726837158,0.0019530653953552246,4,3.5345449447631836,5,0.1588784158229828,0.3562500476837158,0.006249964237213135,0.4
9,9,8,8,0.7172772884368896,4,0.17781461775302887,0.3600000739097595,0.039999961853027344,8,1.592858076095581,3,0.1979704350233078,0.3500000238418579,0.04999995231628418,8,1.6079468727111816,3,0.14966517686843872,0.30000007152557373,0.09999990463256836,0.4
0,0,1,1,1.4133520126342773,8,0.12511619925498962,0.38888901472091675,0.011110961437225342,1,5.000644207000732,9,0.2136310338973999,0.3979492783546448,0.00205075740814209,1,1.7682971954345703,3,0.19978377223014832,0.30000007152557373,0.09999990463256836,0.4
1,1,7,7,1.059699296951294,6,0.14895477890968323,0.38095247745513916,0.0,7,2.689652919769287,6,0.21147800981998444,0.39375004172325134,0.006249964237213135,7,1.6074728965759277,3,0.19943001866340637,0.30000007152557373,0.09999990463256836,0.4
5,5,2,2,0.7084898948669434,4,0.1795067936182022,0.3600000739097595,0.039999961853027344,2,3.0047051906585693,4,0.1478138417005539,0.3343750238418579,0.028124958276748657,2,2.2266812324523926,3,0.1507653146982193,0.30000007152557373,0.0,0.4
9,9,5,5,0.5368771553039551,3,0.19931259751319885,0.3333333730697632,0.0666666030883789,5,0.9934651851654053,2,0.19997870922088623,0.30000001192092896,0.09999996423721313,5,1.358022928237915,2,0.09997876733541489,0.20000004768371582,0.0,0.4
7,7,9,9,0.5625009536743164,3,0.19778908789157867,0.3333333730697632,0.0666666030883789,9,2.929680347442627,2,0.04929671064019203,0.05546879768371582,0.042968690395355225,9,3.039958953857422,2,0.050136446952819824,0.06093752384185791,0.039062440395355225,0.4
3,3,1,1,1.116523027420044,6,0.14877131581306458,0.38095247745513916,0.0,1,1.9411299228668213,5,0.20198218524456024,0.3875000476837158,0.01249992847442627,1,1.8163723945617676,3,0.2011459767818451,0.3250000476837158,0.07499992847442627,0.4
4,4,8,8,0.7144558429718018,4,0.17818717658519745,0.3600000739097595,0.039999961853027344,8,2.1875991821289062,4,0.16087652742862701,0.36250007152557373,0.01249992847442627,8,2.377161979675293,3,0.19984090328216553,0.2875000238418579,0.1124998927116394,0.4
9,9,2,2,0.9009168148040771,5,0.1589222103357315,0.3733334243297577,0.0,2,2.308262825012207,3,0.19218872487545013,0.3031250238418579,0.08437496423721313,2,2.579714059829712,3,0.13057249784469604,0.20000004768371582,0.062499940395355225,0.4
6,6,2,2,0.5343680381774902,3,0.1979857236146927,0.3333333730697632,0.0666666030883789,2,1.448603868484497,2,0.1487577110528946,0.2500000298023224,0.04999995231628418,2,0.8891458511352539,2,0.19875772297382355,0.30000007152557373,0.09999990463256836,0.4
6,6,9,9,1.2374818325042725,7,0.13714392483234406,0.3857143521308899,0.014285564422607422,9,3.367331027984619,4,0.18771135807037354,0.32968759536743164,0.04531240463256836,9,3.7721080780029297,3,0.09377351403236389,0.10937502980232239,0.0781249850988388,0.4
5,5,1,1,1.272439956665039,7,0.1384814977645874,0.3857143521308899,0.014285564422607422,1,6.740279197692871,9,0.16813506186008453,0.3959304988384247,1.4901161193847656e-06,1,3.0481560230255127,4,0.15656955540180206,0.3250000476837158,0.02499985694885254,0.4
4,4,7,7,0.5359029769897461,3,0.19640551507472992,0.3333333730697632,0.0666666030883789,7,1.2728643417358398,2,0.197673499584198,0.30000001192092896,0.09999996423721313,7,1.5689549446105957,2,0.09767353534698486,0.20000004768371582,0.0,0.4
0,0,4,4,0.9671821594238281,5,0.15965737402439117,0.3733334243297577,0.0,4,3.33636212348938,4,0.17489007115364075,0.3343750536441803,0.01562488079071045,0,12.3350248336792,24,0.10016193240880966,0.13852542638778687,0.06147459149360657,0.4
7,7,5,5,0.5323011875152588,3,0.19881302118301392,0.3333333730697632,0.0666666030883789,5,1.5962769985198975,2,0.17410579323768616,0.2250000238418579,0.12499988079071045,5,1.3913049697875977,2,0.14910583198070526,0.20000004768371582,0.09999990463256836,0.4
4,4,5,5,0.5441701412200928,3,0.1977430135011673,0.3333333730697632,0.0666666030883789,5,0.8886668682098389,2,0.19863808155059814,0.30000001192092896,0.09999996423721313,5,1.243211030960083,2,0.0986381322145462,0.20000004768371582,0.0,0.4
0,0,2,2,0.9315342903137207,5,0.15788336098194122,0.3733334243297577,0.0,2,1.262943983078003,2,0.199771448969841,0.30000001192092896,0.09999996423721313,2,1.2434680461883545,2,0.09977147728204727,0.20000004768371582,0.0,0.4
1,1,7,7,0.8886971473693848,5,0.15899623930454254,0.3733334243297577,0.0,7,2.0097427368164062,5,0.21694700419902802,0.3875000476837158,0.01249992847442627,7,2.686875343322754,4,0.14929398894309998,0.30000007152557373,0.0,0.4
3,3,1,1,1.0630269050598145,6,0.14777342975139618,0.38095247745513916,0.0,1,2.6228809356689453,4,0.19414445757865906,0.3515625298023224,0.03593742847442627,1,2.3159611225128174,4,0.14474502205848694,0.30000007152557373,0.07499992847442627,0.4
1,1,9,9,1.7978050708770752,10,0.17584262788295746,0.3927273750305176,0.0,9,1.95228910446167,5,0.19960804283618927,0.3875000476837158,0.01249992847442627,9,2.86224102973938,4,0.1401052474975586,0.30000007152557373,0.0,0.4
3,3,6,6,1.090080738067627,6,0.14921797811985016,0.38095247745513916,0.0,5,12.038574934005737,24,0.20448073744773865,0.39999932050704956,1.1920928955078125e-07,6,2.953000783920288,4,0.17445626854896545,0.31250011920928955,0.037499845027923584,0.4
4,4,0,0,0.5194902420043945,3,0.2015199512243271,0.3333333730697632,0.0666666030883789,0,1.2516050338745117,2,0.19997338950634003,0.30000001192092896,0.09999996423721313,0,0.8699178695678711,2,0.1999734342098236,0.30000007152557373,0.09999990463256836,0.4
7,7,4,4,0.7045111656188965,4,0.1806611269712448,0.3600000739097595,0.039999961853027344,4,4.183984279632568,10,0.23104049265384674,0.3994141221046448,0.0005859136581420898,4,2.331068992614746,3,0.09859594702720642,0.20000004768371582,0.0,0.4
2,2,9,9,0.5320727825164795,3,0.20048537850379944,0.3333333730697632,0.0666666030883789,9,1.7716679573059082,2,0.18759070336818695,0.21250009536743164,0.16249990463256836,9,1.6418821811676025,2,0.2000906616449356,0.2250000238418579,0.17499995231628418,0.4
7,7,4,4,0.5327870845794678,3,0.19855260848999023,0.3333333730697632,0.0666666030883789,4,1.2358372211456299,2,0.19932103157043457,0.30000001192092896,0.09999996423721313,4,1.5980291366577148,2,0.19932106137275696,0.30000007152557373,0.09999990463256836,0.4
1,1,4,4,0.7090842723846436,4,0.18188190460205078,0.3600000739097595,0.039999961853027344,4,2.8268022537231445,6,0.19790785014629364,0.3906250596046448,0.00937497615814209,4,1.5780868530273438,3,0.20053346455097198,0.3500000238418579,0.049999892711639404,0.4
2,2,4,4,0.5216047763824463,3,0.20192384719848633,0.3333333730697632,0.0666666030883789,4,1.5691049098968506,2,0.17583969235420227,0.2250000238418579,0.12499988079071045,4,1.3996398448944092,2,0.20083974301815033,0.2500000298023224,0.14999991655349731,0.4
1,1,3,3,0.8936581611633301,5,0.15767326951026917,0.3733334243297577,0.0,3,1.6073782444000244,4,0.2009848803281784,0.3750000596046448,0.02499997615814209,3,2.1472740173339844,3,0.12492426484823227,0.2500000298023224,0.04999995231628418,0.4
1,1,4,4,0.8756711483001709,5,0.1639055460691452,0.3733334243297577,0.0,4,2.861176013946533,3,0.1644119769334793,0.23593753576278687,0.09218740463256836,4,2.1248300075531006,3,0.20064440369606018,0.3250000476837158,0.07499992847442627,0.4
7,7,3,3,0.5113968849182129,3,0.20075641572475433,0.3333333730697632,0.0666666030883789,3,1.2285587787628174,2,0.20012086629867554,0.30000001192092896,0.09999996423721313,3,1.9572930335998535,2,0.20003022253513336,0.2250000238418579,0.17499995231628418,0.4
4,4,5,5,1.1145830154418945,6,0.14754413068294525,0.38095247745513916,0.0,5,4.444321155548096,6,0.17188049852848053,0.38242191076278687,0.00507807731628418,5,3.735011100769043,4,0.1418103277683258,0.23593753576278687,0.045312464237213135,0.4
2,2,3,3,0.9037587642669678,5,0.1613924503326416,0.3733334243297577,0.0,0,13.842634916305542,24,0.20095154643058777,0.39999985694885254,2.0056962966918945e-05,3,3.3132259845733643,3,0.15038840472698212,0.20625007152557373,0.09374988079071045,0.4
3,3,8,8,0.7205588817596436,4,0.17933247983455658,0.3600000739097595,0.039999961853027344,8,1.4263019561767578,2,0.14836709201335907,0.2500000298023224,0.04999995231628418,8,2.6508588790893555,3,0.1489180028438568,0.21250009536743164,0.08749985694885254,0.4
5,5,4,4,1.2477328777313232,7,0.1513206660747528,0.3857143819332123,0.014285564422607422,4,1.2728819847106934,3,0.20238028466701508,0.3500000238418579,0.04999995231628418,4,1.9627110958099365,3,0.1981307566165924,0.31250011920928955,0.08749985694885254,0.4
1,1,3,3,0.7087311744689941,4,0.1782955825328827,0.3600000739097595,0.039999961853027344,3,2.1282591819763184,4,0.1989423632621765,0.36250004172325134,0.037499964237213135,3,1.6068699359893799,3,0.09939813613891602,0.20000004768371582,0.0,0.4
2,2,5,5,1.1535747051239014,6,0.14840812981128693,0.38095247745513916,0.0,5,5.382965803146362,7,0.2020328789949417,0.3861572742462158,0.01384270191192627,5,3.1690480709075928,4,0.13908442854881287,0.30000007152557373,0.01249992847442627,0.4
4,4,3,3,0.5303771495819092,3,0.19890868663787842,0.3333333730697632,0.0666666030883789,3,2.9278740882873535,2,0.024551566690206528,0.036718785762786865,0.011718720197677612,3,2.9371871948242188,2,0.02531200647354126,0.036718785762786865,0.01328122615814209,0.4
4,4,6,6,1.6111719608306885,9,0.1227203831076622,0.39111125469207764,0.0,6,3.5904860496520996,3,0.09489668160676956,0.13632816076278687,0.05117177963256836,6,3.620345115661621,3,0.09539351612329483,0.13632816076278687,0.051171839237213135,0.4
7,7,0,0,0.7058930397033691,4,0.18653233349323273,0.3780001401901245,0.0419999361038208,0,1.611083984375,3,0.21027903258800507,0.36750006675720215,0.05249994993209839,0,1.7884199619293213,3,0.21018065512180328,0.315000057220459,0.10499989986419678,0.42
2,2,3,3,0.5338191986083984,3,0.20772317051887512,0.3500000238418579,0.06999993324279785,3,2.6984920501708984,2,0.028048664331436157,0.05085939168930054,0.0016405582427978516,3,2.4836010932922363,2,0.027149345725774765,0.03855469822883606,0.013945311307907104,0.42
1,1,2,2,3.222100019454956,18,0.09647952020168304,0.417543888092041,0.0,2,2.3231289386749268,4,0.18429100513458252,0.37406253814697266,0.006562471389770508,2,2.1621479988098145,3,0.10368025302886963,0.21000003814697266,0.0,0.42
0,0,9,9,0.9051520824432373,5,0.16641630232334137,0.39200013875961304,0.0,9,6.845456838607788,11,0.20669423043727875,0.4194616675376892,0.0003331899642944336,9,2.267343759536743,3,0.10488124936819077,0.21000003814697266,0.0,0.42
4,4,9,9,0.3563549518585205,2,0.2799999713897705,0.2800000309944153,0.2799999713897705,9,1.4359278678894043,1,0.026250004768371582,0.026250004768371582,0.026249997317790985,9,1.4444239139556885,1,0.026250004768371582,0.026250004768371582,0.026249997317790985,0.42
1,1,6,6,0.7065739631652832,4,0.18800389766693115,0.3780001401901245,0.0419999361038208,1,12.407396078109741,24,0.2069532424211502,0.4199998378753662,3.5762786865234375e-07,6,1.8215129375457764,3,0.20887310802936554,0.315000057220459,0.10499989986419678,0.42
4,4,3,3,0.7189948558807373,4,0.18486104905605316,0.3780001401901245,0.0419999361038208,3,1.2592592239379883,3,0.2076883316040039,0.36750006675720215,0.05249994993209839,3,2.1680290699005127,3,0.15555593371391296,0.315000057220459,0.0,0.42
9,9,7,7,0.8851320743560791,5,0.16107404232025146,0.39200013875961304,0.0,7,2.679917097091675,6,0.2400381714105606,0.41343754529953003,0.006562471389770508,7,1.6110610961914062,3,0.2101011425256729,0.315000057220459,0.10499989986419678,0.42
5,5,1,1,0.5722429752349854,3,0.20929494500160217,0.3500000238418579,0.06999993324279785,1,1.6146008968353271,3,0.21153388917446136,0.36750006675720215,0.05249994993209839,1,2.115814208984375,3,0.1576443910598755,0.315000057220459,0.0,0.42
9,9,0,0,1.4333000183105469,8,0.13394345343112946,0.408333420753479,0.011666536331176758,0,2.8964881896972656,5,0.17211675643920898,0.40031251311302185,0.006562471389770508,0,3.583588123321533,4,0.15490907430648804,0.315000057220459,0.0032811760902404785,0.42
0,0,5,5,0.7125928401947021,4,0.19005857408046722,0.3780001401901245,0.0419999361038208,5,1.2514348030090332,3,0.21161063015460968,0.36750006675720215,0.05249994993209839,5,1.6132879257202148,3,0.20847029983997345,0.36750006675720215,0.05249989032745361,0.42
6,6,5,5,0.5384469032287598,3,0.20954793691635132,0.3500000238418579,0.06999993324279785,5,1.242976188659668,2,0.21051619946956635,0.315000057220459,0.10499995946884155,5,0.9080820083618164,2,0.21051619946956635,0.315000057220459,0.10499989986419678,0.42
9,9,7,7,0.5285570621490479,3,0.2094530612230301,0.3500000238418579,0.06999993324279785,7,1.2559659481048584,2,0.20941127836704254,0.315000057220459,0.10499995946884155,7,0.8962078094482422,2,0.20941127836704254,0.315000057220459,0.10499989986419678,0.42
0,0,7,7,1.9679069519042969,11,0.1410207748413086,0.4136364459991455,0.006363511085510254,7,4.446105241775513,8,0.19634787738323212,0.41712892055511475,0.00205075740814209,7,1.8217899799346924,3,0.20971925556659698,0.315000057220459,0.10499989986419678,0.42
1,1,6,6,1.2175111770629883,6,0.15575096011161804,0.40000009536743164,0.0,6,3.7820589542388916,5,0.16898474097251892,0.3830859363079071,0.005742162466049194,6,4.344744920730591,4,0.14698487520217896,0.23625004291534424,0.059062421321868896,0.42
5,5,1,1,1.0876591205596924,6,0.1564306914806366,0.40000009536743164,0.0,1,3.2086973190307617,5,0.20735272765159607,0.3941601812839508,0.01927727460861206,1,3.509981870651245,4,0.13098551332950592,0.2723437547683716,0.04265618324279785,0.42
9,9,4,4,0.544996976852417,3,0.20831838250160217,0.3500000238418579,0.06999993324279785,4,0.9117307662963867,2,0.20953963696956635,0.315000057220459,0.10499995946884155,4,1.2464749813079834,2,0.10453962534666061,0.21000003814697266,0.0,0.42
7,7,9,9,0.5330319404602051,3,0.207855224609375,0.3500000238418579,0.06999993324279785,9,2.828981876373291,2,0.05173366516828537,0.058242201805114746,0.04511713981628418,9,2.655825138092041,2,0.05259446054697037,0.06398439407348633,0.0410156175494194,0.42
3,3,0,0,0.3905301094055176,2,0.2799999713897705,0.2800000309944153,0.2799999713897705,0,1.444033145904541,1,0.026250004768371582,0.026250004768371582,0.026249997317790985,0,1.433542013168335,1,0.026250004768371582,0.026250004768371582,0.026249997317790985,0.42
4,4,1,1,0.8934891223907471,5,0.16614657640457153,0.39200013875961304,0.0,1,2.973750114440918,3,0.17723073065280914,0.24199223518371582,0.11402332782745361,1,2.855525016784668,3,0.1469114124774933,0.21000003814697266,0.0853123664855957,0.42
9,9,1,1,0.5946290493011475,3,0.2089768797159195,0.3500000238418579,0.06999993324279785,1,2.3643200397491455,4,0.21804752945899963,0.39375001192092896,0.026249945163726807,1,2.161167860031128,3,0.20945940911769867,0.315000057220459,0.10499989986419678,0.42
6,6,7,7,1.7843132019042969,10,0.12372686713933945,0.41236376762390137,0.0,7,4.4879138469696045,7,0.19849960505962372,0.40846437215805054,0.008356869220733643,7,4.476647853851318,5,0.1575482189655304,0.2625000476837158,0.05249989032745361,0.42
6,6,1,1,1.0479638576507568,6,0.15683966875076294,0.40000009536743164,0.0,1,7.104265213012695,9,0.19784028828144073,0.4116186499595642,0.0006372332572937012,1,4.25046706199646,5,0.09252859652042389,0.21000003814697266,0.0,0.42
5,5,1,1,1.2361907958984375,7,0.14535854756832123,0.40500009059906006,0.014999866485595703,1,2.968569040298462,4,0.1837184876203537,0.33960938453674316,0.027890563011169434,1,3.023080348968506,4,0.1830325722694397,0.36750006675720215,0.0,0.42
4,4,8,8,0.7023611068725586,4,0.18696986138820648,0.3780001401901245,0.0419999361038208,8,1.4073002338409424,2,0.15636441111564636,0.2625000476837158,0.05249989032745361,8,1.2464587688446045,2,0.20886440575122833,0.315000057220459,0.10499989986419678,0.42
0,0,4,4,0.8739426136016846,5,0.16732105612754822,0.39200013875961304,0.0,4,3.344944715499878,8,0.22729453444480896,0.4183593988418579,0.0016405582427978516,4,2.5032970905303955,4,0.15775392949581146,0.315000057220459,0.0,0.42
7,7,8,8,0.8987226486206055,5,0.16579724848270416,0.39200013875961304,0.0,8,1.9861650466918945,3,0.209620863199234,0.328125,0.09187495708465576,8,1.9582879543304443,3,0.21027623116970062,0.36750006675720215,0.05249989032745361,0.42
4,4,2,2,0.545363187789917,3,0.20696236193180084,0.3500000238418579,0.06999993324279785,2,1.4427688121795654,2,0.15508094429969788,0.2625000476837158,0.05249989032745361,2,1.2563488483428955,2,0.10258091986179352,0.21000003814697266,0.0,0.42
0,0,2,2,1.2594983577728271,7,0.1404065638780594,0.40500009059906006,0.014999866485595703,2,1.2492461204528809,2,0.20962610840797424,0.315000057220459,0.10499995946884155,2,1.218231201171875,2,0.1046261265873909,0.21000003814697266,0.0,0.42
1,1,2,2,1.0611112117767334,6,0.15540817379951477,0.40000009536743164,0.0,5,22.923430919647217,24,0.18033470213413239,0.41996192932128906,2.0265579223632812e-06,2,3.6077933311462402,5,0.13562501966953278,0.315000057220459,0.0,0.42
3,3,9,9,0.5425348281860352,3,0.2079835683107376,0.3500000238418579,0.06999993324279785,9,1.4354979991912842,2,0.15641742944717407,0.2625000476837158,0.05249989032745361,9,0.9068810939788818,2,0.20891742408275604,0.315000057220459,0.10499989986419678,0.42
1,1,3,3,2.4732611179351807,14,0.1022043526172638,0.4160000681877136,0.0,5,14.043254852294922,24,0.21599657833576202,0.4199995994567871,3.5762786865234375e-07,3,1.7842648029327393,3,0.20952114462852478,0.315000057220459,0.10499989986419678,0.42
3,3,8,8,0.5364680290222168,3,0.20733065903186798,0.3500000238418579,0.06999993324279785,8,0.8924150466918945,2,0.2083273082971573,0.315000057220459,0.10499995946884155,8,1.225292682647705,2,0.10332728922367096,0.21000003814697266,0.0,0.42
4,4,6,6,2.0535590648651123,6,0.15487590432167053,0.40000009536743164,0.0,6,6.787786960601807,11,0.15991126000881195,0.4193078875541687,0.0005895495414733887,6,2.157193899154663,4,0.2112477421760559,0.315000057220459,0.10499989986419678,0.42
7,7,2,2,0.5351810455322266,3,0.20973767340183258,0.3500000238418579,0.06999993324279785,2,2.696711778640747,2,0.027252158150076866,0.05085939168930054,0.0016405582427978516,2,2.4859941005706787,2,0.05028776079416275,0.07546877861022949,0.02296873927116394,0.42
2,2,4,4,0.5388200283050537,3,0.20772500336170197,0.3500000238418579,0.06999993324279785,4,2.0267250537872314,5,0.21083302795886993,0.40687501430511475,0.013124942779541016,4,2.8139660358428955,2,0.15644113719463348,0.21000003814697266,0.10499989986419678,0.42
7,7,9,9,0.7279257774353027,4,0.1862204223871231,0.3780001401901245,0.0419999361038208,9,2.5401649475097656,3,0.13943025469779968,0.2821875214576721,0.006562471389770508,9,2.1748709678649902,3,0.13010673224925995,0.2625000476837158,0.05249989032745361,0.42
1,1,7,7,0.7171080112457275,4,0.18888278305530548,0.3780001401901245,0.0419999361038208,7,1.6366698741912842,3,0.21006418764591217,0.36750006675720215,0.05249994993209839,7,2.524005174636841,4,0.1437664031982422,0.315000057220459,0.05249989032745361,0.42
2,2,3,3,0.5481438636779785,3,0.20970048010349274,0.3500000238418579,0.06999993324279785,3,2.0677530765533447,2,0.10495921224355698,0.18375003337860107,0.026249974966049194,3,1.9294698238372803,2,0.15744560956954956,0.2625000476837158,0.05249994993209839,0.42
1,1,2,2,0.7859649658203125,4,0.18951338529586792,0.3780001401901245,0.0419999361038208,2,2.314413070678711,3,0.182752326130867,0.328125,0.0393749475479126,2,2.8969340324401855,4,0.14441023766994476,0.34125006198883057,0.02624988555908203,0.42
1,1,8,8,0.5436830520629883,3,0.2102268487215042,0.3500000238418579,0.06999993324279785,8,1.5885329246520996,2,0.18370532989501953,0.23625004291534424,0.13124990463256836,8,1.264981985092163,2,0.20991073548793793,0.315000057220459,0.10499989986419678,0.42
7,7,5,5,0.7286608219146729,4,0.18798939883708954,0.3780001401901245,0.0419999361038208,5,2.1668360233306885,3,0.21051090955734253,0.3412500023841858,0.07874995470046997,5,2.034332036972046,3,0.20903946459293365,0.36750006675720215,0.05249989032745361,0.42
4,4,5,5,1.2473750114440918,7,0.151460662484169,0.40500009059906006,0.014999866485595703,5,4.534348011016846,5,0.19527912139892578,0.37385743856430054,0.01989254355430603,5,3.9682703018188477,4,0.14815717935562134,0.23542970418930054,0.0598827600479126,0.42
2,2,8,8,1.2407927513122559,7,0.14932020008563995,0.40500009059906006,0.014999866485595703,8,1.6297049522399902,3,0.21034878492355347,0.36750006675720215,0.05249994993209839,8,2.3306798934936523,2,0.2100270539522171,0.21656250953674316,0.2034374475479126,0.42
3,3,0,0,1.0722620487213135,6,0.15495190024375916,0.40000009536743164,0.0,0,3.1054039001464844,6,0.20898211002349854,0.40851569175720215,0.011484324932098389,0,2.5146820545196533,4,0.15722130239009857,0.34125006198883057,0.0787498950958252,0.42
5,5,8,8,0.5592930316925049,3,0.20898060500621796,0.3500000238418579,0.06999993324279785,8,0.9304409027099609,2,0.2091824859380722,0.315000057220459,0.10499995946884155,8,0.8931498527526855,2,0.2091824859380722,0.315000057220459,0.10499989986419678,0.42
1,1,3,3,0.7369430065155029,4,0.18805187940597534,0.3780001401901245,0.0419999361038208,3,2.1322338581085205,4,0.2073027491569519,0.38062500953674316,0.0393749475479126,3,1.59633469581604,3,0.10475795716047287,0.21000003814697266,0.0,0.42
2,2,0,0,1.0797147750854492,6,0.1540888100862503,0.40000009536743164,0.0,0,5.182124137878418,7,0.16884534060955048,0.4056958258152008,0.0025121569633483887,0,2.1259961128234863,3,0.10427317023277283,0.21000003814697266,0.0,0.42
4,4,6,6,3.063894033432007,17,0.10384541004896164,0.4172550439834595,0.0,6,4.429714918136597,3,0.05334451049566269,0.07816043496131897,0.02683955430984497,6,4.3111560344696045,3,0.049854207783937454,0.07816043496131897,0.019508004188537598,0.42
4,4,5,5,0.5688812732696533,3,0.20914986729621887,0.3500000238418579,0.06999993324279785,5,2.594568967819214,2,0.05362458527088165,0.07546877861022949,0.029531240463256836,5,2.5472562313079834,2,0.05050400272011757,0.07546877861022949,0.02296873927116394,0.42
7,7,9,9,0.535731315612793,3,0.21589413285255432,0.3666667938232422,0.0733332633972168,9,1.2811520099639893,2,0.21900473535060883,0.33000004291534424,0.10999995470046997,9,2.153855085372925,3,0.2193770408630371,0.33000004291534424,0.1099998950958252,0.44
2,2,9,9,0.5409338474273682,3,0.21742190420627594,0.3666667938232422,0.0733332633972168,9,1.2801191806793213,2,0.21984362602233887,0.33000004291534424,0.10999995470046997,9,2.7110090255737305,3,0.1924159973859787,0.24750006198883057,0.13749992847442627,0.44
1,1,7,7,1.4259381294250488,8,0.16319018602371216,0.4277780055999756,0.012222051620483398,7,6.2554380893707275,9,0.2069922238588333,0.43849611282348633,0.0006445050239562988,7,3.2181289196014404,4,0.10319918394088745,0.2200000286102295,0.0,0.44
0,0,8,8,0.8831779956817627,5,0.17632895708084106,0.410666823387146,0.0,8,2.716728925704956,4,0.22031407058238983,0.3867188096046448,0.053281188011169434,8,2.1880903244018555,3,0.16350486874580383,0.33000004291534424,0.0,0.44
4,4,2,2,0.7279601097106934,4,0.1958404779434204,0.3960001468658447,0.04399991035461426,2,2.5093560218811035,3,0.20591780543327332,0.3368750810623169,0.07562494277954102,2,2.68534517288208,3,0.164324089884758,0.27500009536743164,0.05499988794326782,0.44
1,1,9,9,1.4471871852874756,8,0.1813192069530487,0.4277780055999756,0.012222051620483398,9,7.90358304977417,11,0.18425177037715912,0.4380173683166504,0.0006801486015319824,9,2.165482997894287,4,0.1503683626651764,0.33000004291534424,0.0549999475479126,0.44
4,4,9,9,0.3532228469848633,2,0.29333335161209106,0.29333341121673584,0.2933332920074463,9,0.5426230430603027,1,0.2200000286102295,0.2200000286102295,0.21999990940093994,9,0.5433273315429688,1,0.2200000286102295,0.2200000286102295,0.21999990940093994,0.44
9,9,0,0,0.7397651672363281,4,0.19589541852474213,0.3960001468658447,0.04399991035461426,0,1.9992809295654297,3,0.19087150692939758,0.3437500596046448,0.04124993085861206,0,1.9600300788879395,3,0.10974133014678955,0.2200000286102295,0.0,0.44
5,5,1,1,0.5447590351104736,3,0.2200000286102295,0.3666667938232422,0.0733332633972168,1,2.153169870376587,3,0.2057362049818039,0.3368750810623169,0.07562494277954102,1,2.977837085723877,3,0.22043848037719727,0.3850000500679016,0.05499988794326782,0.44
9,9,8,8,0.548825740814209,3,0.22086134552955627,0.3666667938232422,0.0733332633972168,8,1.4345417022705078,1,0.027500003576278687,0.027500033378601074,0.0274999737739563,8,1.472243070602417,1,0.027500003576278687,0.027500033378601074,0.0274999737739563,0.44
0,0,7,7,0.5407590866088867,3,0.21970772743225098,0.3666667938232422,0.0733332633972168,7,1.6425507068634033,2,0.19199654459953308,0.24750006198883057,0.13749992847442627,7,1.235111951828003,2,0.21899302303791046,0.33000004291534424,0.1099998950958252,0.44
6,6,3,3,0.8728749752044678,5,0.17643652856349945,0.410666823387146,0.0,3,1.9461472034454346,3,0.190622478723526,0.3437500596046448,0.04124993085861206,3,1.8551862239837646,3,0.16337554156780243,0.33000004291534424,0.0,0.44
9,9,6,6,1.0788087844848633,6,0.16111570596694946,0.41904783248901367,0.0,1,19.004660844802856,24,0.2199360579252243,0.43999743461608887,2.6226043701171875e-06,8,11.689523935317993,24,0.17710255086421967,0.2200000286102295,0.1352977752685547,0.44
0,0,2,2,1.0777459144592285,6,0.1626487672328949,0.41904783248901367,0.0,2,14.868537902832031,17,0.22560405731201172,0.43955135345458984,0.0004487037658691406,2,2.918950080871582,4,0.1770363599061966,0.3850000500679016,0.05499982833862305,0.44
1,1,2,2,1.268334150314331,7,0.14895980060100555,0.424285888671875,0.015714168548583984,2,5.829674005508423,8,0.2000800371170044,0.43375611305236816,0.0033165812492370605,2,3.112947940826416,4,0.10922111570835114,0.2200000286102295,0.0,0.44
5,5,3,3,0.55938720703125,3,0.21908023953437805,0.3666667938232422,0.0733332633972168,3,2.3915839195251465,2,0.10318274796009064,0.13062500953674316,0.07562500238418579,3,2.4512271881103516,2,0.11004332453012466,0.13062500953674316,0.08937498927116394,0.44
9,9,3,3,1.105484962463379,6,0.15957623720169067,0.41904783248901367,0.0,3,1.6299819946289062,2,0.19149450957775116,0.24750006198883057,0.13749992847442627,3,2.549301862716675,3,0.1640964299440384,0.24750006198883057,0.08249986171722412,0.44
7,7,9,9,0.5629050731658936,3,0.21809807419776917,0.3666667938232422,0.0733332633972168,9,2.946532726287842,2,0.05417444929480553,0.06101572513580322,0.04726552963256836,9,2.733438014984131,2,0.05505917966365814,0.06703126430511475,0.042968690395355225,0.44
3,3,9,9,1.2988839149475098,7,0.15035702288150787,0.424285888671875,0.015714168548583984,9,4.244635820388794,4,0.22060078382492065,0.38585948944091797,0.054140567779541016,9,2.7595300674438477,4,0.21929091215133667,0.3575000762939453,0.0824999213218689,0.44
4,4,7,7,0.5389077663421631,3,0.21690939366817474,0.3666667938232422,0.0733332633972168,7,0.9086010456085205,2,0.21757681667804718,0.33000004291534424,0.10999995470046997,7,1.2353270053863525,2,0.10757680237293243,0.2200000286102295,0.0,0.44
9,9,8,8,0.5252900123596191,3,0.21622151136398315,0.3666667938232422,0.0733332633972168,8,1.599200963973999,2,0.1914418786764145,0.24750006198883057,0.13749992847442627,8,1.236708164215088,2,0.21788372099399567,0.33000004291534424,0.1099998950958252,0.44
6,6,0,0,0.6992051601409912,4,0.19728270173072815,0.3960001468658447,0.04399991035461426,0,1.283911943435669,3,0.22045089304447174,0.3850000500679016,0.0549999475479126,0,1.2717483043670654,2,0.21929116547107697,0.33000004291534424,0.1099998950958252,0.44
6,6,8,8,0.5322971343994141,3,0.2201208472251892,0.3666667938232422,0.0733332633972168,8,0.8846800327301025,2,0.22020462155342102,0.33000004291534424,0.10999995470046997,8,1.600295066833496,2,0.19255118072032928,0.2200000286102295,0.16499990224838257,0.44
5,5,2,2,1.2512569427490234,5,0.1761956810951233,0.410666823387146,0.0,2,2.255873918533325,3,0.22173701226711273,0.3850000500679016,0.0549999475479126,2,3.6053988933563232,4,0.1438605636358261,0.24750006198883057,0.041249871253967285,0.44
4,4,2,2,0.7151331901550293,4,0.19376686215400696,0.3960001468658447,0.04399991035461426,2,1.7840778827667236,3,0.17531727254390717,0.3575000762939453,0.0274999737739563,2,1.4714341163635254,2,0.16430141031742096,0.2200000286102295,0.1099998950958252,0.44
0,0,4,4,0.9217641353607178,5,0.17654331028461456,0.410666823387146,0.0,4,3.88908314704895,8,0.1877543181180954,0.43742191791534424,0.0008593201637268066,4,3.266563653945923,4,0.16508278250694275,0.3162500858306885,0.013749897480010986,0.44
7,7,4,4,0.9265463352203369,5,0.17631648480892181,0.410666823387146,0.0,4,2.9150757789611816,3,0.17946453392505646,0.25953131914138794,0.10140615701675415,4,2.1562769412994385,3,0.21806423366069794,0.3575000762939453,0.08249986171722412,0.44
4,4,0,0,0.5767731666564941,3,0.2188444286584854,0.3666667938232422,0.0733332633972168,0,1.342881202697754,3,0.2202630639076233,0.3850000500679016,0.0549999475479126,0,2.2471837997436523,3,0.16284717619419098,0.33000004291534424,0.0,0.44
0,0,9,9,0.5722601413726807,3,0.21787983179092407,0.3666667938232422,0.0733332633972168,9,0.9374468326568604,2,0.21860426664352417,0.33000004291534424,0.10999995470046997,9,1.2409873008728027,2,0.10860425233840942,0.2200000286102295,0.0,0.44
1,1,5,5,0.744858980178833,4,0.19757850468158722,0.3960001468658447,0.04399991035461426,5,2.295989990234375,3,0.20602065324783325,0.3368750810623169,0.07562494277954102,5,2.5712928771972656,3,0.16470806300640106,0.24750006198883057,0.08249986171722412,0.44
3,3,7,7,0.5395021438598633,3,0.2170146256685257,0.3666667938232422,0.0733332633972168,7,1.2659540176391602,2,0.21969307959079742,0.33000004291534424,0.10999995470046997,7,0.9242329597473145,2,0.2196931093931198,0.33000004291534424,0.1099998950958252,0.44
1,1,5,5,0.7098610401153564,4,0.1984419822692871,0.3960001468658447,0.04399991035461426,5,1.2452208995819092,3,0.2205159217119217,0.3850000500679016,0.0549999475479126,5,1.2401518821716309,3,0.22103114426136017,0.3850000500679016,0.05499988794326782,0.44
3,3,7,7,0.7150371074676514,4,0.19757558405399323,0.3960001468658447,0.04399991035461426,7,6.5913050174713135,14,0.23448066413402557,0.43997323513031006,2.682209014892578e-05,7,3.9419748783111572,5,0.12222354859113693,0.27500009536743164,0.0034373998641967773,0.44
4,4,1,1,0.9197282791137695,5,0.17622101306915283,0.410666823387146,0.0,1,4.7269792556762695,8,0.21728843450546265,0.43661630153656006,0.0033837556838989258,1,4.1009840965271,5,0.2137933373451233,0.3850000500679016,0.041249871253967285,0.44
7,7,8,8,0.7134661674499512,4,0.1982414722442627,0.3960001468658447,0.04399991035461426,8,2.512424945831299,3,0.21811766922473907,0.3368750810623169,0.10312497615814209,8,2.506568193435669,3,0.20664754509925842,0.2337501049041748,0.17874997854232788,0.44
2,2,4,4,0.5406410694122314,3,0.2177804410457611,0.3666667938232422,0.0733332633972168,4,0.8960070610046387,2,0.21766304969787598,0.33000004291534424,0.10999995470046997,4,1.4339189529418945,2,0.16383153200149536,0.2200000286102295,0.1099998950958252,0.44
7,7,5,5,0.5442781448364258,3,0.2175212800502777,0.3666667938232422,0.0733332633972168,5,4.28788685798645,5,0.2060537040233612,0.4013282060623169,0.011171817779541016,5,2.6366829872131348,4,0.1382410079240799,0.33000004291534424,0.0,0.44
1,1,7,7,1.073544979095459,6,0.16252712905406952,0.41904783248901367,0.0,7,3.9923818111419678,9,0.22259679436683655,0.4391406774520874,0.0008593201637268066,7,2.7251369953155518,4,0.1580369621515274,0.33000004291534424,0.08249986171722412,0.44
2,2,5,5,0.5373764038085938,3,0.21687625348567963,0.3666667938232422,0.0733332633972168,5,1.451430320739746,2,0.16318631172180176,0.27500009536743164,0.0549999475479126,5,1.2329599857330322,2,0.21818625926971436,0.33000004291534424,0.1099998950958252,0.44
1,1,9,9,2.6401050090789795,12,0.1800510585308075,0.4343593120574951,0.005640864372253418,9,8.309418201446533,13,0.20142196118831635,0.4398791790008545,1.33514404296875e-05,9,2.5027480125427246,3,0.16497626900672913,0.24750006198883057,0.08249986171722412,0.44
1,1,4,4,1.4114539623260498,8,0.1586717963218689,0.4277780055999756,0.012222051620483398,4,1.2564120292663574,3,0.22087618708610535,0.3850000500679016,0.0549999475479126,4,1.838850975036621,3,0.22032593190670013,0.33000004291534424,0.1099998950958252,0.44
7,7,4,4,1.6258659362792969,9,0.14644479751586914,0.4302225112915039,0.0,4,2.504487991333008,3,0.22046588361263275,0.3575000762939453,0.08249998092651367,4,2.8748791217803955,3,0.20509815216064453,0.33000004291534424,0.08249986171722412,0.44
4,4,1,1,1.2709040641784668,7,0.15049588680267334,0.424285888671875,0.015714168548583984,1,2.648075819015503,5,0.23188966512680054,0.42625004053115845,0.013749957084655762,1,3.4303371906280518,5,0.1646624058485031,0.33000004291534424,0.0,0.44
2,2,1,1,0.7342691421508789,4,0.19764399528503418,0.3960001468658447,0.04399991035461426,1,2.9732511043548584,4,0.20461171865463257,0.38843756914138794,0.024062395095825195,1,2.447117805480957,3,0.2200186550617218,0.33000004291534424,0.1099998950958252,0.44
3,3,5,5,0.5656969547271729,3,0.21798117458820343,0.3666667938232422,0.0733332633972168,5,1.3084361553192139,2,0.21993717551231384,0.33000004291534424,0.10999995470046997,5,0.9125752449035645,2,0.21993717551231384,0.33000004291534424,0.1099998950958252,0.44
5,5,4,4,0.9617910385131836,5,0.17681613564491272,0.410666823387146,0.0,4,2.459473133087158,4,0.22527137398719788,0.4125000238418579,0.027499914169311523,4,2.597646951675415,3,0.16368718445301056,0.24750006198883057,0.08249986171722412,0.44
1,1,8,8,0.5601029396057129,3,0.2180357426404953,0.3666667938232422,0.0733332633972168,8,0.9088132381439209,2,0.2173166573047638,0.33000004291534424,0.10999995470046997,8,1.7375428676605225,2,0.19182920455932617,0.2200000286102295,0.16499990224838257,0.44
2,2,0,0,1.0005640983581543,5,0.19284415245056152,0.410666823387146,0.0,0,3.5631799697875977,6,0.23891957104206085,0.43312501907348633,0.0068749189376831055,0,2.2474889755249023,3,0.10885453969240189,0.2200000286102295,0.0,0.44
4,4,7,7,1.3137190341949463,7,0.1701301485300064,0.424285888671875,0.015714168548583984,7,2.0459301471710205,5,0.23807665705680847,0.42625004053115845,0.013749957084655762,7,1.637265920639038,2,0.1922687441110611,0.2200000286102295,0.16499990224838257,0.44
4,4,2,2,0.5682790279388428,3,0.21672815084457397,0.3666667938232422,0.0733332633972168,2,0.9270749092102051,2,0.21912895143032074,0.33000004291534424,0.10999995470046997,2,1.456482172012329,2,0.16456449031829834,0.2200000286102295,0.1099998950958252,0.44
7,7,4,4,2.2645885944366455,5,0.19287805259227753,0.4293334484100342,0.0,4,3.735110282897949,7,0.236759215593338,0.4564063549041748,0.0035936832427978516,4,2.5533480644226074,3,0.2140539288520813,0.3450000286102295,0.0862499475479126,0.46
2,2,6,6,0.5309441089630127,3,0.22642050683498383,0.3833334445953369,0.07666665315628052,6,1.2667222023010254,2,0.22806714475154877,0.3450000286102295,0.11499994993209839,6,1.2727129459381104,2,0.1130671352148056,0.23000001907348633,0.0,0.46
1,1,3,3,0.9128358364105225,5,0.18049101531505585,0.4293334484100342,0.0,3,7.677180767059326,11,0.24781399965286255,0.45689094066619873,0.0007735490798950195,3,4.157818078994751,5,0.2148274928331375,0.3450000286102295,0.0862499475479126,0.46
0,0,3,3,2.6843998432159424,15,0.11466620862483978,0.45616674423217773,0.003833174705505371,3,6.548048973083496,11,0.23532122373580933,0.4586182236671448,0.0001903623342514038,3,5.156840801239014,6,0.10154128819704056,0.23000001907348633,0.0,0.46
4,4,5,5,0.5336101055145264,3,0.22931142151355743,0.3833334445953369,0.07666665315628052,5,1.2516472339630127,1,0.057500001043081284,0.05750000476837158,0.057499997317790985,5,1.269883155822754,1,0.057500001043081284,0.05750000476837158,0.057499997317790985,0.46
1,1,6,6,0.7187128067016602,4,0.2038836032152176,0.41400015354156494,0.04599994421005249,6,2.8838889598846436,3,0.18787726759910583,0.2713281512260437,0.10601556301116943,6,4.900213003158569,3,0.12994682788848877,0.2587500810623169,0.028749942779541016,0.46
4,4,3,3,1.3738329410552979,4,0.2028219848871231,0.41400015354156494,0.04599994421005249,8,18.20083212852478,24,0.28793641924858093,0.45999956130981445,3.5703182220458984e-05,3,4.539566993713379,4,0.16534537076950073,0.3450000286102295,0.0862499475479126,0.46
9,9,2,2,0.7209758758544922,4,0.20394228398799896,0.41400015354156494,0.04599994421005249,2,2.324112892150879,3,0.16421832144260406,0.330625057220459,0.07187497615814209,2,2.1412720680236816,3,0.11521545797586441,0.23000001907348633,0.05749994516372681,0.46
5,5,2,2,0.541978120803833,3,0.2278567999601364,0.3833334445953369,0.07666665315628052,2,2.675542116165161,2,0.029031110927462578,0.055703163146972656,0.0017968416213989258,2,2.6626007556915283,2,0.02903110161423683,0.055703163146972656,0.0017968416213989258,0.46
9,9,3,3,4.162592172622681,16,0.18145807087421417,0.4566178321838379,0.0033821463584899902,3,7.6084959506988525,12,0.23521892726421356,0.4593092203140259,0.00013017654418945312,3,3.2398080825805664,4,0.11404451727867126,0.23000001907348633,0.007187485694885254,0.46
0,0,8,8,0.7167859077453613,4,0.20834217965602875,0.41400015354156494,0.04599994421005249,8,1.773665189743042,3,0.18353641033172607,0.37375009059906006,0.028749942779541016,8,1.9643030166625977,3,0.17160461843013763,0.3450000286102295,0.11499994993209839,0.46
6,6,3,3,0.8956408500671387,5,0.18608780205249786,0.4293334484100342,0.0,3,1.7633020877838135,3,0.23049163818359375,0.37375009059906006,0.0862499475479126,3,1.7774178981781006,3,0.1710812896490097,0.3450000286102295,0.0,0.46
9,9,1,1,0.886854887008667,5,0.1855894923210144,0.4293334484100342,0.0,1,3.4098737239837646,7,0.20621056854724884,0.45371103286743164,0.0008984208106994629,1,1.7734251022338867,3,0.22955270111560822,0.3450000286102295,0.11499994993209839,0.46
0,0,8,8,0.706906795501709,4,0.20780861377716064,0.41400015354156494,0.04599994421005249,8,1.2495920658111572,3,0.22963711619377136,0.4025000333786011,0.05749994516372681,8,1.5837969779968262,3,0.22916576266288757,0.4025000333786011,0.05749994516372681,0.46
1,1,0,0,1.0752067565917969,6,0.17462024092674255,0.4380953311920166,0.0,0,3.0593068599700928,7,0.23651304841041565,0.4564063549041748,0.0035936832427978516,0,2.2714080810546875,3,0.12793833017349243,0.23000001907348633,0.028749942779541016,0.46
5,5,3,3,0.5423831939697266,3,0.22931957244873047,0.3833334445953369,0.07666665315628052,3,2.339056968688965,2,0.10787590593099594,0.1365625262260437,0.07906246185302734,3,2.3540070056915283,2,0.11504757404327393,0.1365625262260437,0.09343749284744263,0.46
9,9,4,4,0.5438258647918701,3,0.22715191543102264,0.3833334445953369,0.07666665315628052,4,0.8850448131561279,2,0.22907866537570953,0.3450000286102295,0.11499994993209839,4,1.6105561256408691,2,0.22976967692375183,0.2587500810623169,0.20124995708465576,0.46
7,7,1,1,1.2920267581939697,7,0.15935088694095612,0.4435715675354004,0.01642841100692749,1,3.016225814819336,7,0.2335166484117508,0.4564063549041748,0.0035936832427978516,1,1.9641988277435303,3,0.17167797684669495,0.3450000286102295,0.11499994993209839,0.46
3,3,1,1,0.7102770805358887,4,0.20886901021003723,0.41400015354156494,0.04599994421005249,1,2.1392030715942383,3,0.21598827838897705,0.35218751430511475,0.07906246185302734,1,3.212222099304199,4,0.2163861244916916,0.4025000333786011,0.028749942779541016,0.46
4,4,1,1,0.9035029411315918,5,0.18147094547748566,0.4293334484100342,0.0,1,2.3299100399017334,6,0.22844219207763672,0.4528125524520874,0.007187485694885254,1,2.6724071502685547,3,0.17156776785850525,0.24437502026557922,0.1006249487400055,0.46
9,9,2,2,0.8945951461791992,5,0.18086466193199158,0.4293334484100342,0.0,2,4.511091947555542,5,0.19955433905124664,0.37156009674072266,0.032736778259277344,2,2.670382022857666,3,0.17554016411304474,0.23000001907348633,0.12218743562698364,0.46
6,6,0,0,0.5334219932556152,3,0.22857798635959625,0.3833334445953369,0.07666665315628052,0,1.234848976135254,3,0.2309229075908661,0.4025000333786011,0.05749994516372681,0,1.270153284072876,2,0.2296592742204666,0.3450000286102295,0.11499994993209839,0.46
6,6,3,3,0.7222568988800049,4,0.20803293585777283,0.41400015354156494,0.04599994421005249,3,1.2566096782684326,3,0.22855380177497864,0.4025000333786011,0.05749994516372681,3,1.2630150318145752,2,0.231035977602005,0.3450000286102295,0.11499994993209839,0.46
5,5,1,1,1.2812120914459229,7,0.16018731892108917,0.4435715675354004,0.01642841100692749,1,3.1985089778900146,7,0.21227292716503143,0.45460939407348633,0.0017968416213989258,1,3.2466700077056885,4,0.17189456522464752,0.2875000238418579,0.05749994516372681,0.46
4,4,5,5,0.7352111339569092,4,0.2066846787929535,0.41400015354156494,0.04599994421005249,5,2.139350175857544,3,0.2141689658164978,0.35218751430511475,0.07906246185302734,5,2.245875120162964,3,0.11414320021867752,0.23000001907348633,0.0,0.46
0,0,4,4,0.8881158828735352,5,0.1838223785161972,0.4293334484100342,0.0,4,3.775254726409912,8,0.25703781843185425,0.4573047161102295,0.0026952922344207764,4,2.7106122970581055,4,0.15193888545036316,0.3450000286102295,0.0,0.46
7,7,6,6,1.5897419452667236,9,0.13855823874473572,0.4497779607772827,0.0,6,4.453978061676025,5,0.1704399585723877,0.3892481327056885,0.0011230111122131348,6,4.855297088623047,5,0.11511649936437607,0.2443751096725464,0.02156245708465576,0.46
4,4,3,3,3.0416347980499268,17,0.18640907108783722,0.4569936990737915,0.0,3,15.108595848083496,24,0.24588622152805328,0.45999863743782043,5.960464477539062e-07,3,2.8411879539489746,4,0.10159716755151749,0.23000001907348633,0.0,0.46
0,0,6,6,3.0236527919769287,17,0.12266911566257477,0.4569936990737915,0.0,5,14.870205163955688,24,0.18591517210006714,0.45999908447265625,2.0265579223632812e-06,6,4.563571929931641,5,0.10628446936607361,0.23000001907348633,0.0017968416213989258,0.46
1,1,0,0,0.8948218822479248,5,0.1792771965265274,0.4293334484100342,0.0,0,1.2727808952331543,3,0.23291152715682983,0.4025000333786011,0.05749994516372681,0,1.7875981330871582,2,0.21543081104755402,0.23000001907348633,0.20124995708465576,0.46
3,3,9,9,0.5366373062133789,3,0.22752676904201508,0.3833334445953369,0.07666665315628052,9,0.8845369815826416,2,0.22829481959342957,0.3450000286102295,0.11499994993209839,9,0.8911080360412598,2,0.22829481959342957,0.3450000286102295,0.11499994993209839,0.46
1,1,5,5,0.7228689193725586,4,0.2072940170764923,0.41400015354156494,0.04599994421005249,5,2.3296587467193604,3,0.1655818372964859,0.330625057220459,0.07187497615814209,5,1.6033380031585693,3,0.23089389503002167,0.4025000333786011,0.05749994516372681,0.46
3,3,7,7,0.7073729038238525,4,0.20797060430049896,0.41400015354156494,0.04599994421005249,7,2.6527302265167236,5,0.23865389823913574,0.43484389781951904,0.02515619993209839,7,3.729238986968994,5,0.13957008719444275,0.330625057220459,0.01437494158744812,0.46
4,4,2,2,0.358137845993042,2,0.30666670203208923,0.3066667318344116,0.30666661262512207,2,1.2510361671447754,1,0.057500001043081284,0.05750000476837158,0.057499997317790985,2,1.2865190505981445,1,0.057500001043081284,0.05750000476837158,0.057499997317790985,0.46
7,7,2,2,0.5168280601501465,3,0.2286492884159088,0.3833334445953369,0.07666665315628052,2,2.6891160011291504,2,0.029478034004569054,0.055703163146972656,0.0017968416213989258,2,2.4837329387664795,2,0.054682835936546326,0.08265626430511475,0.02515619993209839,0.46
2,2,7,7,0.5376770496368408,3,0.23106960952281952,0.3833334445953369,0.07666665315628052,7,1.245786190032959,2,0.23037590086460114,0.3450000286102295,0.11499994993209839,7,1.2685937881469727,2,0.11537589877843857,0.23000001907348633,0.0,0.46
7,7,0,0,0.7175171375274658,4,0.20655447244644165,0.41400015354156494,0.04599994421005249,0,1.953383207321167,4,0.22544290125370026,0.43125009536743164,0.028749942779541016,0,2.8908851146698,4,0.18703314661979675,0.4025000333786011,0.05749994516372681,0.46
1,1,9,9,0.9552512168884277,5,0.1826912760734558,0.4293334484100342,0.0,9,4.2823779582977295,7,0.19071164727210999,0.44787120819091797,0.00044918060302734375,9,1.2543628215789795,3,0.2295561581850052,0.4025000333786011,0.05749994516372681,0.46
2,2,6,6,0.7230062484741211,4,0.20507726073265076,0.41400015354156494,0.04599994421005249,6,2.512012004852295,5,0.18836230039596558,0.4384375810623169,0.007187485694885254,6,2.8880529403686523,3,0.2220838963985443,0.2875000238418579,0.15812495350837708,0.46
1,1,3,3,1.4441416263580322,8,0.14780230820178986,0.44722235202789307,0.012777626514434814,5,15.157977819442749,24,0.2335105985403061,0.45999979972839355,2.384185791015625e-07,3,1.240422248840332,3,0.22964856028556824,0.4025000333786011,0.05749994516372681,0.46
1,1,4,4,1.6321170330047607,9,0.1379116028547287,0.4497779607772827,0.0,4,3.0802128314971924,3,0.20230866968631744,0.25785160064697266,0.14644527435302734,4,1.6000289916992188,3,0.23049965500831604,0.4025000333786011,0.05749994516372681,0.46
7,7,3,3,2.495206832885742,14,0.18382640182971954,0.455619215965271,0.0,3,1.235473871231079,2,0.23059439659118652,0.3450000286102295,0.11499994993209839,3,1.989211082458496,2,0.23014859855175018,0.2587500810623169,0.20124995708465576,0.46
4,4,6,6,0.893779993057251,5,0.18019236624240875,0.4293334484100342,0.0,6,2.890876054763794,2,0.027978362515568733,0.04222667217254639,0.01347649097442627,6,2.739922046661377,2,0.028987767174839973,0.055703163146972656,0.0017968416213989258,0.46
2,2,1,1,0.7131600379943848,4,0.2057446539402008,0.41400015354156494,0.04599994421005249,1,2.6710011959075928,5,0.2310531586408615,0.44562506675720215,0.014374971389770508,1,2.150344133377075,3,0.2307063192129135,0.3450000286102295,0.11499994993209839,0.46
3,3,8,8,1.6107556819915771,9,0.1421920657157898,0.4497779607772827,0.0,8,1.2752220630645752,3,0.22903969883918762,0.4025000333786011,0.05749994516372681,8,2.7079460620880127,3,0.17146044969558716,0.24437502026557922,0.1006249487400055,0.46
5,5,7,7,0.7048048973083496,4,0.2060154229402542,0.41400015354156494,0.04599994421005249,7,1.8000729084014893,3,0.23082894086837769,0.37375009059906006,0.0862499475479126,7,2.5187079906463623,3,0.17155039310455322,0.2587500810623169,0.0862499475479126,0.46
1,1,4,4,1.4258358478546143,8,0.15225274860858917,0.44722235202789307,0.012777626514434814,4,2.4633281230926514,4,0.22964303195476532,0.41687503457069397,0.0431249737739563,4,4.926916837692261,6,0.15764887630939484,0.3450000286102295,0.0512109100818634,0.46
2,2,5,5,0.9060297012329102,5,0.18964815139770508,0.4293334484100342,0.0,5,4.100541114807129,6,0.20166510343551636,0.431699275970459,0.008535116910934448,5,3.970322847366333,4,0.16046106815338135,0.24437502026557922,0.07906246185302734,0.46
4,4,5,5,0.5315229892730713,3,0.2296699732542038,0.3833334445953369,0.07666665315628052,5,1.4393937587738037,1,0.02874997816979885,0.028750061988830566,0.028749942779541016,5,1.4300649166107178,1,0.02874997816979885,0.028750061988830566,0.028749942779541016,0.46
4,4,1,1,0.900501012802124,5,0.18375065922737122,0.4293334484100342,0.0,1,2.1277849674224854,3,0.2305029034614563,0.35218751430511475,0.10781246423721313,1,2.3014719486236572,3,0.11615532636642456,0.23000001907348633,0.028749942779541016,0.46
7,7,1,1,0.8892359733581543,5,0.19311057031154633,0.4480001926422119,0.0,1,2.6761891841888428,2,0.03064349852502346,0.05812501907348633,0.0018749833106994629,1,3.716444253921509,3,0.1131831705570221,0.14250001311302185,0.08249998092651367,0.48
2,2,5,5,0.5470530986785889,3,0.2356547713279724,0.40000009536743164,0.07999998331069946,5,0.9004659652709961,2,0.23697862029075623,0.36000001430511475,0.1199999451637268,5,1.4128029346466064,2,0.1784892976284027,0.24000000953674316,0.1199999451637268,0.48
1,1,7,7,1.6622138023376465,9,0.16840209066867828,0.4693335294723511,0.0,7,3.7633237838745117,8,0.25028467178344727,0.47812509536743164,0.0018749237060546875,7,3.188690185546875,4,0.11920509487390518,0.24000000953674316,0.0,0.48
0,0,6,6,0.7443907260894775,4,0.21373535692691803,0.43200016021728516,0.04799991846084595,6,1.6406140327453613,2,0.20874440670013428,0.27000001072883606,0.1499999761581421,6,1.4361319541931152,2,0.17874442040920258,0.24000000953674316,0.1199999451637268,0.48
4,4,5,5,0.5388951301574707,3,0.23963648080825806,0.40000009536743164,0.07999998331069946,5,1.2430520057678223,1,0.0599999837577343,0.060000061988830566,0.059999942779541016,5,1.2599208354949951,1,0.0599999837577343,0.060000061988830566,0.059999942779541016,0.48
1,1,8,8,0.5598018169403076,3,0.23789329826831818,0.40000009536743164,0.07999998331069946,8,0.8826498985290527,2,0.23786033689975739,0.36000001430511475,0.1199999451637268,8,1.4507501125335693,2,0.23893019556999207,0.30000007152557373,0.1799999475479126,0.48
4,4,2,2,0.5347962379455566,3,0.2384396493434906,0.40000009536743164,0.07999998331069946,2,1.2656428813934326,3,0.23728477954864502,0.4200000762939453,0.059999942779541016,2,2.691502094268799,3,0.18346352875232697,0.24000000953674316,0.12749993801116943,0.48
9,9,7,7,1.263343095779419,7,0.18357600271701813,0.46285736560821533,0.01714271306991577,7,2.709942102432251,5,0.25705209374427795,0.45375001430511475,0.026249974966049194,7,1.6182200908660889,3,0.2399800568819046,0.4200000762939453,0.059999942779541016,0.48
5,5,9,9,0.9102141857147217,5,0.1882321685552597,0.4480001926422119,0.0,9,1.7625620365142822,2,0.2255827784538269,0.2549999952316284,0.19499993324279785,9,1.7804486751556396,3,0.24158163368701935,0.36000001430511475,0.1199999451637268,0.48
9,9,1,1,1.2773561477661133,7,0.17578445374965668,0.46285736560821533,0.01714271306991577,1,4.650838851928711,7,0.24658560752868652,0.46637701988220215,0.01362299919128418,1,3.050858974456787,5,0.1499764770269394,0.36000001430511475,0.0,0.48
0,0,7,7,0.5390021800994873,3,0.23856507241725922,0.40000009536743164,0.07999998331069946,7,1.235069990158081,3,0.23940131068229675,0.4200000762939453,0.059999942779541016,7,1.478518009185791,2,0.23902104794979095,0.30000007152557373,0.1799999475479126,0.48
6,6,0,0,0.5256271362304688,3,0.23634779453277588,0.40000009536743164,0.07999998331069946,0,0.9016218185424805,2,0.2381249964237213,0.36000001430511475,0.1199999451637268,0,1.9655601978302002,2,0.23988282680511475,0.24750006198883057,0.23249995708465576,0.48
9,9,2,2,2.8805079460144043,16,0.11852290481328964,0.4764707088470459,0.0035292506217956543,2,3.2136030197143555,3,0.19736459851264954,0.28312504291534424,0.11062496900558472,2,2.1720540523529053,3,0.1503802388906479,0.30000007152557373,0.059999942779541016,0.48
0,0,8,8,0.7064769268035889,4,0.21940690279006958,0.43200016021728516,0.04799991846084595,8,1.8034050464630127,3,0.19230347871780396,0.39000001549720764,0.029999971389770508,8,1.6270661354064941,3,0.23964525759220123,0.4200000762939453,0.059999942779541016,0.48
1,1,8,8,0.5405318737030029,3,0.24124149978160858,0.40000009536743164,0.07999998331069946,8,0.9177987575531006,2,0.24091997742652893,0.36000001430511475,0.1199999451637268,8,1.417431116104126,2,0.18045997619628906,0.24000000953674316,0.1199999451637268,0.48
5,5,2,2,1.0781309604644775,6,0.1748976707458496,0.45714306831359863,0.0,2,2.824275016784668,4,0.18784354627132416,0.4012500047683716,0.0037499666213989258,2,2.309286117553711,3,0.17920279502868652,0.30000007152557373,0.059999942779541016,0.48
9,9,6,6,3.4662418365478516,19,0.11266154050827026,0.47747373580932617,0.00252610445022583,7,12.776346921920776,24,0.2570452392101288,0.4799996316432953,2.682209014892578e-06,6,1.766791820526123,3,0.14860090613365173,0.30000007152557373,0.059999942779541016,0.48
7,7,0,0,0.5391769409179688,3,0.238954097032547,0.40000009536743164,0.07999998331069946,0,0.9058928489685059,2,0.2388743758201599,0.36000001430511475,0.1199999451637268,0,1.408513069152832,2,0.23943717777729034,0.30000007152557373,0.1799999475479126,0.48
3,3,1,1,0.7242400646209717,4,0.21764414012432098,0.43200016021728516,0.04799991846084595,1,3.021451950073242,5,0.24687041342258453,0.4650000333786011,0.014999985694885254,1,3.3984851837158203,5,0.17470046877861023,0.375,0.07499995827674866,0.48
4,4,9,9,0.5424556732177734,3,0.2379804402589798,0.40000009536743164,0.07999998331069946,9,0.8828809261322021,2,0.23819676041603088,0.36000001430511475,0.1199999451637268,9,1.2412331104278564,2,0.1181967630982399,0.24000000953674316,0.0,0.48
9,9,6,6,2.4901230335235596,14,0.1176454946398735,0.4754287004470825,0.0,0,13.034863233566284,24,0.2454165518283844,0.48000001907348633,5.364418029785156e-07,6,2.5103538036346436,4,0.12021563947200775,0.24000000953674316,0.0,0.48
6,6,8,8,0.5328221321105957,3,0.24068240821361542,0.40000009536743164,0.07999998331069946,8,1.2787399291992188,2,0.2391214668750763,0.36000001430511475,0.1199999451637268,8,1.6019229888916016,2,0.20978039503097534,0.24000000953674316,0.1799999475479126,0.48
6,6,5,5,0.364990234375,2,0.3200000524520874,0.3200000524520874,0.31999993324279785,5,1.437838077545166,1,0.029999973252415657,0.030000001192092896,0.029999971389770508,5,1.4407660961151123,1,0.029999973252415657,0.030000001192092896,0.029999971389770508,0.48
5,5,9,9,0.5104470252990723,3,0.2395259290933609,0.40000009536743164,0.07999998331069946,9,1.2546062469482422,1,0.059999980032444,0.060000061988830566,0.059999942779541016,9,1.2732281684875488,1,0.059999980032444,0.060000061988830566,0.059999942779541016,0.48
4,4,7,7,0.5391650199890137,3,0.2369132786989212,0.40000009536743164,0.07999998331069946,7,1.7713730335235596,2,0.22424785792827606,0.2549999952316284,0.19499993324279785,7,1.2960920333862305,2,0.11699139326810837,0.24000000953674316,0.0,0.48
0,0,5,5,0.7327709197998047,4,0.21381506323814392,0.43200016021728516,0.04799991846084595,5,2.48785400390625,4,0.19935369491577148,0.43500006198883057,0.014999985694885254,5,2.821260929107666,4,0.11965441703796387,0.24000000953674316,0.0,0.48
7,7,2,2,0.5383439064025879,3,0.23719388246536255,0.40000009536743164,0.07999998331069946,2,2.470548152923584,2,0.055980514734983444,0.08625006675720215,0.02624988555908203,2,2.5252139568328857,2,0.05976421386003494,0.08625006675720215,0.033749938011169434,0.48
4,4,5,5,0.5217781066894531,3,0.23765094578266144,0.40000009536743164,0.07999998331069946,5,0.9055120944976807,2,0.2379607856273651,0.36000001430511475,0.1199999451637268,5,1.2396748065948486,2,0.11796079576015472,0.24000000953674316,0.0,0.48
0,0,7,7,0.5482838153839111,3,0.2400340437889099,0.40000009536743164,0.07999998331069946,7,0.9071629047393799,2,0.23966678977012634,0.36000001430511475,0.1199999451637268,7,0.9017319679260254,2,0.23966675996780396,0.36000001430511475,0.1199999451637268,0.48
1,1,7,7,1.9955878257751465,11,0.13058219850063324,0.4727274179458618,0.007272481918334961,7,3.419296979904175,8,0.25691547989845276,0.47812509536743164,0.0018749237060546875,4,10.56909728050232,24,0.17479021847248077,0.36000001430511475,0.0,0.48
3,3,1,1,0.8779640197753906,5,0.1951143890619278,0.4480001926422119,0.0,1,3.398474931716919,4,0.23323661088943481,0.37828123569488525,0.08671870827674866,1,2.8823318481445312,4,0.14350365102291107,0.30000007152557373,0.029999971389770508,0.48
1,1,5,5,0.7067840099334717,4,0.21391457319259644,0.43200016021728516,0.04799991846084595,5,2.516551971435547,3,0.16139370203018188,0.3225000202655792,0.00749998539686203,5,1.2651808261871338,3,0.24049268662929535,0.4200000762939453,0.059999942779541016,0.48
3,3,1,1,0.8987739086151123,5,0.1928456574678421,0.4480001926422119,0.0,1,2.3270108699798584,5,0.25312936305999756,0.4650000333786011,0.014999985694885254,1,3.379699945449829,4,0.23199819028377533,0.4200000762939453,0.04499995708465576,0.48
4,4,6,6,0.5453360080718994,3,0.24242135882377625,0.40000009536743164,0.07999998331069946,6,5.342213869094849,9,0.22247488796710968,0.4769238829612732,0.0012011229991912842,6,2.646235942840576,4,0.24133798480033875,0.36000001430511475,0.1199999451637268,0.48
7,7,4,4,0.7308599948883057,4,0.2142978459596634,0.43200016021728516,0.04799991846084595,4,1.2661330699920654,3,0.2420121282339096,0.4200000762939453,0.059999942779541016,4,2.316009998321533,3,0.11754883080720901,0.24000000953674316,0.0,0.48
2,2,3,3,2.8779590129852295,16,0.12016184628009796,0.4764707088470459,0.0035291314125061035,1,15.024975299835205,24,0.24006527662277222,0.4799997806549072,2.384185791015625e-07,3,1.8388330936431885,3,0.1807979941368103,0.36000001430511475,0.0,0.48
7,7,4,4,0.5433151721954346,3,0.23659439384937286,0.40000009536743164,0.07999998331069946,4,0.90012526512146,2,0.23918047547340393,0.36000001430511475,0.1199999451637268,4,1.270171880722046,2,0.23918047547340393,0.36000001430511475,0.1199999451637268,0.48
1,1,5,5,0.7267141342163086,4,0.2161683887243271,0.43200016021728516,0.04799991846084595,5,3.2097012996673584,4,0.2267168015241623,0.42375004291534424,0.02624988555908203,5,1.7975060939788818,3,0.23987802863121033,0.36000001430511475,0.1199999451637268,0.48
2,2,8,8,0.5627357959747314,3,0.23800809681415558,0.40000009536743164,0.07999998331069946,8,1.2698588371276855,3,0.23950812220573425,0.4200000762939453,0.059999942779541016,8,2.1574528217315674,3,0.23892180621623993,0.39000001549720764,0.08999994397163391,0.48
1,1,8,8,0.5241401195526123,3,0.24055911600589752,0.40000009536743164,0.07999998331069946,8,0.9017820358276367,2,0.240322083234787,0.36000001430511475,0.1199999451637268,8,1.251629114151001,2,0.12032206356525421,0.24000000953674316,0.0,0.48
1,1,8,8,0.5702447891235352,3,0.2401360720396042,0.40000009536743164,0.07999998331069946,8,0.8743839263916016,2,0.23988041281700134,0.36000001430511475,0.1199999451637268,8,1.4943292140960693,2,0.17994020879268646,0.24000000953674316,0.1199999451637268,0.48
7,7,9,9,0.7456870079040527,4,0.2127092033624649,0.43200016021728516,0.04799991846084595,9,1.6273210048675537,3,0.2382621318101883,0.4200000762939453,0.059999942779541016,9,2.338470935821533,3,0.18018174171447754,0.36000001430511475,0.1199999451637268,0.48
4,4,3,3,1.281938076019287,7,0.16449004411697388,0.46285736560821533,0.01714271306991577,3,3.6335339546203613,4,0.15383894741535187,0.3421875238418579,0.012187421321868896,3,3.0549819469451904,4,0.10836177319288254,0.24000000953674316,0.014999926090240479,0.48
2,2,3,3,1.2588410377502441,7,0.16525033116340637,0.46285736560821533,0.01714271306991577,3,14.60969614982605,23,0.2428409606218338,0.4799988269805908,2.1457672119140625e-06,3,2.881503105163574,4,0.24105408787727356,0.36000001430511475,0.1199999451637268,0.48
3,3,2,2,0.557628870010376,3,0.23466837406158447,0.40000009536743164,0.07999998331069946,2,1.7886760234832764,2,0.22446270287036896,0.2549999952316284,0.19499993324279785,2,1.6382899284362793,2,0.2094627171754837,0.24000000953674316,0.1799999475479126,0.48
5,5,0,0,0.5335121154785156,3,0.23878614604473114,0.40000009536743164,0.07999998331069946,0,1.4249610900878906,2,0.17966514825820923,0.30000007152557373,0.059999942779541016,0,0.8904941082000732,2,0.11966518312692642,0.24000000953674316,0.0,0.48
1,1,0,0,0.533005952835083,3,0.2392198145389557,0.40000009536743164,0.07999998331069946,0,1.8016138076782227,2,0.22452887892723083,0.2549999952316284,0.19499993324279785,0,1.531092882156372,2,0.17905771732330322,0.24000000953674316,0.1199999451637268,0.48
2,2,4,4,0.5561158657073975,3,0.23742984235286713,0.40000009536743164,0.07999998331069946,4,1.669482946395874,4,0.25674065947532654,0.4500000476837158,0.029999971389770508,4,2.284635066986084,3,0.22444874048233032,0.36000001430511475,0.08999994397163391,0.48
4,4,1,1,0.9757051467895508,5,0.204616516828537,0.4480001926422119,0.0,1,3.8681800365448,6,0.252522736787796,0.4668750762939453,0.013124942779541016,1,1.5952250957489014,3,0.18278217315673828,0.36000001430511475,0.1199999451637268,0.48
4,4,3,3,1.1566588878631592,6,0.176046222448349,0.45714306831359863,0.0,3,0.9249029159545898,2,0.23930484056472778,0.36000001430511475,0.1199999451637268,3,1.433067798614502,2,0.17965242266654968,0.24000000953674316,0.1199999451637268,0.48
7,7,4,4,0.5391240119934082,3,0.24633291363716125,0.41666674613952637,0.08333331346511841,4,8.478276014328003,15,0.2569895088672638,0.4999713897705078,2.86102294921875e-05,4,2.11466908454895,3,0.24859079718589783,0.375,0.125,0.5
2,2,0,0,1.1450879573822021,6,0.17929589748382568,0.47619062662124634,0.0,0,1.3411951065063477,3,0.24919533729553223,0.4375,0.0625,0,2.7683000564575195,3,0.1863536238670349,0.28125,0.09375,0.5
1,1,9,9,1.5117640495300293,8,0.19291670620441437,0.48611122369766235,0.013888776302337646,9,5.305336236953735,8,0.21220724284648895,0.49560546875,0.00048828125,9,3.8339388370513916,5,0.1557987779378891,0.375,0.0,0.5
0,0,4,4,0.5469582080841064,3,0.24904336035251617,0.41666674613952637,0.08333331346511841,4,1.452134132385254,2,0.18551863729953766,0.3125,0.0625,4,1.2974531650543213,2,0.24801863729953766,0.375,0.125,0.5
4,4,2,2,1.2580459117889404,7,0.17544767260551453,0.48214298486709595,0.017857074737548828,2,1.8382740020751953,3,0.20262965559959412,0.40625,0.03125,2,1.4307541847229004,2,0.18727163970470428,0.25,0.125,0.5
1,1,5,5,0.7634119987487793,4,0.22210818529129028,0.4500001072883606,0.04999995231628418,5,1.2877309322357178,3,0.2498721182346344,0.4375,0.0625,5,3.0180821418762207,4,0.18650870025157928,0.28125,0.09375,0.5
4,4,3,3,1.7470800876617432,9,0.15365973114967346,0.48888903856277466,0.0,3,10.147710084915161,13,0.23641562461853027,0.498019814491272,2.709031105041504e-05,3,5.96908712387085,9,0.14434607326984406,0.375,0.0,0.5
9,9,2,2,0.7346198558807373,4,0.22076161205768585,0.4500001072883606,0.04999995231628418,2,2.394108772277832,3,0.1783057004213333,0.359375,0.078125,2,2.1613399982452393,3,0.12560537457466125,0.25,0.0625,0.5
5,5,1,1,0.5717079639434814,3,0.24870234727859497,0.41666674613952637,0.08333331346511841,1,0.9383549690246582,2,0.24925263226032257,0.375,0.125,1,1.8570091724395752,3,0.24962714314460754,0.375,0.125,0.5
9,9,8,8,0.5437610149383545,3,0.2509898543357849,0.41666674613952637,0.08333331346511841,8,1.4806301593780518,1,0.03125,0.03125,0.03125,8,1.435844898223877,1,0.03125,0.03125,0.03125,0.5
0,0,5,5,0.911602258682251,5,0.202055424451828,0.4666667580604553,0.0,5,1.8823308944702148,3,0.20082144439220428,0.40625,0.03125,5,1.3360610008239746,2,0.24887396395206451,0.375,0.125,0.5
6,6,0,0,0.5619678497314453,3,0.2466673105955124,0.41666674613952637,0.08333331346511841,0,1.3056488037109375,2,0.24773630499839783,0.375,0.125,0,2.055433988571167,2,0.24985851347446442,0.2578125,0.2421875,0.5
9,9,3,3,1.2599077224731445,7,0.16949647665023804,0.48214298486709595,0.017857074737548828,3,2.0805821418762207,3,0.24997715651988983,0.390625,0.109375,3,2.1777360439300537,3,0.12479530274868011,0.25,0.0625,0.5
0,0,1,1,0.7368080615997314,4,0.22822599112987518,0.4500001072883606,0.04999995231628418,1,3.340869188308716,5,0.20125699043273926,0.458984375,0.001953125,1,1.8080289363861084,3,0.24863563477993011,0.40625,0.09375,0.5
1,1,8,8,0.5480048656463623,3,0.25061342120170593,0.41666674613952637,0.08333331346511841,8,0.9102809429168701,2,0.24998505413532257,0.375,0.125,8,1.465250015258789,2,0.1874925196170807,0.25,0.125,0.5
5,5,8,8,0.5455343723297119,3,0.24913416802883148,0.41666674613952637,0.08333331346511841,8,0.9111361503601074,2,0.24842222034931183,0.375,0.125,8,1.832050085067749,2,0.24980278313159943,0.265625,0.234375,0.5
9,9,4,4,0.5603928565979004,3,0.24732054769992828,0.41666674613952637,0.08333331346511841,4,1.2669188976287842,2,0.24890220165252686,0.375,0.125,4,2.1789681911468506,2,0.2497255504131317,0.28125,0.21875,0.5
7,7,5,5,0.5638048648834229,3,0.2488352209329605,0.41666674613952637,0.08333331346511841,5,1.014876127243042,2,0.24810998141765594,0.375,0.125,5,1.278493881225586,2,0.12310998886823654,0.25,0.0,0.5
3,3,2,2,1.277547836303711,7,0.17217299342155457,0.48214298486709595,0.017857074737548828,2,2.229624032974243,3,0.23333905637264252,0.3828125,0.0859375,2,2.0280301570892334,3,0.1258852183818817,0.25,0.0,0.5
4,4,9,9,0.5638909339904785,3,0.24836353957653046,0.41666674613952637,0.08333331346511841,9,1.8122870922088623,2,0.2339070588350296,0.265625,0.203125,9,1.2719690799713135,2,0.1231282576918602,0.25,0.0,0.5
9,9,8,8,0.5590131282806396,3,0.24677801132202148,0.41666674613952637,0.08333331346511841,8,1.8165318965911865,3,0.1977090686559677,0.40625,0.03125,8,1.2634291648864746,2,0.24658368527889252,0.375,0.125,0.5
6,6,5,5,0.38591599464416504,2,0.33333340287208557,0.3333333730697632,0.3333333134651184,5,1.4362471103668213,1,0.03125,0.03125,0.03125,5,1.4336719512939453,1,0.03125,0.03125,0.03125,0.5
6,6,8,8,0.5541388988494873,3,0.2500265836715698,0.41666674613952637,0.08333331346511841,8,0.9299731254577637,2,0.24985384941101074,0.375,0.125,8,1.6496598720550537,2,0.21871346235275269,0.25,0.1875,0.5
5,5,8,8,0.9119329452514648,5,0.19823865592479706,0.4666667580604553,0.0,8,4.961864948272705,7,0.27540573477745056,0.489013671875,0.010986328125,8,2.34716796875,3,0.1247616708278656,0.25,0.03125,0.5
4,4,3,3,0.9331419467926025,5,0.1992572844028473,0.4666667580604553,0.0,3,10.952988147735596,19,0.2587391436100006,0.49999189376831055,5.27501106262207e-06,3,2.3165411949157715,3,0.12533611059188843,0.25,0.03125,0.5
0,0,9,9,0.7185988426208496,4,0.2251807302236557,0.4500001072883606,0.04999995231628418,9,2.556002140045166,5,0.2509198784828186,0.4765625,0.0234375,9,2.9029109477996826,5,0.2501429319381714,0.375,0.125,0.5
7,7,4,4,1.2939200401306152,7,0.17288383841514587,0.48214298486709595,0.017857074737548828,4,2.7513747215270996,3,0.19041723012924194,0.30859375,0.07421875,4,2.201190948486328,3,0.18793845176696777,0.375,0.0,0.5
4,4,6,6,2.222257137298584,12,0.13020937144756317,0.4935898780822754,0.006410121917724609,5,14.11792802810669,24,0.20970577001571655,0.4999997615814209,7.212162017822266e-06,6,3.4627559185028076,4,0.12374421209096909,0.25,0.0234375,0.5
0,0,8,8,1.3020720481872559,7,0.171583890914917,0.48214298486709595,0.017857074737548828,8,0.9052419662475586,2,0.24882912635803223,0.375,0.125,8,1.4644601345062256,2,0.1869145631790161,0.25,0.125,0.5
1,1,8,8,0.5496401786804199,3,0.24975642561912537,0.41666674613952637,0.08333331346511841,8,4.808143138885498,6,0.2508935332298279,0.484619140625,0.007568359375,8,2.1890509128570557,3,0.12461800873279572,0.25,0.0625,0.5
3,3,8,8,0.5498020648956299,3,0.24771030247211456,0.41666674613952637,0.08333331346511841,8,0.9560651779174805,2,0.24762170016765594,0.375,0.125,8,0.893104076385498,2,0.12262170761823654,0.25,0.0,0.5
1,1,4,4,0.7261848449707031,4,0.22275859117507935,0.4500001072883606,0.04999995231628418,4,2.783100128173828,6,0.24977818131446838,0.4921875,0.0078125,4,1.6875481605529785,3,0.251136839389801,0.375,0.125,0.5
3,3,1,1,0.7396419048309326,4,0.2231033742427826,0.4500001072883606,0.04999995231628418,1,1.9324581623077393,3,0.2502001225948334,0.40625,0.09375,1,2.77052903175354,5,0.17411045730113983,0.4375,0.0625,0.5
4,4,0,0,0.5648391246795654,3,0.2534080147743225,0.41666674613952637,0.08333331346511841,0,1.262566328048706,2,0.250694215297699,0.375,0.125,0,1.6098639965057373,2,0.250694215297699,0.375,0.125,0.5
7,7,0,0,0.7295119762420654,4,0.22434431314468384,0.4500001072883606,0.04999995231628418,0,2.5598509311676025,4,0.2091120481491089,0.453125,0.015625,0,1.7063491344451904,3,0.24748384952545166,0.4375,0.0625,0.5
2,2,8,8,0.5696549415588379,3,0.24897916615009308,0.41666674613952637,0.08333331346511841,8,1.2654247283935547,1,0.0625,0.0625,0.0625,8,1.2899339199066162,1,0.0625,0.0625,0.0625,0.5
7,7,9,9,0.7319297790527344,4,0.22216267883777618,0.4500001072883606,0.04999995231628418,9,1.9897489547729492,4,0.2460605353116989,0.46875,0.03125,9,2.6659188270568848,3,0.18558257818222046,0.375,0.0,0.5
1,1,7,7,2.0800952911376953,11,0.14125622808933258,0.4924243688583374,0.007575690746307373,7,6.844694137573242,10,0.2249472737312317,0.4971961975097656,0.000362396240234375,7,1.5963058471679688,3,0.25065767765045166,0.375,0.125,0.5
2,2,0,0,0.5394749641418457,3,0.2482328861951828,0.41666674613952637,0.08333331346511841,0,1.618561029434204,3,0.24890385568141937,0.4375,0.0625,0,1.9632511138916016,3,0.24668167531490326,0.4375,0.0625,0.5
1,1,6,6,0.9052789211273193,5,0.1988546997308731,0.4666667580604553,0.0,8,15.752459049224854,24,0.22522582113742828,0.499999463558197,3.0994415283203125e-06,6,2.711169958114624,3,0.17421358823776245,0.25,0.1015625,0.5
1,1,6,6,3.448974847793579,18,0.11524423956871033,0.49707597494125366,0.0,0,14.913447141647339,24,0.2702275514602661,0.4999997615814209,3.2186508178710938e-06,6,2.854436159133911,4,0.2333677113056183,0.4375,0.03125,0.5
7,7,9,9,1.3485338687896729,7,0.19682027399539948,0.48214298486709595,0.017857074737548828,9,1.7224690914154053,3,0.24649649858474731,0.4375,0.0625,9,2.5677077770233154,3,0.1870947629213333,0.375,0.125,0.5
4,4,9,9,0.39223337173461914,2,0.33333340287208557,0.3333333730697632,0.3333333134651184,9,1.2519299983978271,1,0.0625,0.0625,0.0625,9,1.2442529201507568,1,0.0625,0.0625,0.0625,0.5
2,2,7,7,1.2463231086730957,7,0.19069352746009827,0.48214298486709595,0.017857074737548828,7,6.662618160247803,14,0.2653588652610779,0.499969482421875,3.0517578125e-05,7,3.793850898742676,4,0.24988320469856262,0.439453125,0.060546875,0.5
3,3,9,9,0.9039828777313232,5,0.1962297260761261,0.4666667580604553,0.0,9,3.9237570762634277,7,0.21255142986774445,0.494140625,0.001953125,9,2.158431053161621,3,0.12467406690120697,0.25,0.0,0.5
5,5,8,8,0.539344072341919,3,0.24887508153915405,0.41666674613952637,0.08333331346511841,8,0.9079618453979492,2,0.2491513192653656,0.375,0.125,8,0.8996560573577881,2,0.2491513192653656,0.375,0.125,0.5
1,1,3,3,3.0398640632629395,17,0.1440688967704773,0.49673211574554443,0.0,3,2.6662609577178955,3,0.19110023975372314,0.30859375,0.07421875,3,2.2957990169525146,3,0.18707150220870972,0.3125,0.0625,0.5
2,2,9,9,0.5486736297607422,3,0.24603618681430817,0.41666674613952637,0.08333331346511841,9,0.9020371437072754,2,0.2481299191713333,0.375,0.125,9,1.2710869312286377,2,0.12312991917133331,0.25,0.0,0.5
4,4,0,0,0.9201488494873047,5,0.20881785452365875,0.4666667580604553,0.0,0,1.9796342849731445,5,0.24039484560489655,0.484375,0.015625,0,3.7701048851013184,4,0.21753184497356415,0.30859375,0.12890625,0.5
4,4,7,7,0.5483429431915283,3,0.24827495217323303,0.41666674613952637,0.08333331346511841,7,0.8879430294036865,2,0.24753035604953766,0.375,0.125,7,1.6038799285888672,2,0.21813258528709412,0.25,0.1875,0.5
